,Year,Race,Driver,Team,QualiPosition,GridPosition,TargetFinish,Points
0,2022,Bahrain_Grand_Prix,VER,Red Bull Racing,2.0,2.0,19,0.0
1,2022,Bahrain_Grand_Prix,GAS,AlphaTauri,10.0,10.0,R,0.0
2,2022,Bahrain_Grand_Prix,PER,Red Bull Racing,4.0,4.0,18,0.0
3,2022,Bahrain_Grand_Prix,ALO,Alpine,8.0,8.0,9,2.0
4,2022,Bahrain_Grand_Prix,LEC,Ferrari,1.0,1.0,1,26.0
5,2022,Bahrain_Grand_Prix,STR,Aston Martin,19.0,19.0,12,0.0
6,2022,Bahrain_Grand_Prix,MAG,Haas F1 Team,7.0,7.0,5,10.0
7,2022,Bahrain_Grand_Prix,TSU,AlphaTauri,16.0,16.0,8,4.0
8,2022,Bahrain_Grand_Prix,ALB,Williams,14.0,14.0,13,0.0
9,2022,Bahrain_Grand_Prix,ZHO,Alfa Romeo,15.0,15.0,10,1.0
10,2022,Bahrain_Grand_Prix,RIC,McLaren,18.0,18.0,14,0.0
11,2022,Bahrain_Grand_Prix,OCO,Alpine,11.0,11.0,7,6.0
12,2022,Bahrain_Grand_Prix,NOR,McLaren,13.0,13.0,15,0.0
13,2022,Bahrain_Grand_Prix,HAM,Mercedes,5.0,5.0,3,15.0
14,2022,Bahrain_Grand_Prix,MSC,Haas F1 Team,12.0,12.0,11,0.0
15,2022,Bahrain_Grand_Prix,VET,,,,,
16,2022,Bahrain_Grand_Prix,SAI,Ferrari,3.0,3.0,2,18.0
17,2022,Bahrain_Grand_Prix,LAT,Williams,20.0,20.0,16,0.0
18,2022,Bahrain_Grand_Prix,RUS,Mercedes,9.0,9.0,4,12.0
19,2022,Bahrain_Grand_Prix,BOT,Alfa Romeo,6.0,6.0,6,8.0
20,2022,Saudi_Arabian_Grand_Prix,VER,Red Bull Racing,4.0,4.0,1,25.0
21,2022,Saudi_Arabian_Grand_Prix,GAS,AlphaTauri,9.0,9.0,8,4.0
22,2022,Saudi_Arabian_Grand_Prix,PER,Red Bull Racing,1.0,1.0,4,12.0
23,2022,Saudi_Arabian_Grand_Prix,ALO,Alpine,7.0,7.0,R,0.0
24,2022,Saudi_Arabian_Grand_Prix,LEC,Ferrari,2.0,2.0,2,19.0
25,2022,Saudi_Arabian_Grand_Prix,STR,Aston Martin,15.0,13.0,13,0.0
26,2022,Saudi_Arabian_Grand_Prix,MAG,Haas F1 Team,10.0,10.0,9,2.0
27,2022,Saudi_Arabian_Grand_Prix,TSU,AlphaTauri,20.0,19.0,R,0.0
28,2022,Saudi_Arabian_Grand_Prix,ALB,Williams,17.0,16.0,14,0.0
29,2022,Saudi_Arabian_Grand_Prix,ZHO,Alfa Romeo,13.0,12.0,11,0.0
30,2022,Saudi_Arabian_Grand_Prix,RIC,McLaren,12.0,14.0,R,0.0
31,2022,Saudi_Arabian_Grand_Prix,OCO,Alpine,5.0,5.0,6,8.0
32,2022,Saudi_Arabian_Grand_Prix,NOR,McLaren,11.0,11.0,7,6.0
33,2022,Saudi_Arabian_Grand_Prix,HAM,Mercedes,16.0,15.0,10,1.0
34,2022,Saudi_Arabian_Grand_Prix,MSC,Haas F1 Team,14.0,,W,0.0
35,2022,Saudi_Arabian_Grand_Prix,VET,,,,,
36,2022,Saudi_Arabian_Grand_Prix,SAI,Ferrari,3.0,3.0,3,15.0
37,2022,Saudi_Arabian_Grand_Prix,LAT,Williams,19.0,18.0,R,0.0
38,2022,Saudi_Arabian_Grand_Prix,RUS,Mercedes,6.0,6.0,5,10.0
39,2022,Saudi_Arabian_Grand_Prix,BOT,Alfa Romeo,8.0,8.0,R,0.0
40,2022,Australian_Grand_Prix,VER,Red Bull Racing,2.0,2.0,R,0.0
41,2022,Australian_Grand_Prix,GAS,AlphaTauri,11.0,11.0,9,2.0
42,2022,Australian_Grand_Prix,PER,Red Bull Racing,3.0,3.0,2,18.0
43,2022,Australian_Grand_Prix,ALO,Alpine,10.0,10.0,17,0.0
44,2022,Australian_Grand_Prix,LEC,Ferrari,1.0,1.0,1,26.0
45,2022,Australian_Grand_Prix,STR,Aston Martin,20.0,19.0,12,0.0
46,2022,Australian_Grand_Prix,MAG,Haas F1 Team,17.0,16.0,14,0.0
47,2022,Australian_Grand_Prix,TSU,AlphaTauri,13.0,13.0,15,0.0
48,2022,Australian_Grand_Prix,ALB,Williams,16.0,20.0,10,1.0
49,2022,Australian_Grand_Prix,ZHO,Alfa Romeo,14.0,14.0,11,0.0
50,2022,Australian_Grand_Prix,RIC,McLaren,7.0,7.0,6,8.0
51,2022,Australian_Grand_Prix,OCO,Alpine,8.0,8.0,7,6.0
52,2022,Australian_Grand_Prix,NOR,McLaren,4.0,4.0,5,10.0
53,2022,Australian_Grand_Prix,HAM,Mercedes,5.0,5.0,4,12.0
54,2022,Australian_Grand_Prix,MSC,Haas F1 Team,15.0,15.0,13,0.0
55,2022,Australian_Grand_Prix,VET,Aston Martin,18.0,17.0,R,0.0
56,2022,Australian_Grand_Prix,SAI,Ferrari,9.0,9.0,R,0.0
57,2022,Australian_Grand_Prix,LAT,Williams,19.0,18.0,16,0.0
58,2022,Australian_Grand_Prix,RUS,Mercedes,6.0,6.0,3,15.0
59,2022,Australian_Grand_Prix,BOT,Alfa Romeo,12.0,12.0,8,4.0
60,2022,Emilia_Romagna_Grand_Prix,VER,Red Bull Racing,1.0,1.0,1,26.0
61,2022,Emilia_Romagna_Grand_Prix,GAS,AlphaTauri,17.0,17.0,12,0.0
62,2022,Emilia_Romagna_Grand_Prix,PER,Red Bull Racing,7.0,3.0,2,18.0
63,2022,Emilia_Romagna_Grand_Prix,ALO,Alpine,5.0,9.0,R,0.0
64,2022,Emilia_Romagna_Grand_Prix,LEC,Ferrari,2.0,2.0,6,8.0
65,2022,Emilia_Romagna_Grand_Prix,STR,Aston Martin,15.0,15.0,10,1.0
66,2022,Emilia_Romagna_Grand_Prix,MAG,Haas F1 Team,4.0,8.0,9,2.0
67,2022,Emilia_Romagna_Grand_Prix,TSU,AlphaTauri,16.0,12.0,7,6.0
68,2022,Emilia_Romagna_Grand_Prix,ALB,Williams,20.0,18.0,11,0.0
69,2022,Emilia_Romagna_Grand_Prix,ZHO,Alfa Romeo,14.0,0.0,15,0.0
70,2022,Emilia_Romagna_Grand_Prix,RIC,McLaren,6.0,6.0,18,0.0
71,2022,Emilia_Romagna_Grand_Prix,OCO,Alpine,19.0,16.0,14,0.0
72,2022,Emilia_Romagna_Grand_Prix,NOR,McLaren,3.0,5.0,3,15.0
73,2022,Emilia_Romagna_Grand_Prix,HAM,Mercedes,13.0,14.0,13,0.0
74,2022,Emilia_Romagna_Grand_Prix,MSC,Haas F1 Team,12.0,10.0,17,0.0
75,2022,Emilia_Romagna_Grand_Prix,VET,Aston Martin,9.0,13.0,8,4.0
76,2022,Emilia_Romagna_Grand_Prix,SAI,Ferrari,10.0,4.0,R,0.0
77,2022,Emilia_Romagna_Grand_Prix,LAT,Williams,18.0,19.0,16,0.0
78,2022,Emilia_Romagna_Grand_Prix,RUS,Mercedes,11.0,11.0,4,12.0
79,2022,Emilia_Romagna_Grand_Prix,BOT,Alfa Romeo,8.0,7.0,5,10.0
80,2022,Miami_Grand_Prix,VER,Red Bull Racing,3.0,3.0,1,26.0
81,2022,Miami_Grand_Prix,GAS,AlphaTauri,7.0,7.0,R,0.0
82,2022,Miami_Grand_Prix,PER,Red Bull Racing,4.0,4.0,4,12.0
83,2022,Miami_Grand_Prix,ALO,Alpine,11.0,11.0,11,0.0
84,2022,Miami_Grand_Prix,LEC,Ferrari,1.0,1.0,2,18.0
85,2022,Miami_Grand_Prix,STR,Aston Martin,10.0,0.0,10,1.0
86,2022,Miami_Grand_Prix,MAG,Haas F1 Team,16.0,16.0,16,0.0
87,2022,Miami_Grand_Prix,TSU,AlphaTauri,9.0,9.0,12,0.0
88,2022,Miami_Grand_Prix,ALB,Williams,18.0,18.0,9,2.0
89,2022,Miami_Grand_Prix,ZHO,Alfa Romeo,17.0,17.0,R,0.0
90,2022,Miami_Grand_Prix,RIC,McLaren,14.0,14.0,13,0.0
91,2022,Miami_Grand_Prix,OCO,Alpine,20.0,20.0,8,4.0
92,2022,Miami_Grand_Prix,NOR,McLaren,8.0,8.0,R,0.0
93,2022,Miami_Grand_Prix,HAM,Mercedes,6.0,6.0,6,8.0
94,2022,Miami_Grand_Prix,MSC,Haas F1 Team,15.0,15.0,15,0.0
95,2022,Miami_Grand_Prix,VET,Aston Martin,13.0,0.0,17,0.0
96,2022,Miami_Grand_Prix,SAI,Ferrari,2.0,2.0,3,15.0
97,2022,Miami_Grand_Prix,LAT,Williams,19.0,19.0,14,0.0
98,2022,Miami_Grand_Prix,RUS,Mercedes,12.0,12.0,5,10.0
99,2022,Miami_Grand_Prix,BOT,Alfa Romeo,5.0,5.0,7,6.0
100,2022,Spanish_Grand_Prix,VER,Red Bull Racing,2.0,2.0,1,25.0
101,2022,Spanish_Grand_Prix,GAS,AlphaTauri,14.0,14.0,13,0.0
102,2022,Spanish_Grand_Prix,PER,Red Bull Racing,5.0,5.0,2,19.0
103,2022,Spanish_Grand_Prix,ALO,Alpine,17.0,20.0,9,2.0
104,2022,Spanish_Grand_Prix,LEC,Ferrari,1.0,1.0,R,0.0
105,2022,Spanish_Grand_Prix,STR,Aston Martin,18.0,17.0,15,0.0
106,2022,Spanish_Grand_Prix,MAG,Haas F1 Team,8.0,8.0,17,0.0
107,2022,Spanish_Grand_Prix,TSU,AlphaTauri,13.0,13.0,10,1.0
108,2022,Spanish_Grand_Prix,ALB,Williams,19.0,18.0,18,0.0
109,2022,Spanish_Grand_Prix,ZHO,Alfa Romeo,15.0,15.0,R,0.0
110,2022,Spanish_Grand_Prix,RIC,McLaren,9.0,9.0,12,0.0
111,2022,Spanish_Grand_Prix,OCO,Alpine,12.0,12.0,7,6.0
112,2022,Spanish_Grand_Prix,NOR,McLaren,11.0,11.0,8,4.0
113,2022,Spanish_Grand_Prix,HAM,Mercedes,6.0,6.0,5,10.0
114,2022,Spanish_Grand_Prix,MSC,Haas F1 Team,10.0,10.0,14,0.0
115,2022,Spanish_Grand_Prix,VET,Aston Martin,16.0,16.0,11,0.0
116,2022,Spanish_Grand_Prix,SAI,Ferrari,3.0,3.0,4,12.0
117,2022,Spanish_Grand_Prix,LAT,Williams,20.0,19.0,16,0.0
118,2022,Spanish_Grand_Prix,RUS,Mercedes,4.0,4.0,3,15.0
119,2022,Spanish_Grand_Prix,BOT,Alfa Romeo,7.0,7.0,6,8.0
120,2022,Monaco_Grand_Prix,VER,Red Bull Racing,4.0,4.0,3,15.0
121,2022,Monaco_Grand_Prix,GAS,AlphaTauri,17.0,17.0,11,0.0
122,2022,Monaco_Grand_Prix,PER,Red Bull Racing,3.0,3.0,1,25.0
123,2022,Monaco_Grand_Prix,ALO,Alpine,7.0,7.0,7,6.0
124,2022,Monaco_Grand_Prix,LEC,Ferrari,1.0,1.0,4,12.0
125,2022,Monaco_Grand_Prix,STR,Aston Martin,18.0,18.0,14,0.0
126,2022,Monaco_Grand_Prix,MAG,Haas F1 Team,13.0,13.0,R,0.0
127,2022,Monaco_Grand_Prix,TSU,AlphaTauri,11.0,11.0,17,0.0
128,2022,Monaco_Grand_Prix,ALB,Williams,16.0,16.0,R,0.0
129,2022,Monaco_Grand_Prix,ZHO,Alfa Romeo,20.0,20.0,16,0.0
130,2022,Monaco_Grand_Prix,RIC,McLaren,14.0,14.0,13,0.0
131,2022,Monaco_Grand_Prix,OCO,Alpine,10.0,10.0,12,0.0
132,2022,Monaco_Grand_Prix,NOR,McLaren,5.0,5.0,6,9.0
133,2022,Monaco_Grand_Prix,HAM,Mercedes,8.0,8.0,8,4.0
134,2022,Monaco_Grand_Prix,MSC,Haas F1 Team,15.0,15.0,R,0.0
135,2022,Monaco_Grand_Prix,VET,Aston Martin,9.0,9.0,10,1.0
136,2022,Monaco_Grand_Prix,SAI,Ferrari,2.0,2.0,2,18.0
137,2022,Monaco_Grand_Prix,LAT,Williams,19.0,19.0,15,0.0
138,2022,Monaco_Grand_Prix,RUS,Mercedes,6.0,6.0,5,10.0
139,2022,Monaco_Grand_Prix,BOT,Alfa Romeo,12.0,12.0,9,2.0
140,2022,Azerbaijan_Grand_Prix,VER,Red Bull Racing,3.0,3.0,1,25.0
141,2022,Azerbaijan_Grand_Prix,GAS,AlphaTauri,6.0,6.0,5,10.0
142,2022,Azerbaijan_Grand_Prix,PER,Red Bull Racing,2.0,2.0,2,19.0
143,2022,Azerbaijan_Grand_Prix,ALO,Alpine,10.0,10.0,7,6.0
144,2022,Azerbaijan_Grand_Prix,LEC,Ferrari,1.0,1.0,R,0.0
145,2022,Azerbaijan_Grand_Prix,STR,Aston Martin,19.0,19.0,16,0.0
146,2022,Azerbaijan_Grand_Prix,MAG,Haas F1 Team,16.0,16.0,R,0.0
147,2022,Azerbaijan_Grand_Prix,TSU,AlphaTauri,8.0,8.0,13,0.0
148,2022,Azerbaijan_Grand_Prix,ALB,Williams,17.0,17.0,12,0.0
149,2022,Azerbaijan_Grand_Prix,ZHO,Alfa Romeo,14.0,14.0,R,0.0
150,2022,Azerbaijan_Grand_Prix,RIC,McLaren,12.0,12.0,8,4.0
151,2022,Azerbaijan_Grand_Prix,OCO,Alpine,13.0,13.0,10,1.0
152,2022,Azerbaijan_Grand_Prix,NOR,McLaren,11.0,11.0,9,2.0
153,2022,Azerbaijan_Grand_Prix,HAM,Mercedes,7.0,7.0,4,12.0
154,2022,Azerbaijan_Grand_Prix,MSC,Haas F1 Team,20.0,20.0,14,0.0
155,2022,Azerbaijan_Grand_Prix,VET,Aston Martin,9.0,9.0,6,8.0
156,2022,Azerbaijan_Grand_Prix,SAI,Ferrari,4.0,4.0,R,0.0
157,2022,Azerbaijan_Grand_Prix,LAT,Williams,18.0,18.0,15,0.0
158,2022,Azerbaijan_Grand_Prix,RUS,Mercedes,5.0,5.0,3,15.0
159,2022,Azerbaijan_Grand_Prix,BOT,Alfa Romeo,15.0,15.0,11,0.0
160,2022,Canadian_Grand_Prix,VER,Red Bull Racing,1.0,1.0,1,25.0
161,2022,Canadian_Grand_Prix,GAS,AlphaTauri,16.0,15.0,14,0.0
162,2022,Canadian_Grand_Prix,PER,Red Bull Racing,13.0,13.0,R,0.0
163,2022,Canadian_Grand_Prix,ALO,Alpine,2.0,2.0,9,2.0
164,2022,Canadian_Grand_Prix,LEC,Ferrari,15.0,19.0,5,10.0
165,2022,Canadian_Grand_Prix,STR,Aston Martin,18.0,17.0,10,1.0
166,2022,Canadian_Grand_Prix,MAG,Haas F1 Team,5.0,5.0,17,0.0
167,2022,Canadian_Grand_Prix,TSU,AlphaTauri,20.0,20.0,R,0.0
168,2022,Canadian_Grand_Prix,ALB,Williams,12.0,12.0,13,0.0
169,2022,Canadian_Grand_Prix,ZHO,Alfa Romeo,10.0,10.0,8,4.0
170,2022,Canadian_Grand_Prix,RIC,McLaren,9.0,9.0,11,0.0
171,2022,Canadian_Grand_Prix,OCO,Alpine,7.0,7.0,6,8.0
172,2022,Canadian_Grand_Prix,NOR,McLaren,14.0,14.0,15,0.0
173,2022,Canadian_Grand_Prix,HAM,Mercedes,4.0,4.0,3,15.0
174,2022,Canadian_Grand_Prix,MSC,Haas F1 Team,6.0,6.0,R,0.0
175,2022,Canadian_Grand_Prix,VET,Aston Martin,17.0,16.0,12,0.0
176,2022,Canadian_Grand_Prix,SAI,Ferrari,3.0,3.0,2,19.0
177,2022,Canadian_Grand_Prix,LAT,Williams,19.0,18.0,16,0.0
178,2022,Canadian_Grand_Prix,RUS,Mercedes,8.0,8.0,4,12.0
179,2022,Canadian_Grand_Prix,BOT,Alfa Romeo,11.0,11.0,7,6.0
180,2022,British_Grand_Prix,VER,Red Bull Racing,2.0,2.0,7,6.0
181,2022,British_Grand_Prix,GAS,AlphaTauri,11.0,11.0,R,0.0
182,2022,British_Grand_Prix,PER,Red Bull Racing,4.0,4.0,2,18.0
183,2022,British_Grand_Prix,ALO,Alpine,7.0,7.0,5,10.0
184,2022,British_Grand_Prix,LEC,Ferrari,3.0,3.0,4,12.0
185,2022,British_Grand_Prix,STR,Aston Martin,20.0,20.0,11,0.0
186,2022,British_Grand_Prix,MAG,Haas F1 Team,17.0,17.0,10,1.0
187,2022,British_Grand_Prix,TSU,AlphaTauri,13.0,13.0,14,0.0
188,2022,British_Grand_Prix,ALB,Williams,16.0,16.0,R,0.0
189,2022,British_Grand_Prix,ZHO,Alfa Romeo,9.0,9.0,R,0.0
190,2022,British_Grand_Prix,RIC,McLaren,14.0,14.0,13,0.0
191,2022,British_Grand_Prix,OCO,Alpine,15.0,15.0,R,0.0
192,2022,British_Grand_Prix,NOR,McLaren,6.0,6.0,6,8.0
193,2022,British_Grand_Prix,HAM,Mercedes,5.0,5.0,3,16.0
194,2022,British_Grand_Prix,MSC,Haas F1 Team,19.0,19.0,8,4.0
195,2022,British_Grand_Prix,VET,Aston Martin,18.0,18.0,9,2.0
196,2022,British_Grand_Prix,SAI,Ferrari,1.0,1.0,1,25.0
197,2022,British_Grand_Prix,LAT,Williams,10.0,10.0,12,0.0
198,2022,British_Grand_Prix,RUS,Mercedes,8.0,8.0,R,0.0
199,2022,British_Grand_Prix,BOT,Alfa Romeo,12.0,12.0,R,0.0
200,2022,Austrian_Grand_Prix,VER,Red Bull Racing,1.0,1.0,2,19.0
201,2022,Austrian_Grand_Prix,GAS,AlphaTauri,10.0,14.0,15,0.0
202,2022,Austrian_Grand_Prix,PER,Red Bull Racing,13.0,5.0,R,0.0
203,2022,Austrian_Grand_Prix,ALO,Alpine,8.0,19.0,10,1.0
204,2022,Austrian_Grand_Prix,LEC,Ferrari,2.0,2.0,1,25.0
205,2022,Austrian_Grand_Prix,STR,Aston Martin,17.0,12.0,13,0.0
206,2022,Austrian_Grand_Prix,MAG,Haas F1 Team,6.0,7.0,8,4.0
207,2022,Austrian_Grand_Prix,TSU,AlphaTauri,14.0,16.0,16,0.0
208,2022,Austrian_Grand_Prix,ALB,Williams,11.0,15.0,12,0.0
209,2022,Austrian_Grand_Prix,ZHO,Alfa Romeo,18.0,13.0,14,0.0
210,2022,Austrian_Grand_Prix,RIC,McLaren,16.0,11.0,9,2.0
211,2022,Austrian_Grand_Prix,OCO,Alpine,5.0,6.0,5,10.0
212,2022,Austrian_Grand_Prix,NOR,McLaren,15.0,10.0,7,6.0
213,2022,Austrian_Grand_Prix,HAM,Mercedes,9.0,8.0,3,15.0
214,2022,Austrian_Grand_Prix,MSC,Haas F1 Team,7.0,9.0,6,8.0
215,2022,Austrian_Grand_Prix,VET,Aston Martin,20.0,18.0,17,0.0
216,2022,Austrian_Grand_Prix,SAI,Ferrari,3.0,3.0,R,0.0
217,2022,Austrian_Grand_Prix,LAT,Williams,19.0,17.0,R,0.0
218,2022,Austrian_Grand_Prix,RUS,Mercedes,4.0,4.0,4,12.0
219,2022,Austrian_Grand_Prix,BOT,Alfa Romeo,12.0,0.0,11,0.0
220,2022,French_Grand_Prix,VER,Red Bull Racing,2.0,2.0,1,25.0
221,2022,French_Grand_Prix,GAS,AlphaTauri,16.0,14.0,12,0.0
222,2022,French_Grand_Prix,PER,Red Bull Racing,3.0,3.0,4,12.0
223,2022,French_Grand_Prix,ALO,Alpine,7.0,7.0,6,8.0
224,2022,French_Grand_Prix,LEC,Ferrari,1.0,1.0,R,0.0
225,2022,French_Grand_Prix,STR,Aston Martin,17.0,15.0,10,1.0
226,2022,French_Grand_Prix,MAG,Haas F1 Team,10.0,20.0,R,0.0
227,2022,French_Grand_Prix,TSU,AlphaTauri,8.0,8.0,R,0.0
228,2022,French_Grand_Prix,ALB,Williams,15.0,13.0,13,0.0
229,2022,French_Grand_Prix,ZHO,Alfa Romeo,18.0,16.0,16,0.0
230,2022,French_Grand_Prix,RIC,McLaren,11.0,9.0,9,2.0
231,2022,French_Grand_Prix,OCO,Alpine,12.0,10.0,8,4.0
232,2022,French_Grand_Prix,NOR,McLaren,5.0,5.0,7,6.0
233,2022,French_Grand_Prix,HAM,Mercedes,4.0,4.0,2,18.0
234,2022,French_Grand_Prix,MSC,Haas F1 Team,19.0,17.0,15,0.0
235,2022,French_Grand_Prix,VET,Aston Martin,14.0,12.0,11,0.0
236,2022,French_Grand_Prix,SAI,Ferrari,9.0,19.0,5,11.0
237,2022,French_Grand_Prix,LAT,Williams,20.0,18.0,R,0.0
238,2022,French_Grand_Prix,RUS,Mercedes,6.0,6.0,3,15.0
239,2022,French_Grand_Prix,BOT,Alfa Romeo,13.0,11.0,14,0.0
240,2022,Hungarian_Grand_Prix,VER,Red Bull Racing,10.0,10.0,1,25.0
241,2022,Hungarian_Grand_Prix,GAS,AlphaTauri,19.0,0.0,12,0.0
242,2022,Hungarian_Grand_Prix,PER,Red Bull Racing,11.0,11.0,5,10.0
243,2022,Hungarian_Grand_Prix,ALO,Alpine,6.0,6.0,8,4.0
244,2022,Hungarian_Grand_Prix,LEC,Ferrari,3.0,3.0,6,8.0
245,2022,Hungarian_Grand_Prix,STR,Aston Martin,14.0,14.0,11,0.0
246,2022,Hungarian_Grand_Prix,MAG,Haas F1 Team,13.0,13.0,16,0.0
247,2022,Hungarian_Grand_Prix,TSU,AlphaTauri,16.0,16.0,19,0.0
248,2022,Hungarian_Grand_Prix,ALB,Williams,17.0,17.0,17,0.0
249,2022,Hungarian_Grand_Prix,ZHO,Alfa Romeo,12.0,12.0,13,0.0
250,2022,Hungarian_Grand_Prix,RIC,McLaren,9.0,9.0,15,0.0
251,2022,Hungarian_Grand_Prix,OCO,Alpine,5.0,5.0,9,2.0
252,2022,Hungarian_Grand_Prix,NOR,McLaren,4.0,4.0,7,6.0
253,2022,Hungarian_Grand_Prix,HAM,Mercedes,7.0,7.0,2,19.0
254,2022,Hungarian_Grand_Prix,MSC,Haas F1 Team,15.0,15.0,14,0.0
255,2022,Hungarian_Grand_Prix,VET,Aston Martin,18.0,18.0,10,1.0
256,2022,Hungarian_Grand_Prix,SAI,Ferrari,2.0,2.0,4,12.0
257,2022,Hungarian_Grand_Prix,LAT,Williams,20.0,19.0,18,0.0
258,2022,Hungarian_Grand_Prix,RUS,Mercedes,1.0,1.0,3,15.0
259,2022,Hungarian_Grand_Prix,BOT,Alfa Romeo,8.0,8.0,20,0.0
260,2022,Belgian_Grand_Prix,VER,Red Bull Racing,1.0,14.0,1,26.0
261,2022,Belgian_Grand_Prix,GAS,AlphaTauri,12.0,0.0,9,2.0
262,2022,Belgian_Grand_Prix,PER,Red Bull Racing,3.0,2.0,2,18.0
263,2022,Belgian_Grand_Prix,ALO,Alpine,6.0,3.0,5,10.0
264,2022,Belgian_Grand_Prix,LEC,Ferrari,4.0,15.0,6,8.0
265,2022,Belgian_Grand_Prix,STR,Aston Martin,14.0,9.0,11,0.0
266,2022,Belgian_Grand_Prix,MAG,Haas F1 Team,18.0,12.0,16,0.0
267,2022,Belgian_Grand_Prix,TSU,AlphaTauri,19.0,0.0,13,0.0
268,2022,Belgian_Grand_Prix,ALB,Williams,9.0,6.0,10,1.0
269,2022,Belgian_Grand_Prix,ZHO,Alfa Romeo,13.0,18.0,14,0.0
270,2022,Belgian_Grand_Prix,RIC,McLaren,11.0,7.0,15,0.0
271,2022,Belgian_Grand_Prix,OCO,Alpine,5.0,16.0,7,6.0
272,2022,Belgian_Grand_Prix,NOR,McLaren,10.0,17.0,12,0.0
273,2022,Belgian_Grand_Prix,HAM,Mercedes,7.0,4.0,R,0.0
274,2022,Belgian_Grand_Prix,MSC,Haas F1 Team,15.0,19.0,17,0.0
275,2022,Belgian_Grand_Prix,VET,Aston Martin,16.0,10.0,8,4.0
276,2022,Belgian_Grand_Prix,SAI,Ferrari,2.0,1.0,3,15.0
277,2022,Belgian_Grand_Prix,LAT,Williams,17.0,11.0,18,0.0
278,2022,Belgian_Grand_Prix,RUS,Mercedes,8.0,5.0,4,12.0
279,2022,Belgian_Grand_Prix,BOT,Alfa Romeo,20.0,13.0,R,0.0
280,2022,Dutch_Grand_Prix,VER,Red Bull Racing,1.0,1.0,1,26.0
281,2022,Dutch_Grand_Prix,GAS,AlphaTauri,11.0,11.0,11,0.0
282,2022,Dutch_Grand_Prix,PER,Red Bull Racing,5.0,5.0,5,10.0
283,2022,Dutch_Grand_Prix,ALO,Alpine,13.0,13.0,6,8.0
284,2022,Dutch_Grand_Prix,LEC,Ferrari,2.0,2.0,3,15.0
285,2022,Dutch_Grand_Prix,STR,Aston Martin,10.0,10.0,10,1.0
286,2022,Dutch_Grand_Prix,MAG,Haas F1 Team,18.0,18.0,15,0.0
287,2022,Dutch_Grand_Prix,TSU,AlphaTauri,9.0,9.0,R,0.0
288,2022,Dutch_Grand_Prix,ALB,Williams,15.0,15.0,12,0.0
289,2022,Dutch_Grand_Prix,ZHO,Alfa Romeo,14.0,14.0,16,0.0
290,2022,Dutch_Grand_Prix,RIC,McLaren,17.0,17.0,17,0.0
291,2022,Dutch_Grand_Prix,OCO,Alpine,12.0,12.0,9,2.0
292,2022,Dutch_Grand_Prix,NOR,McLaren,7.0,7.0,7,6.0
293,2022,Dutch_Grand_Prix,HAM,Mercedes,4.0,4.0,4,12.0
294,2022,Dutch_Grand_Prix,MSC,Haas F1 Team,8.0,8.0,13,0.0
295,2022,Dutch_Grand_Prix,VET,Aston Martin,19.0,19.0,14,0.0
296,2022,Dutch_Grand_Prix,SAI,Ferrari,3.0,3.0,8,4.0
297,2022,Dutch_Grand_Prix,LAT,Williams,20.0,20.0,18,0.0
298,2022,Dutch_Grand_Prix,RUS,Mercedes,6.0,6.0,2,18.0
299,2022,Dutch_Grand_Prix,BOT,Alfa Romeo,16.0,16.0,R,0.0
300,2022,Italian_Grand_Prix,VER,Red Bull Racing,2.0,7.0,1,25.0
301,2022,Italian_Grand_Prix,GAS,AlphaTauri,9.0,5.0,8,4.0
302,2022,Italian_Grand_Prix,PER,Red Bull Racing,4.0,13.0,6,9.0
303,2022,Italian_Grand_Prix,ALO,Alpine,10.0,6.0,R,0.0
304,2022,Italian_Grand_Prix,LEC,Ferrari,1.0,1.0,2,18.0
305,2022,Italian_Grand_Prix,STR,Aston Martin,18.0,12.0,R,0.0
306,2022,Italian_Grand_Prix,MAG,Haas F1 Team,19.0,16.0,16,0.0
307,2022,Italian_Grand_Prix,TSU,AlphaTauri,15.0,20.0,14,0.0
308,2022,Italian_Grand_Prix,ALB,,,,,
309,2022,Italian_Grand_Prix,ZHO,Alfa Romeo,14.0,9.0,10,1.0
310,2022,Italian_Grand_Prix,RIC,McLaren,8.0,4.0,R,0.0
311,2022,Italian_Grand_Prix,OCO,Alpine,11.0,14.0,11,0.0
312,2022,Italian_Grand_Prix,NOR,McLaren,7.0,3.0,7,6.0
313,2022,Italian_Grand_Prix,HAM,Mercedes,5.0,19.0,5,10.0
314,2022,Italian_Grand_Prix,MSC,Haas F1 Team,20.0,17.0,12,0.0
315,2022,Italian_Grand_Prix,VET,Aston Martin,17.0,11.0,R,0.0
316,2022,Italian_Grand_Prix,SAI,Ferrari,3.0,18.0,4,12.0
317,2022,Italian_Grand_Prix,LAT,Williams,16.0,10.0,15,0.0
318,2022,Italian_Grand_Prix,RUS,Mercedes,6.0,2.0,3,15.0
319,2022,Italian_Grand_Prix,BOT,Alfa Romeo,12.0,15.0,13,0.0
320,2022,Singapore_Grand_Prix,VER,Red Bull Racing,8.0,8.0,7,6.0
321,2022,Singapore_Grand_Prix,GAS,AlphaTauri,7.0,7.0,10,1.0
322,2022,Singapore_Grand_Prix,PER,Red Bull Racing,2.0,2.0,1,25.0
323,2022,Singapore_Grand_Prix,ALO,Alpine,5.0,5.0,R,0.0
324,2022,Singapore_Grand_Prix,LEC,Ferrari,1.0,1.0,2,18.0
325,2022,Singapore_Grand_Prix,STR,Aston Martin,12.0,11.0,6,8.0
326,2022,Singapore_Grand_Prix,MAG,Haas F1 Team,9.0,9.0,12,0.0
327,2022,Singapore_Grand_Prix,TSU,AlphaTauri,10.0,10.0,R,0.0
328,2022,Singapore_Grand_Prix,ALB,Williams,19.0,18.0,R,0.0
329,2022,Singapore_Grand_Prix,ZHO,Alfa Romeo,15.0,14.0,R,0.0
330,2022,Singapore_Grand_Prix,RIC,McLaren,17.0,16.0,5,10.0
331,2022,Singapore_Grand_Prix,OCO,Alpine,18.0,17.0,R,0.0
332,2022,Singapore_Grand_Prix,NOR,McLaren,6.0,6.0,4,12.0
333,2022,Singapore_Grand_Prix,HAM,Mercedes,3.0,3.0,9,2.0
334,2022,Singapore_Grand_Prix,MSC,Haas F1 Team,13.0,12.0,13,0.0
335,2022,Singapore_Grand_Prix,VET,Aston Martin,14.0,13.0,8,4.0
336,2022,Singapore_Grand_Prix,SAI,Ferrari,4.0,4.0,3,15.0
337,2022,Singapore_Grand_Prix,LAT,Williams,20.0,19.0,R,0.0
338,2022,Singapore_Grand_Prix,RUS,Mercedes,11.0,0.0,14,0.0
339,2022,Singapore_Grand_Prix,BOT,Alfa Romeo,16.0,15.0,11,0.0
340,2022,Japanese_Grand_Prix,VER,Red Bull Racing,1.0,1.0,1,25.0
341,2022,Japanese_Grand_Prix,GAS,AlphaTauri,17.0,17.0,18,0.0
342,2022,Japanese_Grand_Prix,PER,Red Bull Racing,4.0,4.0,2,18.0
343,2022,Japanese_Grand_Prix,ALO,Alpine,7.0,7.0,7,6.0
344,2022,Japanese_Grand_Prix,LEC,Ferrari,2.0,2.0,3,15.0
345,2022,Japanese_Grand_Prix,STR,Aston Martin,19.0,19.0,12,0.0
346,2022,Japanese_Grand_Prix,MAG,Haas F1 Team,18.0,18.0,14,0.0
347,2022,Japanese_Grand_Prix,TSU,AlphaTauri,13.0,13.0,13,0.0
348,2022,Japanese_Grand_Prix,ALB,Williams,16.0,16.0,R,0.0
349,2022,Japanese_Grand_Prix,ZHO,Alfa Romeo,14.0,14.0,16,0.0
350,2022,Japanese_Grand_Prix,RIC,McLaren,11.0,11.0,11,0.0
351,2022,Japanese_Grand_Prix,OCO,Alpine,5.0,5.0,4,12.0
352,2022,Japanese_Grand_Prix,NOR,McLaren,10.0,10.0,10,1.0
353,2022,Japanese_Grand_Prix,HAM,Mercedes,6.0,6.0,5,10.0
354,2022,Japanese_Grand_Prix,MSC,Haas F1 Team,15.0,15.0,17,0.0
355,2022,Japanese_Grand_Prix,VET,Aston Martin,9.0,9.0,6,8.0
356,2022,Japanese_Grand_Prix,SAI,Ferrari,3.0,3.0,R,0.0
357,2022,Japanese_Grand_Prix,LAT,Williams,20.0,20.0,9,2.0
358,2022,Japanese_Grand_Prix,RUS,Mercedes,8.0,8.0,8,4.0
359,2022,Japanese_Grand_Prix,BOT,Alfa Romeo,12.0,12.0,15,0.0
360,2022,United_States_Grand_Prix,VER,Red Bull Racing,3.0,2.0,1,25.0
361,2022,United_States_Grand_Prix,GAS,AlphaTauri,13.0,11.0,14,0.0
362,2022,United_States_Grand_Prix,PER,Red Bull Racing,4.0,9.0,4,12.0
363,2022,United_States_Grand_Prix,ALO,Alpine,9.0,14.0,7,6.0
364,2022,United_States_Grand_Prix,LEC,Ferrari,2.0,12.0,3,15.0
365,2022,United_States_Grand_Prix,STR,Aston Martin,7.0,5.0,R,0.0
366,2022,United_States_Grand_Prix,MAG,Haas F1 Team,16.0,13.0,9,2.0
367,2022,United_States_Grand_Prix,TSU,AlphaTauri,15.0,19.0,10,1.0
368,2022,United_States_Grand_Prix,ALB,Williams,11.0,8.0,13,0.0
369,2022,United_States_Grand_Prix,ZHO,Alfa Romeo,14.0,18.0,12,0.0
370,2022,United_States_Grand_Prix,RIC,McLaren,17.0,15.0,16,0.0
371,2022,United_States_Grand_Prix,OCO,Alpine,18.0,0.0,11,0.0
372,2022,United_States_Grand_Prix,NOR,McLaren,8.0,6.0,6,8.0
373,2022,United_States_Grand_Prix,HAM,Mercedes,5.0,3.0,2,18.0
374,2022,United_States_Grand_Prix,MSC,Haas F1 Team,19.0,16.0,15,0.0
375,2022,United_States_Grand_Prix,VET,Aston Martin,12.0,10.0,8,4.0
376,2022,United_States_Grand_Prix,SAI,Ferrari,1.0,1.0,R,0.0
377,2022,United_States_Grand_Prix,LAT,Williams,20.0,17.0,17,0.0
378,2022,United_States_Grand_Prix,RUS,Mercedes,6.0,4.0,5,11.0
379,2022,United_States_Grand_Prix,BOT,Alfa Romeo,10.0,7.0,R,0.0
380,2022,Mexico_City_Grand_Prix,VER,Red Bull Racing,1.0,1.0,1,25.0
381,2022,Mexico_City_Grand_Prix,GAS,AlphaTauri,14.0,14.0,11,0.0
382,2022,Mexico_City_Grand_Prix,PER,Red Bull Racing,4.0,4.0,3,15.0
383,2022,Mexico_City_Grand_Prix,ALO,Alpine,9.0,9.0,19,0.0
384,2022,Mexico_City_Grand_Prix,LEC,Ferrari,7.0,7.0,6,8.0
385,2022,Mexico_City_Grand_Prix,STR,Aston Martin,18.0,20.0,15,0.0
386,2022,Mexico_City_Grand_Prix,MAG,Haas F1 Team,15.0,19.0,17,0.0
387,2022,Mexico_City_Grand_Prix,TSU,AlphaTauri,13.0,13.0,R,0.0
388,2022,Mexico_City_Grand_Prix,ALB,Williams,19.0,17.0,12,0.0
389,2022,Mexico_City_Grand_Prix,ZHO,Alfa Romeo,12.0,12.0,13,0.0
390,2022,Mexico_City_Grand_Prix,RIC,McLaren,11.0,11.0,7,6.0
391,2022,Mexico_City_Grand_Prix,OCO,Alpine,10.0,10.0,8,4.0
392,2022,Mexico_City_Grand_Prix,NOR,McLaren,8.0,8.0,9,2.0
393,2022,Mexico_City_Grand_Prix,HAM,Mercedes,3.0,3.0,2,18.0
394,2022,Mexico_City_Grand_Prix,MSC,Haas F1 Team,16.0,15.0,16,0.0
395,2022,Mexico_City_Grand_Prix,VET,Aston Martin,17.0,16.0,14,0.0
396,2022,Mexico_City_Grand_Prix,SAI,Ferrari,5.0,5.0,5,10.0
397,2022,Mexico_City_Grand_Prix,LAT,Williams,20.0,18.0,18,0.0
398,2022,Mexico_City_Grand_Prix,RUS,Mercedes,2.0,2.0,4,13.0
399,2022,Mexico_City_Grand_Prix,BOT,Alfa Romeo,6.0,6.0,10,1.0
400,2022,São_Paulo_Grand_Prix,VER,Red Bull Racing,2.0,3.0,6,8.0
401,2022,São_Paulo_Grand_Prix,GAS,AlphaTauri,12.0,10.0,14,0.0
402,2022,São_Paulo_Grand_Prix,PER,Red Bull Racing,9.0,4.0,7,6.0
403,2022,São_Paulo_Grand_Prix,ALO,Alpine,7.0,17.0,5,10.0
404,2022,São_Paulo_Grand_Prix,LEC,Ferrari,10.0,5.0,4,12.0
405,2022,São_Paulo_Grand_Prix,STR,Aston Martin,15.0,15.0,10,1.0
406,2022,São_Paulo_Grand_Prix,MAG,Haas F1 Team,1.0,8.0,R,0.0
407,2022,São_Paulo_Grand_Prix,TSU,AlphaTauri,19.0,0.0,17,0.0
408,2022,São_Paulo_Grand_Prix,ALB,Williams,11.0,19.0,15,0.0
409,2022,São_Paulo_Grand_Prix,ZHO,Alfa Romeo,17.0,13.0,12,0.0
410,2022,São_Paulo_Grand_Prix,RIC,McLaren,14.0,11.0,R,0.0
411,2022,São_Paulo_Grand_Prix,OCO,Alpine,6.0,16.0,8,4.0
412,2022,São_Paulo_Grand_Prix,NOR,McLaren,4.0,6.0,R,0.0
413,2022,São_Paulo_Grand_Prix,HAM,Mercedes,8.0,2.0,2,18.0
414,2022,São_Paulo_Grand_Prix,MSC,Haas F1 Team,20.0,12.0,13,0.0
415,2022,São_Paulo_Grand_Prix,VET,Aston Martin,13.0,9.0,11,0.0
416,2022,São_Paulo_Grand_Prix,SAI,Ferrari,5.0,7.0,3,15.0
417,2022,São_Paulo_Grand_Prix,LAT,Williams,16.0,18.0,16,0.0
418,2022,São_Paulo_Grand_Prix,RUS,Mercedes,3.0,1.0,1,26.0
419,2022,São_Paulo_Grand_Prix,BOT,Alfa Romeo,18.0,14.0,9,2.0
420,2022,Abu_Dhabi_Grand_Prix,VER,Red Bull Racing,1.0,1.0,1,25.0
421,2022,Abu_Dhabi_Grand_Prix,GAS,AlphaTauri,17.0,17.0,14,0.0
422,2022,Abu_Dhabi_Grand_Prix,PER,Red Bull Racing,2.0,2.0,3,15.0
423,2022,Abu_Dhabi_Grand_Prix,ALO,Alpine,11.0,10.0,R,0.0
424,2022,Abu_Dhabi_Grand_Prix,LEC,Ferrari,3.0,3.0,2,18.0
425,2022,Abu_Dhabi_Grand_Prix,STR,Aston Martin,14.0,14.0,8,4.0
426,2022,Abu_Dhabi_Grand_Prix,MAG,Haas F1 Team,16.0,16.0,17,0.0
427,2022,Abu_Dhabi_Grand_Prix,TSU,AlphaTauri,12.0,11.0,11,0.0
428,2022,Abu_Dhabi_Grand_Prix,ALB,Williams,19.0,19.0,13,0.0
429,2022,Abu_Dhabi_Grand_Prix,ZHO,Alfa Romeo,15.0,15.0,12,0.0
430,2022,Abu_Dhabi_Grand_Prix,RIC,McLaren,10.0,13.0,9,2.0
431,2022,Abu_Dhabi_Grand_Prix,OCO,Alpine,8.0,8.0,7,6.0
432,2022,Abu_Dhabi_Grand_Prix,NOR,McLaren,7.0,7.0,6,9.0
433,2022,Abu_Dhabi_Grand_Prix,HAM,Mercedes,5.0,5.0,18,0.0
434,2022,Abu_Dhabi_Grand_Prix,MSC,Haas F1 Team,13.0,12.0,16,0.0
435,2022,Abu_Dhabi_Grand_Prix,VET,Aston Martin,9.0,9.0,10,1.0
436,2022,Abu_Dhabi_Grand_Prix,SAI,Ferrari,4.0,4.0,4,12.0
437,2022,Abu_Dhabi_Grand_Prix,LAT,Williams,20.0,20.0,19,0.0
438,2022,Abu_Dhabi_Grand_Prix,RUS,Mercedes,6.0,6.0,5,10.0
439,2022,Abu_Dhabi_Grand_Prix,BOT,Alfa Romeo,18.0,18.0,15,0.0
440,2023,Bahrain_Grand_Prix,VER,Red Bull Racing,1.0,1.0,1,25.0
441,2023,Bahrain_Grand_Prix,GAS,Alpine,20.0,20.0,9,2.0
442,2023,Bahrain_Grand_Prix,PER,Red Bull Racing,2.0,2.0,2,18.0
443,2023,Bahrain_Grand_Prix,ALO,Aston Martin,5.0,5.0,3,15.0
444,2023,Bahrain_Grand_Prix,LEC,Ferrari,3.0,3.0,R,0.0
445,2023,Bahrain_Grand_Prix,STR,Aston Martin,8.0,8.0,6,8.0
446,2023,Bahrain_Grand_Prix,SAR,Williams,16.0,16.0,12,0.0
447,2023,Bahrain_Grand_Prix,MAG,Haas F1 Team,17.0,17.0,13,0.0
448,2023,Bahrain_Grand_Prix,DEV,AlphaTauri,19.0,19.0,14,0.0
449,2023,Bahrain_Grand_Prix,TSU,AlphaTauri,14.0,14.0,11,0.0
450,2023,Bahrain_Grand_Prix,ALB,Williams,15.0,15.0,10,1.0
451,2023,Bahrain_Grand_Prix,ZHO,Alfa Romeo,13.0,13.0,16,0.0
452,2023,Bahrain_Grand_Prix,HUL,Haas F1 Team,10.0,10.0,15,0.0
453,2023,Bahrain_Grand_Prix,OCO,Alpine,9.0,9.0,R,0.0
454,2023,Bahrain_Grand_Prix,NOR,McLaren,11.0,11.0,17,0.0
455,2023,Bahrain_Grand_Prix,HAM,Mercedes,7.0,7.0,5,10.0
456,2023,Bahrain_Grand_Prix,SAI,Ferrari,4.0,4.0,4,12.0
457,2023,Bahrain_Grand_Prix,RUS,Mercedes,6.0,6.0,7,6.0
458,2023,Bahrain_Grand_Prix,BOT,Alfa Romeo,12.0,12.0,8,4.0
459,2023,Bahrain_Grand_Prix,PIA,McLaren,18.0,18.0,R,0.0
460,2023,Saudi_Arabian_Grand_Prix,VER,Red Bull Racing,15.0,15.0,2,19.0
461,2023,Saudi_Arabian_Grand_Prix,GAS,Alpine,10.0,9.0,9,2.0
462,2023,Saudi_Arabian_Grand_Prix,PER,Red Bull Racing,1.0,1.0,1,25.0
463,2023,Saudi_Arabian_Grand_Prix,ALO,Aston Martin,3.0,2.0,3,15.0
464,2023,Saudi_Arabian_Grand_Prix,LEC,Ferrari,2.0,12.0,7,6.0
465,2023,Saudi_Arabian_Grand_Prix,STR,Aston Martin,6.0,5.0,R,0.0
466,2023,Saudi_Arabian_Grand_Prix,SAR,Williams,20.0,20.0,16,0.0
467,2023,Saudi_Arabian_Grand_Prix,MAG,Haas F1 Team,13.0,13.0,10,1.0
468,2023,Saudi_Arabian_Grand_Prix,DEV,AlphaTauri,18.0,18.0,14,0.0
469,2023,Saudi_Arabian_Grand_Prix,TSU,AlphaTauri,16.0,16.0,11,0.0
470,2023,Saudi_Arabian_Grand_Prix,ALB,Williams,17.0,17.0,R,0.0
471,2023,Saudi_Arabian_Grand_Prix,ZHO,Alfa Romeo,12.0,11.0,13,0.0
472,2023,Saudi_Arabian_Grand_Prix,HUL,Haas F1 Team,11.0,10.0,12,0.0
473,2023,Saudi_Arabian_Grand_Prix,OCO,Alpine,7.0,6.0,8,4.0
474,2023,Saudi_Arabian_Grand_Prix,NOR,McLaren,19.0,19.0,17,0.0
475,2023,Saudi_Arabian_Grand_Prix,HAM,Mercedes,8.0,7.0,5,10.0
476,2023,Saudi_Arabian_Grand_Prix,SAI,Ferrari,5.0,4.0,6,8.0
477,2023,Saudi_Arabian_Grand_Prix,RUS,Mercedes,4.0,3.0,4,12.0
478,2023,Saudi_Arabian_Grand_Prix,BOT,Alfa Romeo,14.0,14.0,18,0.0
479,2023,Saudi_Arabian_Grand_Prix,PIA,McLaren,9.0,8.0,15,0.0
480,2023,Australian_Grand_Prix,VER,Red Bull Racing,1.0,1.0,1,25.0
481,2023,Australian_Grand_Prix,GAS,Alpine,9.0,9.0,13,0.0
482,2023,Australian_Grand_Prix,PER,Red Bull Racing,20.0,20.0,5,11.0
483,2023,Australian_Grand_Prix,ALO,Aston Martin,4.0,4.0,3,15.0
484,2023,Australian_Grand_Prix,LEC,Ferrari,7.0,7.0,R,0.0
485,2023,Australian_Grand_Prix,STR,Aston Martin,6.0,6.0,4,12.0
486,2023,Australian_Grand_Prix,SAR,Williams,18.0,18.0,16,0.0
487,2023,Australian_Grand_Prix,MAG,Haas F1 Team,14.0,14.0,17,0.0
488,2023,Australian_Grand_Prix,DEV,AlphaTauri,15.0,15.0,15,0.0
489,2023,Australian_Grand_Prix,TSU,AlphaTauri,12.0,12.0,10,1.0
490,2023,Australian_Grand_Prix,ALB,Williams,8.0,8.0,R,0.0
491,2023,Australian_Grand_Prix,ZHO,Alfa Romeo,17.0,17.0,9,2.0
492,2023,Australian_Grand_Prix,HUL,Haas F1 Team,10.0,10.0,7,6.0
493,2023,Australian_Grand_Prix,OCO,Alpine,11.0,11.0,14,0.0
494,2023,Australian_Grand_Prix,NOR,McLaren,13.0,13.0,6,8.0
495,2023,Australian_Grand_Prix,HAM,Mercedes,3.0,3.0,2,18.0
496,2023,Australian_Grand_Prix,SAI,Ferrari,5.0,5.0,12,0.0
497,2023,Australian_Grand_Prix,RUS,Mercedes,2.0,2.0,R,0.0
498,2023,Australian_Grand_Prix,BOT,Alfa Romeo,19.0,19.0,11,0.0
499,2023,Australian_Grand_Prix,PIA,McLaren,16.0,16.0,8,4.0
500,2023,Azerbaijan_Grand_Prix,VER,Red Bull Racing,2.0,2.0,2,18.0
501,2023,Azerbaijan_Grand_Prix,GAS,Alpine,19.0,17.0,14,0.0
502,2023,Azerbaijan_Grand_Prix,PER,Red Bull Racing,3.0,3.0,1,25.0
503,2023,Azerbaijan_Grand_Prix,ALO,Aston Martin,6.0,6.0,4,12.0
504,2023,Azerbaijan_Grand_Prix,LEC,Ferrari,1.0,1.0,3,15.0
505,2023,Azerbaijan_Grand_Prix,STR,Aston Martin,9.0,9.0,7,6.0
506,2023,Azerbaijan_Grand_Prix,SAR,Williams,15.0,14.0,16,0.0
507,2023,Azerbaijan_Grand_Prix,MAG,Haas F1 Team,18.0,16.0,13,0.0
508,2023,Azerbaijan_Grand_Prix,DEV,AlphaTauri,20.0,18.0,R,0.0
509,2023,Azerbaijan_Grand_Prix,TSU,AlphaTauri,8.0,8.0,10,1.0
510,2023,Azerbaijan_Grand_Prix,ALB,Williams,13.0,12.0,12,0.0
511,2023,Azerbaijan_Grand_Prix,ZHO,Alfa Romeo,16.0,15.0,R,0.0
512,2023,Azerbaijan_Grand_Prix,HUL,Haas F1 Team,17.0,20.0,17,0.0
513,2023,Azerbaijan_Grand_Prix,OCO,Alpine,12.0,19.0,15,0.0
514,2023,Azerbaijan_Grand_Prix,NOR,McLaren,7.0,7.0,9,2.0
515,2023,Azerbaijan_Grand_Prix,HAM,Mercedes,5.0,5.0,6,8.0
516,2023,Azerbaijan_Grand_Prix,SAI,Ferrari,4.0,4.0,5,10.0
517,2023,Azerbaijan_Grand_Prix,RUS,Mercedes,11.0,11.0,8,5.0
518,2023,Azerbaijan_Grand_Prix,BOT,Alfa Romeo,14.0,13.0,18,0.0
519,2023,Azerbaijan_Grand_Prix,PIA,McLaren,10.0,10.0,11,0.0
520,2023,Miami_Grand_Prix,VER,Red Bull Racing,9.0,9.0,1,26.0
521,2023,Miami_Grand_Prix,GAS,Alpine,5.0,5.0,8,4.0
522,2023,Miami_Grand_Prix,PER,Red Bull Racing,1.0,1.0,2,18.0
523,2023,Miami_Grand_Prix,ALO,Aston Martin,2.0,2.0,3,15.0
524,2023,Miami_Grand_Prix,LEC,Ferrari,7.0,7.0,7,6.0
525,2023,Miami_Grand_Prix,STR,Aston Martin,18.0,18.0,12,0.0
526,2023,Miami_Grand_Prix,SAR,Williams,20.0,20.0,20,0.0
527,2023,Miami_Grand_Prix,MAG,Haas F1 Team,4.0,4.0,10,1.0
528,2023,Miami_Grand_Prix,DEV,AlphaTauri,15.0,15.0,18,0.0
529,2023,Miami_Grand_Prix,TSU,AlphaTauri,17.0,17.0,11,0.0
530,2023,Miami_Grand_Prix,ALB,Williams,11.0,11.0,14,0.0
531,2023,Miami_Grand_Prix,ZHO,Alfa Romeo,14.0,14.0,16,0.0
532,2023,Miami_Grand_Prix,HUL,Haas F1 Team,12.0,12.0,15,0.0
533,2023,Miami_Grand_Prix,OCO,Alpine,8.0,8.0,9,2.0
534,2023,Miami_Grand_Prix,NOR,McLaren,16.0,16.0,17,0.0
535,2023,Miami_Grand_Prix,HAM,Mercedes,13.0,13.0,6,8.0
536,2023,Miami_Grand_Prix,SAI,Ferrari,3.0,3.0,5,10.0
537,2023,Miami_Grand_Prix,RUS,Mercedes,6.0,6.0,4,12.0
538,2023,Miami_Grand_Prix,BOT,Alfa Romeo,10.0,10.0,13,0.0
539,2023,Miami_Grand_Prix,PIA,McLaren,19.0,19.0,19,0.0
540,2023,Monaco_Grand_Prix,VER,Red Bull Racing,1.0,1.0,1,25.0
541,2023,Monaco_Grand_Prix,GAS,Alpine,7.0,7.0,7,6.0
542,2023,Monaco_Grand_Prix,PER,Red Bull Racing,20.0,20.0,16,0.0
543,2023,Monaco_Grand_Prix,ALO,Aston Martin,2.0,2.0,2,18.0
544,2023,Monaco_Grand_Prix,LEC,Ferrari,3.0,6.0,6,8.0
545,2023,Monaco_Grand_Prix,STR,Aston Martin,14.0,14.0,R,0.0
546,2023,Monaco_Grand_Prix,SAR,Williams,16.0,16.0,18,0.0
547,2023,Monaco_Grand_Prix,MAG,Haas F1 Team,17.0,17.0,19,0.0
548,2023,Monaco_Grand_Prix,DEV,AlphaTauri,12.0,12.0,12,0.0
549,2023,Monaco_Grand_Prix,TSU,AlphaTauri,9.0,9.0,15,0.0
550,2023,Monaco_Grand_Prix,ALB,Williams,13.0,13.0,14,0.0
551,2023,Monaco_Grand_Prix,ZHO,Alfa Romeo,19.0,19.0,13,0.0
552,2023,Monaco_Grand_Prix,HUL,Haas F1 Team,18.0,18.0,17,0.0
553,2023,Monaco_Grand_Prix,OCO,Alpine,4.0,3.0,3,15.0
554,2023,Monaco_Grand_Prix,NOR,McLaren,10.0,10.0,9,2.0
555,2023,Monaco_Grand_Prix,HAM,Mercedes,6.0,5.0,4,13.0
556,2023,Monaco_Grand_Prix,SAI,Ferrari,5.0,4.0,8,4.0
557,2023,Monaco_Grand_Prix,RUS,Mercedes,8.0,8.0,5,10.0
558,2023,Monaco_Grand_Prix,BOT,Alfa Romeo,15.0,15.0,11,0.0
559,2023,Monaco_Grand_Prix,PIA,McLaren,11.0,11.0,10,1.0
560,2023,Spanish_Grand_Prix,VER,Red Bull Racing,1.0,1.0,1,26.0
561,2023,Spanish_Grand_Prix,GAS,Alpine,4.0,10.0,10,1.0
562,2023,Spanish_Grand_Prix,PER,Red Bull Racing,11.0,11.0,4,12.0
563,2023,Spanish_Grand_Prix,ALO,Aston Martin,9.0,8.0,7,6.0
564,2023,Spanish_Grand_Prix,LEC,Ferrari,19.0,19.0,11,0.0
565,2023,Spanish_Grand_Prix,STR,Aston Martin,6.0,5.0,6,8.0
566,2023,Spanish_Grand_Prix,SAR,Williams,20.0,20.0,20,0.0
567,2023,Spanish_Grand_Prix,MAG,Haas F1 Team,17.0,17.0,18,0.0
568,2023,Spanish_Grand_Prix,DEV,AlphaTauri,14.0,14.0,14,0.0
569,2023,Spanish_Grand_Prix,TSU,AlphaTauri,15.0,15.0,12,0.0
570,2023,Spanish_Grand_Prix,ALB,Williams,18.0,18.0,16,0.0
571,2023,Spanish_Grand_Prix,ZHO,Alfa Romeo,13.0,13.0,9,2.0
572,2023,Spanish_Grand_Prix,HUL,Haas F1 Team,8.0,7.0,15,0.0
573,2023,Spanish_Grand_Prix,OCO,Alpine,7.0,6.0,8,4.0
574,2023,Spanish_Grand_Prix,NOR,McLaren,3.0,3.0,17,0.0
575,2023,Spanish_Grand_Prix,HAM,Mercedes,5.0,4.0,2,18.0
576,2023,Spanish_Grand_Prix,SAI,Ferrari,2.0,2.0,5,10.0
577,2023,Spanish_Grand_Prix,RUS,Mercedes,12.0,12.0,3,15.0
578,2023,Spanish_Grand_Prix,BOT,Alfa Romeo,16.0,16.0,19,0.0
579,2023,Spanish_Grand_Prix,PIA,McLaren,10.0,9.0,13,0.0
580,2023,Canadian_Grand_Prix,VER,Red Bull Racing,1.0,1.0,1,25.0
581,2023,Canadian_Grand_Prix,GAS,Alpine,17.0,15.0,12,0.0
582,2023,Canadian_Grand_Prix,PER,Red Bull Racing,12.0,12.0,6,9.0
583,2023,Canadian_Grand_Prix,ALO,Aston Martin,3.0,2.0,2,18.0
584,2023,Canadian_Grand_Prix,LEC,Ferrari,11.0,10.0,4,12.0
585,2023,Canadian_Grand_Prix,STR,Aston Martin,13.0,16.0,9,2.0
586,2023,Canadian_Grand_Prix,SAR,Williams,19.0,18.0,R,0.0
587,2023,Canadian_Grand_Prix,MAG,Haas F1 Team,14.0,13.0,17,0.0
588,2023,Canadian_Grand_Prix,DEV,AlphaTauri,18.0,17.0,18,0.0
589,2023,Canadian_Grand_Prix,TSU,AlphaTauri,16.0,19.0,14,0.0
590,2023,Canadian_Grand_Prix,ALB,Williams,10.0,9.0,7,6.0
591,2023,Canadian_Grand_Prix,ZHO,Alfa Romeo,20.0,20.0,16,0.0
592,2023,Canadian_Grand_Prix,HUL,Haas F1 Team,2.0,5.0,15,0.0
593,2023,Canadian_Grand_Prix,OCO,Alpine,6.0,6.0,8,4.0
594,2023,Canadian_Grand_Prix,NOR,McLaren,7.0,7.0,13,0.0
595,2023,Canadian_Grand_Prix,HAM,Mercedes,4.0,3.0,3,15.0
596,2023,Canadian_Grand_Prix,SAI,Ferrari,8.0,11.0,5,10.0
597,2023,Canadian_Grand_Prix,RUS,Mercedes,5.0,4.0,R,0.0
598,2023,Canadian_Grand_Prix,BOT,Alfa Romeo,15.0,14.0,10,1.0
599,2023,Canadian_Grand_Prix,PIA,McLaren,9.0,8.0,11,0.0
600,2023,Austrian_Grand_Prix,VER,Red Bull Racing,1.0,1.0,1,26.0
601,2023,Austrian_Grand_Prix,GAS,Alpine,9.0,9.0,10,1.0
602,2023,Austrian_Grand_Prix,PER,Red Bull Racing,15.0,15.0,3,15.0
603,2023,Austrian_Grand_Prix,ALO,Aston Martin,7.0,7.0,5,10.0
604,2023,Austrian_Grand_Prix,LEC,Ferrari,2.0,2.0,2,18.0
605,2023,Austrian_Grand_Prix,STR,Aston Martin,6.0,6.0,9,2.0
606,2023,Austrian_Grand_Prix,SAR,Williams,18.0,18.0,13,0.0
607,2023,Austrian_Grand_Prix,MAG,Haas F1 Team,19.0,19.0,18,0.0
608,2023,Austrian_Grand_Prix,DEV,AlphaTauri,20.0,20.0,17,0.0
609,2023,Austrian_Grand_Prix,TSU,AlphaTauri,16.0,16.0,19,0.0
610,2023,Austrian_Grand_Prix,ALB,Williams,10.0,10.0,11,0.0
611,2023,Austrian_Grand_Prix,ZHO,Alfa Romeo,17.0,17.0,12,0.0
612,2023,Austrian_Grand_Prix,HUL,Haas F1 Team,8.0,8.0,R,0.0
613,2023,Austrian_Grand_Prix,OCO,Alpine,12.0,12.0,14,0.0
614,2023,Austrian_Grand_Prix,NOR,McLaren,4.0,4.0,4,12.0
615,2023,Austrian_Grand_Prix,HAM,Mercedes,5.0,5.0,8,4.0
616,2023,Austrian_Grand_Prix,SAI,Ferrari,3.0,3.0,6,8.0
617,2023,Austrian_Grand_Prix,RUS,Mercedes,11.0,11.0,7,6.0
618,2023,Austrian_Grand_Prix,BOT,Alfa Romeo,14.0,14.0,15,0.0
619,2023,Austrian_Grand_Prix,PIA,McLaren,13.0,13.0,16,0.0
620,2023,British_Grand_Prix,VER,Red Bull Racing,1.0,1.0,1,26.0
621,2023,British_Grand_Prix,GAS,Alpine,10.0,10.0,18,0.0
622,2023,British_Grand_Prix,PER,Red Bull Racing,15.0,15.0,6,8.0
623,2023,British_Grand_Prix,ALO,Aston Martin,9.0,9.0,7,6.0
624,2023,British_Grand_Prix,LEC,Ferrari,4.0,4.0,9,2.0
625,2023,British_Grand_Prix,STR,Aston Martin,12.0,12.0,14,0.0
626,2023,British_Grand_Prix,SAR,Williams,14.0,14.0,11,0.0
627,2023,British_Grand_Prix,MAG,Haas F1 Team,19.0,19.0,R,0.0
628,2023,British_Grand_Prix,DEV,AlphaTauri,18.0,18.0,17,0.0
629,2023,British_Grand_Prix,TSU,AlphaTauri,16.0,16.0,16,0.0
630,2023,British_Grand_Prix,ALB,Williams,8.0,8.0,8,4.0
631,2023,British_Grand_Prix,ZHO,Alfa Romeo,17.0,17.0,15,0.0
632,2023,British_Grand_Prix,HUL,Haas F1 Team,11.0,11.0,13,0.0
633,2023,British_Grand_Prix,OCO,Alpine,13.0,13.0,R,0.0
634,2023,British_Grand_Prix,NOR,McLaren,2.0,2.0,2,18.0
635,2023,British_Grand_Prix,HAM,Mercedes,7.0,7.0,3,15.0
636,2023,British_Grand_Prix,SAI,Ferrari,5.0,5.0,10,1.0
637,2023,British_Grand_Prix,RUS,Mercedes,6.0,6.0,5,10.0
638,2023,British_Grand_Prix,BOT,Alfa Romeo,15.0,20.0,12,0.0
639,2023,British_Grand_Prix,PIA,McLaren,3.0,3.0,4,12.0
640,2023,Hungarian_Grand_Prix,VER,Red Bull Racing,2.0,2.0,1,26.0
641,2023,Hungarian_Grand_Prix,GAS,Alpine,15.0,15.0,R,0.0
642,2023,Hungarian_Grand_Prix,PER,Red Bull Racing,9.0,9.0,3,15.0
643,2023,Hungarian_Grand_Prix,ALO,Aston Martin,8.0,8.0,9,2.0
644,2023,Hungarian_Grand_Prix,LEC,Ferrari,6.0,6.0,7,6.0
645,2023,Hungarian_Grand_Prix,STR,Aston Martin,14.0,14.0,10,1.0
646,2023,Hungarian_Grand_Prix,SAR,Williams,20.0,20.0,18,0.0
647,2023,Hungarian_Grand_Prix,MAG,Haas F1 Team,19.0,19.0,17,0.0
648,2023,Hungarian_Grand_Prix,DEV,,,,,
649,2023,Hungarian_Grand_Prix,TSU,AlphaTauri,17.0,17.0,15,0.0
650,2023,Hungarian_Grand_Prix,ALB,Williams,16.0,16.0,11,0.0
651,2023,Hungarian_Grand_Prix,ZHO,Alfa Romeo,5.0,5.0,16,0.0
652,2023,Hungarian_Grand_Prix,HUL,Haas F1 Team,10.0,10.0,14,0.0
653,2023,Hungarian_Grand_Prix,OCO,Alpine,12.0,12.0,R,0.0
654,2023,Hungarian_Grand_Prix,NOR,McLaren,3.0,3.0,2,18.0
655,2023,Hungarian_Grand_Prix,HAM,Mercedes,1.0,1.0,4,12.0
656,2023,Hungarian_Grand_Prix,SAI,Ferrari,11.0,11.0,8,4.0
657,2023,Hungarian_Grand_Prix,RUS,Mercedes,18.0,18.0,6,8.0
658,2023,Hungarian_Grand_Prix,BOT,Alfa Romeo,7.0,7.0,12,0.0
659,2023,Hungarian_Grand_Prix,PIA,McLaren,4.0,4.0,5,10.0
660,2023,Belgian_Grand_Prix,VER,Red Bull Racing,1.0,6.0,1,25.0
661,2023,Belgian_Grand_Prix,GAS,Alpine,12.0,12.0,11,0.0
662,2023,Belgian_Grand_Prix,PER,Red Bull Racing,3.0,2.0,2,18.0
663,2023,Belgian_Grand_Prix,ALO,Aston Martin,9.0,9.0,5,10.0
664,2023,Belgian_Grand_Prix,LEC,Ferrari,2.0,1.0,3,15.0
665,2023,Belgian_Grand_Prix,STR,Aston Martin,10.0,10.0,9,2.0
666,2023,Belgian_Grand_Prix,SAR,Williams,18.0,18.0,17,0.0
667,2023,Belgian_Grand_Prix,MAG,Haas F1 Team,13.0,16.0,15,0.0
668,2023,Belgian_Grand_Prix,DEV,,,,,
669,2023,Belgian_Grand_Prix,TSU,AlphaTauri,11.0,11.0,10,1.0
670,2023,Belgian_Grand_Prix,ALB,Williams,16.0,15.0,14,0.0
671,2023,Belgian_Grand_Prix,ZHO,Alfa Romeo,17.0,17.0,13,0.0
672,2023,Belgian_Grand_Prix,HUL,Haas F1 Team,20.0,20.0,18,0.0
673,2023,Belgian_Grand_Prix,OCO,Alpine,15.0,14.0,8,4.0
674,2023,Belgian_Grand_Prix,NOR,McLaren,7.0,7.0,7,6.0
675,2023,Belgian_Grand_Prix,HAM,Mercedes,4.0,3.0,4,13.0
676,2023,Belgian_Grand_Prix,SAI,Ferrari,5.0,4.0,R,0.0
677,2023,Belgian_Grand_Prix,RUS,Mercedes,8.0,8.0,6,8.0
678,2023,Belgian_Grand_Prix,BOT,Alfa Romeo,14.0,13.0,12,0.0
679,2023,Belgian_Grand_Prix,PIA,McLaren,6.0,5.0,R,0.0
680,2023,Dutch_Grand_Prix,VER,Red Bull Racing,1.0,1.0,1,25.0
681,2023,Dutch_Grand_Prix,GAS,Alpine,12.0,12.0,3,15.0
682,2023,Dutch_Grand_Prix,PER,Red Bull Racing,7.0,7.0,4,12.0
683,2023,Dutch_Grand_Prix,ALO,Aston Martin,5.0,5.0,2,19.0
684,2023,Dutch_Grand_Prix,LEC,Ferrari,9.0,9.0,R,0.0
685,2023,Dutch_Grand_Prix,STR,Aston Martin,11.0,11.0,11,0.0
686,2023,Dutch_Grand_Prix,SAR,Williams,10.0,10.0,R,0.0
687,2023,Dutch_Grand_Prix,MAG,Haas F1 Team,18.0,0.0,16,0.0
688,2023,Dutch_Grand_Prix,DEV,,,,,
689,2023,Dutch_Grand_Prix,TSU,AlphaTauri,14.0,17.0,15,0.0
690,2023,Dutch_Grand_Prix,ALB,Williams,4.0,4.0,8,4.0
691,2023,Dutch_Grand_Prix,ZHO,Alfa Romeo,16.0,15.0,R,0.0
692,2023,Dutch_Grand_Prix,HUL,Haas F1 Team,15.0,14.0,12,0.0
693,2023,Dutch_Grand_Prix,OCO,Alpine,17.0,16.0,10,1.0
694,2023,Dutch_Grand_Prix,NOR,McLaren,2.0,2.0,7,6.0
695,2023,Dutch_Grand_Prix,HAM,Mercedes,13.0,13.0,6,8.0
696,2023,Dutch_Grand_Prix,SAI,Ferrari,6.0,6.0,5,10.0
697,2023,Dutch_Grand_Prix,RUS,Mercedes,3.0,3.0,17,0.0
698,2023,Dutch_Grand_Prix,BOT,Alfa Romeo,19.0,18.0,14,0.0
699,2023,Dutch_Grand_Prix,PIA,McLaren,8.0,8.0,9,2.0
700,2023,Italian_Grand_Prix,VER,Red Bull Racing,2.0,2.0,1,25.0
701,2023,Italian_Grand_Prix,GAS,Alpine,17.0,17.0,15,0.0
702,2023,Italian_Grand_Prix,PER,Red Bull Racing,5.0,5.0,2,18.0
703,2023,Italian_Grand_Prix,ALO,Aston Martin,10.0,10.0,9,2.0
704,2023,Italian_Grand_Prix,LEC,Ferrari,3.0,3.0,4,12.0
705,2023,Italian_Grand_Prix,STR,Aston Martin,20.0,20.0,16,0.0
706,2023,Italian_Grand_Prix,SAR,Williams,15.0,15.0,13,0.0
707,2023,Italian_Grand_Prix,MAG,Haas F1 Team,19.0,19.0,18,0.0
708,2023,Italian_Grand_Prix,DEV,,,,,
709,2023,Italian_Grand_Prix,TSU,AlphaTauri,11.0,11.0,W,0.0
710,2023,Italian_Grand_Prix,ALB,Williams,6.0,6.0,7,6.0
711,2023,Italian_Grand_Prix,ZHO,Alfa Romeo,16.0,16.0,14,0.0
712,2023,Italian_Grand_Prix,HUL,Haas F1 Team,13.0,13.0,17,0.0
713,2023,Italian_Grand_Prix,OCO,Alpine,18.0,18.0,R,0.0
714,2023,Italian_Grand_Prix,NOR,McLaren,9.0,9.0,8,4.0
715,2023,Italian_Grand_Prix,HAM,Mercedes,8.0,8.0,6,8.0
716,2023,Italian_Grand_Prix,SAI,Ferrari,1.0,1.0,3,15.0
717,2023,Italian_Grand_Prix,RUS,Mercedes,4.0,4.0,5,10.0
718,2023,Italian_Grand_Prix,BOT,Alfa Romeo,14.0,14.0,10,1.0
719,2023,Italian_Grand_Prix,PIA,McLaren,7.0,7.0,12,0.0
720,2023,Singapore_Grand_Prix,VER,Red Bull Racing,11.0,11.0,5,10.0
721,2023,Singapore_Grand_Prix,GAS,Alpine,12.0,12.0,6,8.0
722,2023,Singapore_Grand_Prix,PER,Red Bull Racing,13.0,13.0,8,4.0
723,2023,Singapore_Grand_Prix,ALO,Aston Martin,7.0,7.0,15,0.0
724,2023,Singapore_Grand_Prix,LEC,Ferrari,3.0,3.0,4,12.0
725,2023,Singapore_Grand_Prix,STR,Aston Martin,20.0,,W,0.0
726,2023,Singapore_Grand_Prix,SAR,Williams,18.0,18.0,14,0.0
727,2023,Singapore_Grand_Prix,MAG,Haas F1 Team,6.0,6.0,10,1.0
728,2023,Singapore_Grand_Prix,DEV,,,,,
729,2023,Singapore_Grand_Prix,TSU,AlphaTauri,15.0,15.0,R,0.0
730,2023,Singapore_Grand_Prix,ALB,Williams,14.0,14.0,11,0.0
731,2023,Singapore_Grand_Prix,ZHO,Alfa Romeo,19.0,19.0,12,0.0
732,2023,Singapore_Grand_Prix,HUL,Haas F1 Team,9.0,9.0,13,0.0
733,2023,Singapore_Grand_Prix,OCO,Alpine,8.0,8.0,R,0.0
734,2023,Singapore_Grand_Prix,NOR,McLaren,4.0,4.0,2,18.0
735,2023,Singapore_Grand_Prix,HAM,Mercedes,5.0,5.0,3,16.0
736,2023,Singapore_Grand_Prix,SAI,Ferrari,1.0,1.0,1,25.0
737,2023,Singapore_Grand_Prix,RUS,Mercedes,2.0,2.0,16,0.0
738,2023,Singapore_Grand_Prix,BOT,Alfa Romeo,16.0,16.0,R,0.0
739,2023,Singapore_Grand_Prix,PIA,McLaren,17.0,17.0,7,6.0
740,2023,Japanese_Grand_Prix,VER,Red Bull Racing,1.0,1.0,1,26.0
741,2023,Japanese_Grand_Prix,GAS,Alpine,12.0,12.0,10,1.0
742,2023,Japanese_Grand_Prix,PER,Red Bull Racing,5.0,5.0,R,0.0
743,2023,Japanese_Grand_Prix,ALO,Aston Martin,10.0,10.0,8,4.0
744,2023,Japanese_Grand_Prix,LEC,Ferrari,4.0,4.0,4,12.0
745,2023,Japanese_Grand_Prix,STR,Aston Martin,17.0,17.0,R,0.0
746,2023,Japanese_Grand_Prix,SAR,Williams,20.0,20.0,R,0.0
747,2023,Japanese_Grand_Prix,MAG,Haas F1 Team,15.0,15.0,15,0.0
748,2023,Japanese_Grand_Prix,DEV,,,,,
749,2023,Japanese_Grand_Prix,TSU,AlphaTauri,9.0,9.0,12,0.0
750,2023,Japanese_Grand_Prix,ALB,Williams,13.0,13.0,R,0.0
751,2023,Japanese_Grand_Prix,ZHO,Alfa Romeo,19.0,19.0,13,0.0
752,2023,Japanese_Grand_Prix,HUL,Haas F1 Team,18.0,18.0,14,0.0
753,2023,Japanese_Grand_Prix,OCO,Alpine,14.0,14.0,9,2.0
754,2023,Japanese_Grand_Prix,NOR,McLaren,3.0,3.0,2,18.0
755,2023,Japanese_Grand_Prix,HAM,Mercedes,7.0,7.0,5,10.0
756,2023,Japanese_Grand_Prix,SAI,Ferrari,6.0,6.0,6,8.0
757,2023,Japanese_Grand_Prix,RUS,Mercedes,8.0,8.0,7,6.0
758,2023,Japanese_Grand_Prix,BOT,Alfa Romeo,16.0,16.0,R,0.0
759,2023,Japanese_Grand_Prix,PIA,McLaren,2.0,2.0,3,15.0
760,2023,Qatar_Grand_Prix,VER,Red Bull Racing,1.0,1.0,1,26.0
761,2023,Qatar_Grand_Prix,GAS,Alpine,7.0,7.0,12,0.0
762,2023,Qatar_Grand_Prix,PER,Red Bull Racing,13.0,20.0,10,1.0
763,2023,Qatar_Grand_Prix,ALO,Aston Martin,4.0,4.0,6,8.0
764,2023,Qatar_Grand_Prix,LEC,Ferrari,5.0,5.0,5,10.0
765,2023,Qatar_Grand_Prix,STR,Aston Martin,17.0,16.0,11,0.0
766,2023,Qatar_Grand_Prix,SAR,Williams,16.0,15.0,R,0.0
767,2023,Qatar_Grand_Prix,MAG,Haas F1 Team,19.0,18.0,14,0.0
768,2023,Qatar_Grand_Prix,DEV,,,,,
769,2023,Qatar_Grand_Prix,TSU,AlphaTauri,11.0,11.0,15,0.0
770,2023,Qatar_Grand_Prix,ALB,Williams,14.0,13.0,13,0.0
771,2023,Qatar_Grand_Prix,ZHO,Alfa Romeo,20.0,19.0,9,2.0
772,2023,Qatar_Grand_Prix,HUL,Haas F1 Team,15.0,14.0,16,0.0
773,2023,Qatar_Grand_Prix,OCO,Alpine,8.0,8.0,7,6.0
774,2023,Qatar_Grand_Prix,NOR,McLaren,10.0,10.0,3,15.0
775,2023,Qatar_Grand_Prix,HAM,Mercedes,3.0,3.0,R,0.0
776,2023,Qatar_Grand_Prix,SAI,Ferrari,12.0,12.0,W,0.0
777,2023,Qatar_Grand_Prix,RUS,Mercedes,2.0,2.0,4,12.0
778,2023,Qatar_Grand_Prix,BOT,Alfa Romeo,9.0,9.0,8,4.0
779,2023,Qatar_Grand_Prix,PIA,McLaren,6.0,6.0,2,18.0
780,2023,United_States_Grand_Prix,VER,Red Bull Racing,6.0,6.0,1,25.0
781,2023,United_States_Grand_Prix,GAS,Alpine,7.0,7.0,6,8.0
782,2023,United_States_Grand_Prix,PER,Red Bull Racing,9.0,9.0,4,12.0
783,2023,United_States_Grand_Prix,ALO,Aston Martin,17.0,19.0,R,0.0
784,2023,United_States_Grand_Prix,LEC,Ferrari,1.0,1.0,20,0.0
785,2023,United_States_Grand_Prix,STR,Aston Martin,19.0,20.0,7,6.0
786,2023,United_States_Grand_Prix,SAR,Williams,20.0,16.0,10,1.0
787,2023,United_States_Grand_Prix,MAG,Haas F1 Team,14.0,17.0,14,0.0
788,2023,United_States_Grand_Prix,DEV,,,,,
789,2023,United_States_Grand_Prix,TSU,AlphaTauri,11.0,11.0,8,5.0
790,2023,United_States_Grand_Prix,ALB,Williams,18.0,15.0,9,2.0
791,2023,United_States_Grand_Prix,ZHO,Alfa Romeo,12.0,12.0,13,0.0
792,2023,United_States_Grand_Prix,HUL,Haas F1 Team,16.0,18.0,11,0.0
793,2023,United_States_Grand_Prix,OCO,Alpine,8.0,8.0,R,0.0
794,2023,United_States_Grand_Prix,NOR,McLaren,2.0,2.0,2,18.0
795,2023,United_States_Grand_Prix,HAM,Mercedes,3.0,3.0,19,0.0
796,2023,United_States_Grand_Prix,SAI,Ferrari,4.0,4.0,3,15.0
797,2023,United_States_Grand_Prix,RUS,Mercedes,5.0,5.0,5,10.0
798,2023,United_States_Grand_Prix,BOT,Alfa Romeo,13.0,13.0,12,0.0
799,2023,United_States_Grand_Prix,PIA,McLaren,10.0,10.0,R,0.0
800,2023,Mexico_City_Grand_Prix,VER,Red Bull Racing,3.0,3.0,1,25.0
801,2023,Mexico_City_Grand_Prix,GAS,Alpine,11.0,11.0,11,0.0
802,2023,Mexico_City_Grand_Prix,PER,Red Bull Racing,5.0,5.0,R,0.0
803,2023,Mexico_City_Grand_Prix,ALO,Aston Martin,13.0,13.0,W,0.0
804,2023,Mexico_City_Grand_Prix,LEC,Ferrari,1.0,1.0,3,15.0
805,2023,Mexico_City_Grand_Prix,STR,Aston Martin,18.0,0.0,17,0.0
806,2023,Mexico_City_Grand_Prix,SAR,Williams,20.0,19.0,16,0.0
807,2023,Mexico_City_Grand_Prix,MAG,Haas F1 Team,17.0,16.0,R,0.0
808,2023,Mexico_City_Grand_Prix,DEV,,,,,
809,2023,Mexico_City_Grand_Prix,TSU,AlphaTauri,15.0,18.0,12,0.0
810,2023,Mexico_City_Grand_Prix,ALB,Williams,14.0,14.0,9,2.0
811,2023,Mexico_City_Grand_Prix,ZHO,Alfa Romeo,10.0,10.0,14,0.0
812,2023,Mexico_City_Grand_Prix,HUL,Haas F1 Team,12.0,12.0,13,0.0
813,2023,Mexico_City_Grand_Prix,OCO,Alpine,16.0,15.0,10,1.0
814,2023,Mexico_City_Grand_Prix,NOR,McLaren,19.0,17.0,5,10.0
815,2023,Mexico_City_Grand_Prix,HAM,Mercedes,6.0,6.0,2,19.0
816,2023,Mexico_City_Grand_Prix,SAI,Ferrari,2.0,2.0,4,12.0
817,2023,Mexico_City_Grand_Prix,RUS,Mercedes,8.0,8.0,6,8.0
818,2023,Mexico_City_Grand_Prix,BOT,Alfa Romeo,9.0,9.0,15,0.0
819,2023,Mexico_City_Grand_Prix,PIA,McLaren,7.0,7.0,8,4.0
820,2023,São_Paulo_Grand_Prix,VER,Red Bull Racing,1.0,1.0,1,25.0
821,2023,São_Paulo_Grand_Prix,GAS,Alpine,13.0,15.0,7,6.0
822,2023,São_Paulo_Grand_Prix,PER,Red Bull Racing,9.0,9.0,4,12.0
823,2023,São_Paulo_Grand_Prix,ALO,Aston Martin,4.0,4.0,3,15.0
824,2023,São_Paulo_Grand_Prix,LEC,Ferrari,2.0,2.0,W,0.0
825,2023,São_Paulo_Grand_Prix,STR,Aston Martin,3.0,3.0,5,10.0
826,2023,São_Paulo_Grand_Prix,SAR,Williams,19.0,19.0,11,0.0
827,2023,São_Paulo_Grand_Prix,MAG,Haas F1 Team,14.0,12.0,R,0.0
828,2023,São_Paulo_Grand_Prix,DEV,,,,,
829,2023,São_Paulo_Grand_Prix,TSU,AlphaTauri,16.0,16.0,9,2.0
830,2023,São_Paulo_Grand_Prix,ALB,Williams,15.0,13.0,R,0.0
831,2023,São_Paulo_Grand_Prix,ZHO,Alfa Romeo,20.0,20.0,R,0.0
832,2023,São_Paulo_Grand_Prix,HUL,Haas F1 Team,11.0,11.0,12,0.0
833,2023,São_Paulo_Grand_Prix,OCO,Alpine,12.0,14.0,10,1.0
834,2023,São_Paulo_Grand_Prix,NOR,McLaren,7.0,6.0,2,19.0
835,2023,São_Paulo_Grand_Prix,HAM,Mercedes,5.0,5.0,8,4.0
836,2023,São_Paulo_Grand_Prix,SAI,Ferrari,8.0,7.0,6,8.0
837,2023,São_Paulo_Grand_Prix,RUS,Mercedes,6.0,8.0,R,0.0
838,2023,São_Paulo_Grand_Prix,BOT,Alfa Romeo,18.0,18.0,R,0.0
839,2023,São_Paulo_Grand_Prix,PIA,McLaren,10.0,10.0,14,0.0
840,2023,Las_Vegas_Grand_Prix,VER,Red Bull Racing,3.0,2.0,1,25.0
841,2023,Las_Vegas_Grand_Prix,GAS,Alpine,5.0,4.0,11,0.0
842,2023,Las_Vegas_Grand_Prix,PER,Red Bull Racing,12.0,11.0,3,15.0
843,2023,Las_Vegas_Grand_Prix,ALO,Aston Martin,10.0,9.0,9,2.0
844,2023,Las_Vegas_Grand_Prix,LEC,Ferrari,1.0,1.0,2,18.0
845,2023,Las_Vegas_Grand_Prix,STR,Aston Martin,14.0,19.0,5,10.0
846,2023,Las_Vegas_Grand_Prix,SAR,Williams,7.0,6.0,16,0.0
847,2023,Las_Vegas_Grand_Prix,MAG,Haas F1 Team,9.0,8.0,13,0.0
848,2023,Las_Vegas_Grand_Prix,DEV,,,,,
849,2023,Las_Vegas_Grand_Prix,TSU,AlphaTauri,20.0,20.0,18,0.0
850,2023,Las_Vegas_Grand_Prix,ALB,Williams,6.0,5.0,12,0.0
851,2023,Las_Vegas_Grand_Prix,ZHO,Alfa Romeo,18.0,17.0,15,0.0
852,2023,Las_Vegas_Grand_Prix,HUL,Haas F1 Team,13.0,13.0,19,0.0
853,2023,Las_Vegas_Grand_Prix,OCO,Alpine,17.0,16.0,4,12.0
854,2023,Las_Vegas_Grand_Prix,NOR,McLaren,16.0,15.0,R,0.0
855,2023,Las_Vegas_Grand_Prix,HAM,Mercedes,11.0,10.0,7,6.0
856,2023,Las_Vegas_Grand_Prix,SAI,Ferrari,2.0,12.0,6,8.0
857,2023,Las_Vegas_Grand_Prix,RUS,Mercedes,4.0,3.0,8,4.0
858,2023,Las_Vegas_Grand_Prix,BOT,Alfa Romeo,8.0,7.0,17,0.0
859,2023,Las_Vegas_Grand_Prix,PIA,McLaren,19.0,18.0,10,2.0
860,2023,Abu_Dhabi_Grand_Prix,VER,Red Bull Racing,1.0,1.0,1,26.0
861,2023,Abu_Dhabi_Grand_Prix,GAS,Alpine,10.0,10.0,13,0.0
862,2023,Abu_Dhabi_Grand_Prix,PER,Red Bull Racing,9.0,9.0,4,12.0
863,2023,Abu_Dhabi_Grand_Prix,ALO,Aston Martin,7.0,7.0,7,6.0
864,2023,Abu_Dhabi_Grand_Prix,LEC,Ferrari,2.0,2.0,2,18.0
865,2023,Abu_Dhabi_Grand_Prix,STR,Aston Martin,13.0,13.0,10,1.0
866,2023,Abu_Dhabi_Grand_Prix,SAR,Williams,20.0,20.0,16,0.0
867,2023,Abu_Dhabi_Grand_Prix,MAG,Haas F1 Team,17.0,17.0,20,0.0
868,2023,Abu_Dhabi_Grand_Prix,DEV,,,,,
869,2023,Abu_Dhabi_Grand_Prix,TSU,AlphaTauri,6.0,6.0,8,4.0
870,2023,Abu_Dhabi_Grand_Prix,ALB,Williams,14.0,14.0,14,0.0
871,2023,Abu_Dhabi_Grand_Prix,ZHO,Alfa Romeo,19.0,19.0,17,0.0
872,2023,Abu_Dhabi_Grand_Prix,HUL,Haas F1 Team,8.0,8.0,15,0.0
873,2023,Abu_Dhabi_Grand_Prix,OCO,Alpine,12.0,12.0,12,0.0
874,2023,Abu_Dhabi_Grand_Prix,NOR,McLaren,5.0,5.0,5,10.0
875,2023,Abu_Dhabi_Grand_Prix,HAM,Mercedes,11.0,11.0,9,2.0
876,2023,Abu_Dhabi_Grand_Prix,SAI,Ferrari,16.0,16.0,18,0.0
877,2023,Abu_Dhabi_Grand_Prix,RUS,Mercedes,4.0,4.0,3,15.0
878,2023,Abu_Dhabi_Grand_Prix,BOT,Alfa Romeo,18.0,18.0,19,0.0
879,2023,Abu_Dhabi_Grand_Prix,PIA,McLaren,3.0,3.0,6,8.0
880,2024,Bahrain_Grand_Prix,VER,Red Bull Racing,1.0,1.0,1,26.0
881,2024,Bahrain_Grand_Prix,GAS,Alpine,20.0,20.0,18,0.0
882,2024,Bahrain_Grand_Prix,PER,Red Bull Racing,5.0,5.0,2,18.0
883,2024,Bahrain_Grand_Prix,ALO,Aston Martin,6.0,6.0,9,2.0
884,2024,Bahrain_Grand_Prix,LEC,Ferrari,2.0,2.0,4,12.0
885,2024,Bahrain_Grand_Prix,STR,Aston Martin,12.0,12.0,10,1.0
886,2024,Bahrain_Grand_Prix,MAG,Haas F1 Team,15.0,15.0,12,0.0
887,2024,Bahrain_Grand_Prix,TSU,RB,11.0,11.0,14,0.0
888,2024,Bahrain_Grand_Prix,ALB,Williams,13.0,13.0,15,0.0
889,2024,Bahrain_Grand_Prix,ZHO,Kick Sauber,17.0,17.0,11,0.0
890,2024,Bahrain_Grand_Prix,HUL,Haas F1 Team,10.0,10.0,16,0.0
891,2024,Bahrain_Grand_Prix,RIC,RB,14.0,14.0,13,0.0
892,2024,Bahrain_Grand_Prix,OCO,Alpine,19.0,19.0,17,0.0
893,2024,Bahrain_Grand_Prix,NOR,McLaren,7.0,7.0,6,8.0
894,2024,Bahrain_Grand_Prix,HAM,Mercedes,9.0,9.0,7,6.0
895,2024,Bahrain_Grand_Prix,SAI,Ferrari,4.0,4.0,3,15.0
896,2024,Bahrain_Grand_Prix,RUS,Mercedes,3.0,3.0,5,10.0
897,2024,Bahrain_Grand_Prix,BOT,Kick Sauber,16.0,16.0,19,0.0
898,2024,Bahrain_Grand_Prix,PIA,McLaren,8.0,8.0,8,4.0
899,2024,Saudi_Arabian_Grand_Prix,VER,Red Bull Racing,1.0,1.0,1,25.0
900,2024,Saudi_Arabian_Grand_Prix,GAS,Alpine,18.0,18.0,R,0.0
901,2024,Saudi_Arabian_Grand_Prix,PER,Red Bull Racing,3.0,3.0,2,18.0
902,2024,Saudi_Arabian_Grand_Prix,ALO,Aston Martin,4.0,4.0,5,10.0
903,2024,Saudi_Arabian_Grand_Prix,LEC,Ferrari,2.0,2.0,3,16.0
904,2024,Saudi_Arabian_Grand_Prix,STR,Aston Martin,10.0,10.0,R,0.0
905,2024,Saudi_Arabian_Grand_Prix,MAG,Haas F1 Team,13.0,13.0,12,0.0
906,2024,Saudi_Arabian_Grand_Prix,TSU,RB,9.0,9.0,15,0.0
907,2024,Saudi_Arabian_Grand_Prix,ALB,Williams,12.0,12.0,11,0.0
908,2024,Saudi_Arabian_Grand_Prix,ZHO,Kick Sauber,20.0,20.0,18,0.0
909,2024,Saudi_Arabian_Grand_Prix,HUL,Haas F1 Team,15.0,15.0,10,1.0
910,2024,Saudi_Arabian_Grand_Prix,RIC,RB,14.0,14.0,16,0.0
911,2024,Saudi_Arabian_Grand_Prix,OCO,Alpine,17.0,17.0,13,0.0
912,2024,Saudi_Arabian_Grand_Prix,NOR,McLaren,6.0,6.0,8,4.0
913,2024,Saudi_Arabian_Grand_Prix,HAM,Mercedes,8.0,8.0,9,2.0
914,2024,Saudi_Arabian_Grand_Prix,SAI,,,,,
915,2024,Saudi_Arabian_Grand_Prix,RUS,Mercedes,7.0,7.0,6,8.0
916,2024,Saudi_Arabian_Grand_Prix,BOT,Kick Sauber,16.0,16.0,17,0.0
917,2024,Saudi_Arabian_Grand_Prix,PIA,McLaren,5.0,5.0,4,12.0
918,2024,Australian_Grand_Prix,VER,Red Bull Racing,1.0,1.0,R,0.0
919,2024,Australian_Grand_Prix,GAS,Alpine,17.0,17.0,13,0.0
920,2024,Australian_Grand_Prix,PER,Red Bull Racing,3.0,6.0,5,10.0
921,2024,Australian_Grand_Prix,ALO,Aston Martin,10.0,10.0,8,4.0
922,2024,Australian_Grand_Prix,LEC,Ferrari,5.0,4.0,2,19.0
923,2024,Australian_Grand_Prix,STR,Aston Martin,9.0,9.0,6,8.0
924,2024,Australian_Grand_Prix,MAG,Haas F1 Team,14.0,14.0,10,1.0
925,2024,Australian_Grand_Prix,TSU,RB,8.0,8.0,7,6.0
926,2024,Australian_Grand_Prix,ALB,Williams,12.0,12.0,11,0.0
927,2024,Australian_Grand_Prix,ZHO,Kick Sauber,19.0,19.0,15,0.0
928,2024,Australian_Grand_Prix,HUL,Haas F1 Team,16.0,16.0,9,2.0
929,2024,Australian_Grand_Prix,RIC,RB,18.0,18.0,12,0.0
930,2024,Australian_Grand_Prix,OCO,Alpine,15.0,15.0,16,0.0
931,2024,Australian_Grand_Prix,NOR,McLaren,4.0,3.0,3,15.0
932,2024,Australian_Grand_Prix,HAM,Mercedes,11.0,11.0,R,0.0
933,2024,Australian_Grand_Prix,SAI,Ferrari,2.0,2.0,1,25.0
934,2024,Australian_Grand_Prix,RUS,Mercedes,7.0,7.0,17,0.0
935,2024,Australian_Grand_Prix,BOT,Kick Sauber,13.0,13.0,14,0.0
936,2024,Australian_Grand_Prix,PIA,McLaren,6.0,5.0,4,12.0
937,2024,Japanese_Grand_Prix,VER,Red Bull Racing,1.0,1.0,1,26.0
938,2024,Japanese_Grand_Prix,GAS,Alpine,17.0,17.0,16,0.0
939,2024,Japanese_Grand_Prix,PER,Red Bull Racing,2.0,2.0,2,18.0
940,2024,Japanese_Grand_Prix,ALO,Aston Martin,5.0,5.0,6,8.0
941,2024,Japanese_Grand_Prix,LEC,Ferrari,8.0,8.0,4,12.0
942,2024,Japanese_Grand_Prix,STR,Aston Martin,16.0,16.0,12,0.0
943,2024,Japanese_Grand_Prix,MAG,Haas F1 Team,18.0,18.0,13,0.0
944,2024,Japanese_Grand_Prix,TSU,RB,10.0,10.0,10,1.0
945,2024,Japanese_Grand_Prix,ALB,Williams,14.0,14.0,R,0.0
946,2024,Japanese_Grand_Prix,ZHO,Kick Sauber,20.0,20.0,R,0.0
947,2024,Japanese_Grand_Prix,HUL,Haas F1 Team,12.0,12.0,11,0.0
948,2024,Japanese_Grand_Prix,RIC,RB,11.0,11.0,R,0.0
949,2024,Japanese_Grand_Prix,OCO,Alpine,15.0,15.0,15,0.0
950,2024,Japanese_Grand_Prix,NOR,McLaren,3.0,3.0,5,10.0
951,2024,Japanese_Grand_Prix,HAM,Mercedes,7.0,7.0,9,2.0
952,2024,Japanese_Grand_Prix,SAI,Ferrari,4.0,4.0,3,15.0
953,2024,Japanese_Grand_Prix,RUS,Mercedes,9.0,9.0,7,6.0
954,2024,Japanese_Grand_Prix,BOT,Kick Sauber,13.0,13.0,14,0.0
955,2024,Japanese_Grand_Prix,PIA,McLaren,6.0,6.0,8,4.0
956,2024,Chinese_Grand_Prix,VER,Red Bull Racing,1.0,1.0,1,25.0
957,2024,Chinese_Grand_Prix,GAS,Alpine,15.0,15.0,13,0.0
958,2024,Chinese_Grand_Prix,PER,Red Bull Racing,2.0,2.0,3,15.0
959,2024,Chinese_Grand_Prix,ALO,Aston Martin,3.0,3.0,7,7.0
960,2024,Chinese_Grand_Prix,LEC,Ferrari,6.0,6.0,4,12.0
961,2024,Chinese_Grand_Prix,STR,Aston Martin,11.0,11.0,15,0.0
962,2024,Chinese_Grand_Prix,MAG,Haas F1 Team,17.0,17.0,16,0.0
963,2024,Chinese_Grand_Prix,TSU,RB,19.0,19.0,R,0.0
964,2024,Chinese_Grand_Prix,ALB,Williams,14.0,14.0,12,0.0
965,2024,Chinese_Grand_Prix,ZHO,Kick Sauber,16.0,16.0,14,0.0
966,2024,Chinese_Grand_Prix,HUL,Haas F1 Team,9.0,9.0,10,1.0
967,2024,Chinese_Grand_Prix,RIC,RB,12.0,12.0,R,0.0
968,2024,Chinese_Grand_Prix,OCO,Alpine,13.0,13.0,11,0.0
969,2024,Chinese_Grand_Prix,NOR,McLaren,4.0,4.0,2,18.0
970,2024,Chinese_Grand_Prix,HAM,Mercedes,18.0,18.0,9,2.0
971,2024,Chinese_Grand_Prix,SAI,Ferrari,7.0,7.0,5,10.0
972,2024,Chinese_Grand_Prix,RUS,Mercedes,8.0,8.0,6,8.0
973,2024,Chinese_Grand_Prix,BOT,Kick Sauber,10.0,10.0,R,0.0
974,2024,Chinese_Grand_Prix,PIA,McLaren,5.0,5.0,8,4.0
975,2024,Miami_Grand_Prix,VER,Red Bull Racing,1.0,1.0,2,18.0
976,2024,Miami_Grand_Prix,GAS,Alpine,12.0,12.0,12,0.0
977,2024,Miami_Grand_Prix,PER,Red Bull Racing,4.0,4.0,4,12.0
978,2024,Miami_Grand_Prix,ALO,Aston Martin,15.0,15.0,9,2.0
979,2024,Miami_Grand_Prix,LEC,Ferrari,2.0,2.0,3,15.0
980,2024,Miami_Grand_Prix,STR,Aston Martin,11.0,11.0,17,0.0
981,2024,Miami_Grand_Prix,MAG,Haas F1 Team,19.0,18.0,19,0.0
982,2024,Miami_Grand_Prix,TSU,RB,10.0,10.0,7,6.0
983,2024,Miami_Grand_Prix,ALB,Williams,14.0,14.0,18,0.0
984,2024,Miami_Grand_Prix,ZHO,Kick Sauber,20.0,19.0,14,0.0
985,2024,Miami_Grand_Prix,HUL,Haas F1 Team,9.0,9.0,11,0.0
986,2024,Miami_Grand_Prix,RIC,RB,18.0,20.0,15,0.0
987,2024,Miami_Grand_Prix,OCO,Alpine,13.0,13.0,10,1.0
988,2024,Miami_Grand_Prix,NOR,McLaren,5.0,5.0,1,25.0
989,2024,Miami_Grand_Prix,HAM,Mercedes,8.0,8.0,6,8.0
990,2024,Miami_Grand_Prix,SAI,Ferrari,3.0,3.0,5,10.0
991,2024,Miami_Grand_Prix,RUS,Mercedes,7.0,7.0,8,4.0
992,2024,Miami_Grand_Prix,BOT,Kick Sauber,16.0,16.0,16,0.0
993,2024,Miami_Grand_Prix,PIA,McLaren,6.0,6.0,13,0.0
994,2024,Emilia_Romagna_Grand_Prix,VER,Red Bull Racing,1.0,1.0,1,25.0
995,2024,Emilia_Romagna_Grand_Prix,GAS,Alpine,15.0,15.0,16,0.0
996,2024,Emilia_Romagna_Grand_Prix,PER,Red Bull Racing,11.0,11.0,8,4.0
997,2024,Emilia_Romagna_Grand_Prix,ALO,Aston Martin,19.0,20.0,19,0.0
998,2024,Emilia_Romagna_Grand_Prix,LEC,Ferrari,4.0,3.0,3,15.0
999,2024,Emilia_Romagna_Grand_Prix,STR,Aston Martin,13.0,13.0,9,2.0
1000,2024,Emilia_Romagna_Grand_Prix,MAG,Haas F1 Team,18.0,18.0,12,0.0
1001,2024,Emilia_Romagna_Grand_Prix,TSU,RB,7.0,7.0,10,1.0
1002,2024,Emilia_Romagna_Grand_Prix,ALB,Williams,14.0,14.0,R,0.0
1003,2024,Emilia_Romagna_Grand_Prix,ZHO,Kick Sauber,17.0,17.0,15,0.0
1004,2024,Emilia_Romagna_Grand_Prix,HUL,Haas F1 Team,10.0,10.0,11,0.0
1005,2024,Emilia_Romagna_Grand_Prix,RIC,RB,9.0,9.0,13,0.0
1006,2024,Emilia_Romagna_Grand_Prix,OCO,Alpine,12.0,12.0,14,0.0
1007,2024,Emilia_Romagna_Grand_Prix,NOR,McLaren,3.0,2.0,2,18.0
1008,2024,Emilia_Romagna_Grand_Prix,HAM,Mercedes,8.0,8.0,6,8.0
1009,2024,Emilia_Romagna_Grand_Prix,SAI,Ferrari,5.0,4.0,5,10.0
1010,2024,Emilia_Romagna_Grand_Prix,RUS,Mercedes,6.0,6.0,7,7.0
1011,2024,Emilia_Romagna_Grand_Prix,BOT,Kick Sauber,16.0,16.0,18,0.0
1012,2024,Emilia_Romagna_Grand_Prix,PIA,McLaren,2.0,5.0,4,12.0
1013,2024,Monaco_Grand_Prix,VER,Red Bull Racing,6.0,6.0,6,8.0
1014,2024,Monaco_Grand_Prix,GAS,Alpine,10.0,10.0,10,1.0
1015,2024,Monaco_Grand_Prix,PER,Red Bull Racing,16.0,16.0,R,0.0
1016,2024,Monaco_Grand_Prix,ALO,Aston Martin,14.0,14.0,11,0.0
1017,2024,Monaco_Grand_Prix,LEC,Ferrari,1.0,1.0,1,25.0
1018,2024,Monaco_Grand_Prix,STR,Aston Martin,13.0,13.0,14,0.0
1019,2024,Monaco_Grand_Prix,MAG,Haas F1 Team,15.0,20.0,R,0.0
1020,2024,Monaco_Grand_Prix,TSU,RB,8.0,8.0,8,4.0
1021,2024,Monaco_Grand_Prix,ALB,Williams,9.0,9.0,9,2.0
1022,2024,Monaco_Grand_Prix,ZHO,Kick Sauber,18.0,18.0,16,0.0
1023,2024,Monaco_Grand_Prix,HUL,Haas F1 Team,14.0,19.0,R,0.0
1024,2024,Monaco_Grand_Prix,RIC,RB,12.0,12.0,12,0.0
1025,2024,Monaco_Grand_Prix,OCO,Alpine,11.0,11.0,R,0.0
1026,2024,Monaco_Grand_Prix,NOR,McLaren,4.0,4.0,4,12.0
1027,2024,Monaco_Grand_Prix,HAM,Mercedes,7.0,7.0,7,7.0
1028,2024,Monaco_Grand_Prix,SAI,Ferrari,3.0,3.0,3,15.0
1029,2024,Monaco_Grand_Prix,RUS,Mercedes,5.0,5.0,5,10.0
1030,2024,Monaco_Grand_Prix,BOT,Kick Sauber,17.0,17.0,13,0.0
1031,2024,Monaco_Grand_Prix,PIA,McLaren,2.0,2.0,2,18.0
1032,2024,Canadian_Grand_Prix,VER,Red Bull Racing,2.0,2.0,1,25.0
1033,2024,Canadian_Grand_Prix,GAS,Alpine,15.0,15.0,9,2.0
1034,2024,Canadian_Grand_Prix,PER,Red Bull Racing,16.0,16.0,R,0.0
1035,2024,Canadian_Grand_Prix,ALO,Aston Martin,6.0,6.0,6,8.0
1036,2024,Canadian_Grand_Prix,LEC,Ferrari,11.0,11.0,R,0.0
1037,2024,Canadian_Grand_Prix,STR,Aston Martin,9.0,9.0,7,6.0
1038,2024,Canadian_Grand_Prix,MAG,Haas F1 Team,14.0,14.0,12,0.0
1039,2024,Canadian_Grand_Prix,TSU,RB,8.0,8.0,14,0.0
1040,2024,Canadian_Grand_Prix,ALB,Williams,10.0,10.0,R,0.0
1041,2024,Canadian_Grand_Prix,ZHO,Kick Sauber,20.0,20.0,15,0.0
1042,2024,Canadian_Grand_Prix,HUL,Haas F1 Team,19.0,17.0,11,0.0
1043,2024,Canadian_Grand_Prix,RIC,RB,5.0,5.0,8,4.0
1044,2024,Canadian_Grand_Prix,OCO,Alpine,18.0,18.0,10,1.0
1045,2024,Canadian_Grand_Prix,NOR,McLaren,3.0,3.0,2,18.0
1046,2024,Canadian_Grand_Prix,HAM,Mercedes,7.0,7.0,4,13.0
1047,2024,Canadian_Grand_Prix,SAI,Ferrari,12.0,12.0,R,0.0
1048,2024,Canadian_Grand_Prix,RUS,Mercedes,1.0,1.0,3,15.0
1049,2024,Canadian_Grand_Prix,BOT,Kick Sauber,17.0,19.0,13,0.0
1050,2024,Canadian_Grand_Prix,PIA,McLaren,4.0,4.0,5,10.0
1051,2024,Spanish_Grand_Prix,VER,Red Bull Racing,2.0,2.0,1,25.0
1052,2024,Spanish_Grand_Prix,GAS,Alpine,7.0,7.0,9,2.0
1053,2024,Spanish_Grand_Prix,PER,Red Bull Racing,8.0,11.0,8,4.0
1054,2024,Spanish_Grand_Prix,ALO,Aston Martin,11.0,10.0,12,0.0
1055,2024,Spanish_Grand_Prix,LEC,Ferrari,5.0,5.0,5,10.0
1056,2024,Spanish_Grand_Prix,STR,Aston Martin,14.0,14.0,14,0.0
1057,2024,Spanish_Grand_Prix,MAG,Haas F1 Team,16.0,16.0,17,0.0
1058,2024,Spanish_Grand_Prix,TSU,RB,17.0,17.0,19,0.0
1059,2024,Spanish_Grand_Prix,ALB,Williams,19.0,20.0,18,0.0
1060,2024,Spanish_Grand_Prix,ZHO,Kick Sauber,15.0,15.0,13,0.0
1061,2024,Spanish_Grand_Prix,HUL,Haas F1 Team,13.0,13.0,11,0.0
1062,2024,Spanish_Grand_Prix,RIC,RB,18.0,18.0,15,0.0
1063,2024,Spanish_Grand_Prix,OCO,Alpine,9.0,8.0,10,1.0
1064,2024,Spanish_Grand_Prix,NOR,McLaren,1.0,1.0,2,19.0
1065,2024,Spanish_Grand_Prix,HAM,Mercedes,3.0,3.0,3,15.0
1066,2024,Spanish_Grand_Prix,SAI,Ferrari,6.0,6.0,6,8.0
1067,2024,Spanish_Grand_Prix,RUS,Mercedes,4.0,4.0,4,12.0
1068,2024,Spanish_Grand_Prix,BOT,Kick Sauber,12.0,12.0,16,0.0
1069,2024,Spanish_Grand_Prix,PIA,McLaren,10.0,9.0,7,6.0
1070,2024,Austrian_Grand_Prix,VER,Red Bull Racing,1.0,1.0,5,10.0
1071,2024,Austrian_Grand_Prix,GAS,Alpine,13.0,13.0,10,1.0
1072,2024,Austrian_Grand_Prix,PER,Red Bull Racing,8.0,8.0,7,6.0
1073,2024,Austrian_Grand_Prix,ALO,Aston Martin,15.0,15.0,18,0.0
1074,2024,Austrian_Grand_Prix,LEC,Ferrari,6.0,6.0,11,0.0
1075,2024,Austrian_Grand_Prix,STR,Aston Martin,17.0,17.0,13,0.0
1076,2024,Austrian_Grand_Prix,MAG,Haas F1 Team,12.0,12.0,8,4.0
1077,2024,Austrian_Grand_Prix,TSU,RB,14.0,14.0,14,0.0
1078,2024,Austrian_Grand_Prix,ALB,Williams,16.0,16.0,15,0.0
1079,2024,Austrian_Grand_Prix,ZHO,Kick Sauber,20.0,20.0,17,0.0
1080,2024,Austrian_Grand_Prix,HUL,Haas F1 Team,9.0,9.0,6,8.0
1081,2024,Austrian_Grand_Prix,RIC,RB,11.0,11.0,9,2.0
1082,2024,Austrian_Grand_Prix,OCO,Alpine,10.0,10.0,12,0.0
1083,2024,Austrian_Grand_Prix,NOR,McLaren,2.0,2.0,20,0.0
1084,2024,Austrian_Grand_Prix,HAM,Mercedes,5.0,5.0,4,12.0
1085,2024,Austrian_Grand_Prix,SAI,Ferrari,4.0,4.0,3,15.0
1086,2024,Austrian_Grand_Prix,RUS,Mercedes,3.0,3.0,1,25.0
1087,2024,Austrian_Grand_Prix,BOT,Kick Sauber,18.0,18.0,16,0.0
1088,2024,Austrian_Grand_Prix,PIA,McLaren,7.0,7.0,2,18.0
1089,2024,British_Grand_Prix,VER,Red Bull Racing,4.0,4.0,2,18.0
1090,2024,British_Grand_Prix,GAS,Alpine,20.0,19.0,W,0.0
1091,2024,British_Grand_Prix,PER,Red Bull Racing,19.0,20.0,17,0.0
1092,2024,British_Grand_Prix,ALO,Aston Martin,10.0,10.0,8,4.0
1093,2024,British_Grand_Prix,LEC,Ferrari,11.0,11.0,14,0.0
1094,2024,British_Grand_Prix,STR,Aston Martin,8.0,8.0,7,6.0
1095,2024,British_Grand_Prix,MAG,Haas F1 Team,17.0,17.0,12,0.0
1096,2024,British_Grand_Prix,TSU,RB,13.0,13.0,10,1.0
1097,2024,British_Grand_Prix,ALB,Williams,9.0,9.0,9,2.0
1098,2024,British_Grand_Prix,ZHO,Kick Sauber,14.0,14.0,18,0.0
1099,2024,British_Grand_Prix,HUL,Haas F1 Team,6.0,6.0,6,8.0
1100,2024,British_Grand_Prix,RIC,RB,15.0,15.0,13,0.0
1101,2024,British_Grand_Prix,OCO,Alpine,18.0,18.0,16,0.0
1102,2024,British_Grand_Prix,NOR,McLaren,3.0,3.0,3,15.0
1103,2024,British_Grand_Prix,HAM,Mercedes,2.0,2.0,1,25.0
1104,2024,British_Grand_Prix,SAI,Ferrari,7.0,7.0,5,11.0
1105,2024,British_Grand_Prix,RUS,Mercedes,1.0,1.0,R,0.0
1106,2024,British_Grand_Prix,BOT,Kick Sauber,16.0,16.0,15,0.0
1107,2024,British_Grand_Prix,PIA,McLaren,5.0,5.0,4,12.0
1108,2024,Hungarian_Grand_Prix,VER,Red Bull Racing,3.0,3.0,5,10.0
1109,2024,Hungarian_Grand_Prix,GAS,Alpine,20.0,20.0,R,0.0
1110,2024,Hungarian_Grand_Prix,PER,Red Bull Racing,16.0,16.0,7,6.0
1111,2024,Hungarian_Grand_Prix,ALO,Aston Martin,7.0,7.0,11,0.0
1112,2024,Hungarian_Grand_Prix,LEC,Ferrari,6.0,6.0,4,12.0
1113,2024,Hungarian_Grand_Prix,STR,Aston Martin,8.0,8.0,10,1.0
1114,2024,Hungarian_Grand_Prix,MAG,Haas F1 Team,15.0,15.0,15,0.0
1115,2024,Hungarian_Grand_Prix,TSU,RB,10.0,10.0,9,2.0
1116,2024,Hungarian_Grand_Prix,ALB,Williams,13.0,13.0,14,0.0
1117,2024,Hungarian_Grand_Prix,ZHO,Kick Sauber,18.0,18.0,19,0.0
1118,2024,Hungarian_Grand_Prix,HUL,Haas F1 Team,11.0,11.0,13,0.0
1119,2024,Hungarian_Grand_Prix,RIC,RB,9.0,9.0,12,0.0
1120,2024,Hungarian_Grand_Prix,OCO,Alpine,19.0,19.0,18,0.0
1121,2024,Hungarian_Grand_Prix,NOR,McLaren,1.0,1.0,2,18.0
1122,2024,Hungarian_Grand_Prix,HAM,Mercedes,5.0,5.0,3,15.0
1123,2024,Hungarian_Grand_Prix,SAI,Ferrari,4.0,4.0,6,8.0
1124,2024,Hungarian_Grand_Prix,RUS,Mercedes,17.0,17.0,8,5.0
1125,2024,Hungarian_Grand_Prix,BOT,Kick Sauber,12.0,12.0,16,0.0
1126,2024,Hungarian_Grand_Prix,PIA,McLaren,2.0,2.0,1,25.0
1127,2024,Belgian_Grand_Prix,VER,Red Bull Racing,1.0,11.0,4,12.0
1128,2024,Belgian_Grand_Prix,GAS,Alpine,12.0,12.0,13,0.0
1129,2024,Belgian_Grand_Prix,PER,Red Bull Racing,3.0,2.0,7,7.0
1130,2024,Belgian_Grand_Prix,ALO,Aston Martin,9.0,8.0,8,4.0
1131,2024,Belgian_Grand_Prix,LEC,Ferrari,2.0,1.0,3,15.0
1132,2024,Belgian_Grand_Prix,STR,Aston Martin,15.0,15.0,11,0.0
1133,2024,Belgian_Grand_Prix,MAG,Haas F1 Team,17.0,17.0,14,0.0
1134,2024,Belgian_Grand_Prix,TSU,RB,18.0,20.0,16,0.0
1135,2024,Belgian_Grand_Prix,ALB,Williams,11.0,10.0,12,0.0
1136,2024,Belgian_Grand_Prix,ZHO,Kick Sauber,20.0,19.0,R,0.0
1137,2024,Belgian_Grand_Prix,HUL,Haas F1 Team,16.0,16.0,18,0.0
1138,2024,Belgian_Grand_Prix,RIC,RB,13.0,13.0,10,1.0
1139,2024,Belgian_Grand_Prix,OCO,Alpine,10.0,9.0,9,2.0
1140,2024,Belgian_Grand_Prix,NOR,McLaren,5.0,4.0,5,10.0
1141,2024,Belgian_Grand_Prix,HAM,Mercedes,4.0,3.0,1,25.0
1142,2024,Belgian_Grand_Prix,SAI,Ferrari,8.0,7.0,6,8.0
1143,2024,Belgian_Grand_Prix,RUS,Mercedes,7.0,6.0,20,0.0
1144,2024,Belgian_Grand_Prix,BOT,Kick Sauber,14.0,14.0,15,0.0
1145,2024,Belgian_Grand_Prix,PIA,McLaren,6.0,5.0,2,18.0
1146,2024,Dutch_Grand_Prix,VER,Red Bull Racing,2.0,2.0,2,18.0
1147,2024,Dutch_Grand_Prix,GAS,Alpine,9.0,9.0,9,2.0
1148,2024,Dutch_Grand_Prix,PER,Red Bull Racing,5.0,5.0,6,8.0
1149,2024,Dutch_Grand_Prix,ALO,Aston Martin,7.0,7.0,10,1.0
1150,2024,Dutch_Grand_Prix,LEC,Ferrari,6.0,6.0,3,15.0
1151,2024,Dutch_Grand_Prix,STR,Aston Martin,8.0,8.0,13,0.0
1152,2024,Dutch_Grand_Prix,MAG,Haas F1 Team,14.0,20.0,18,0.0
1153,2024,Dutch_Grand_Prix,TSU,RB,12.0,11.0,17,0.0
1154,2024,Dutch_Grand_Prix,ALB,Williams,10.0,19.0,14,0.0
1155,2024,Dutch_Grand_Prix,ZHO,Kick Sauber,18.0,17.0,20,0.0
1156,2024,Dutch_Grand_Prix,HUL,Haas F1 Team,13.0,12.0,11,0.0
1157,2024,Dutch_Grand_Prix,RIC,RB,15.0,13.0,12,0.0
1158,2024,Dutch_Grand_Prix,OCO,Alpine,16.0,15.0,15,0.0
1159,2024,Dutch_Grand_Prix,NOR,McLaren,1.0,1.0,1,26.0
1160,2024,Dutch_Grand_Prix,HAM,Mercedes,11.0,14.0,8,4.0
1161,2024,Dutch_Grand_Prix,SAI,Ferrari,10.0,10.0,5,10.0
1162,2024,Dutch_Grand_Prix,RUS,Mercedes,4.0,4.0,7,6.0
1163,2024,Dutch_Grand_Prix,BOT,Kick Sauber,17.0,16.0,19,0.0
1164,2024,Dutch_Grand_Prix,PIA,McLaren,3.0,3.0,4,12.0
1165,2024,Italian_Grand_Prix,VER,Red Bull Racing,7.0,7.0,6,8.0
1166,2024,Italian_Grand_Prix,GAS,Alpine,14.0,14.0,15,0.0
1167,2024,Italian_Grand_Prix,PER,Red Bull Racing,8.0,8.0,8,4.0
1168,2024,Italian_Grand_Prix,ALO,Aston Martin,11.0,11.0,11,0.0
1169,2024,Italian_Grand_Prix,LEC,Ferrari,4.0,4.0,1,25.0
1170,2024,Italian_Grand_Prix,STR,Aston Martin,17.0,17.0,19,0.0
1171,2024,Italian_Grand_Prix,MAG,Haas F1 Team,13.0,13.0,10,1.0
1172,2024,Italian_Grand_Prix,TSU,RB,16.0,16.0,R,0.0
1173,2024,Italian_Grand_Prix,ALB,Williams,9.0,9.0,9,2.0
1174,2024,Italian_Grand_Prix,ZHO,Kick Sauber,20.0,20.0,18,0.0
1175,2024,Italian_Grand_Prix,HUL,Haas F1 Team,10.0,10.0,17,0.0
1176,2024,Italian_Grand_Prix,RIC,RB,12.0,12.0,13,0.0
1177,2024,Italian_Grand_Prix,OCO,Alpine,15.0,15.0,14,0.0
1178,2024,Italian_Grand_Prix,NOR,McLaren,1.0,1.0,3,16.0
1179,2024,Italian_Grand_Prix,HAM,Mercedes,6.0,6.0,5,10.0
1180,2024,Italian_Grand_Prix,SAI,Ferrari,5.0,5.0,4,12.0
1181,2024,Italian_Grand_Prix,RUS,Mercedes,3.0,3.0,7,6.0
1182,2024,Italian_Grand_Prix,BOT,Kick Sauber,19.0,19.0,16,0.0
1183,2024,Italian_Grand_Prix,PIA,McLaren,2.0,2.0,2,18.0
1184,2024,Azerbaijan_Grand_Prix,VER,Red Bull Racing,6.0,6.0,5,10.0
1185,2024,Azerbaijan_Grand_Prix,GAS,Alpine,15.0,18.0,12,0.0
1186,2024,Azerbaijan_Grand_Prix,PER,Red Bull Racing,4.0,4.0,17,0.0
1187,2024,Azerbaijan_Grand_Prix,ALO,Aston Martin,8.0,7.0,6,8.0
1188,2024,Azerbaijan_Grand_Prix,LEC,Ferrari,1.0,1.0,2,18.0
1189,2024,Azerbaijan_Grand_Prix,STR,Aston Martin,14.0,13.0,19,0.0
1190,2024,Azerbaijan_Grand_Prix,MAG,,,,,
1191,2024,Azerbaijan_Grand_Prix,TSU,RB,12.0,11.0,R,0.0
1192,2024,Azerbaijan_Grand_Prix,ALB,Williams,10.0,9.0,7,6.0
1193,2024,Azerbaijan_Grand_Prix,ZHO,Kick Sauber,18.0,17.0,14,0.0
1194,2024,Azerbaijan_Grand_Prix,HUL,Haas F1 Team,13.0,12.0,11,0.0
1195,2024,Azerbaijan_Grand_Prix,RIC,RB,15.0,14.0,13,0.0
1196,2024,Azerbaijan_Grand_Prix,OCO,Alpine,19.0,20.0,15,0.0
1197,2024,Azerbaijan_Grand_Prix,NOR,McLaren,16.0,15.0,4,13.0
1198,2024,Azerbaijan_Grand_Prix,HAM,Mercedes,7.0,19.0,9,2.0
1199,2024,Azerbaijan_Grand_Prix,SAI,Ferrari,3.0,3.0,18,0.0
1200,2024,Azerbaijan_Grand_Prix,RUS,Mercedes,5.0,5.0,3,15.0
1201,2024,Azerbaijan_Grand_Prix,BOT,Kick Sauber,17.0,16.0,16,0.0
1202,2024,Azerbaijan_Grand_Prix,PIA,McLaren,2.0,2.0,1,25.0
1203,2024,Singapore_Grand_Prix,VER,Red Bull Racing,2.0,2.0,2,18.0
1204,2024,Singapore_Grand_Prix,GAS,Alpine,18.0,18.0,17,0.0
1205,2024,Singapore_Grand_Prix,PER,Red Bull Racing,13.0,13.0,10,1.0
1206,2024,Singapore_Grand_Prix,ALO,Aston Martin,7.0,7.0,8,4.0
1207,2024,Singapore_Grand_Prix,LEC,Ferrari,9.0,9.0,5,10.0
1208,2024,Singapore_Grand_Prix,STR,Aston Martin,17.0,17.0,14,0.0
1209,2024,Singapore_Grand_Prix,MAG,Haas F1 Team,14.0,14.0,19,0.0
1210,2024,Singapore_Grand_Prix,TSU,RB,8.0,8.0,12,0.0
1211,2024,Singapore_Grand_Prix,ALB,Williams,11.0,11.0,R,0.0
1212,2024,Singapore_Grand_Prix,ZHO,Kick Sauber,20.0,20.0,15,0.0
1213,2024,Singapore_Grand_Prix,HUL,Haas F1 Team,6.0,6.0,9,2.0
1214,2024,Singapore_Grand_Prix,RIC,RB,16.0,16.0,18,0.0
1215,2024,Singapore_Grand_Prix,OCO,Alpine,15.0,15.0,13,0.0
1216,2024,Singapore_Grand_Prix,NOR,McLaren,1.0,1.0,1,25.0
1217,2024,Singapore_Grand_Prix,HAM,Mercedes,3.0,3.0,6,8.0
1218,2024,Singapore_Grand_Prix,SAI,Ferrari,10.0,10.0,7,6.0
1219,2024,Singapore_Grand_Prix,RUS,Mercedes,4.0,4.0,4,12.0
1220,2024,Singapore_Grand_Prix,BOT,Kick Sauber,19.0,19.0,16,0.0
1221,2024,Singapore_Grand_Prix,PIA,McLaren,5.0,5.0,3,15.0
1222,2024,United_States_Grand_Prix,VER,Red Bull Racing,2.0,2.0,3,15.0
1223,2024,United_States_Grand_Prix,GAS,Alpine,7.0,6.0,12,0.0
1224,2024,United_States_Grand_Prix,PER,Red Bull Racing,10.0,9.0,7,6.0
1225,2024,United_States_Grand_Prix,ALO,Aston Martin,8.0,7.0,13,0.0
1226,2024,United_States_Grand_Prix,LEC,Ferrari,4.0,4.0,1,25.0
1227,2024,United_States_Grand_Prix,STR,Aston Martin,14.0,13.0,15,0.0
1228,2024,United_States_Grand_Prix,MAG,Haas F1 Team,9.0,8.0,11,0.0
1229,2024,United_States_Grand_Prix,TSU,RB,11.0,10.0,14,0.0
1230,2024,United_States_Grand_Prix,ALB,Williams,16.0,14.0,16,0.0
1231,2024,United_States_Grand_Prix,ZHO,Kick Sauber,20.0,18.0,19,0.0
1232,2024,United_States_Grand_Prix,HUL,Haas F1 Team,12.0,11.0,8,4.0
1233,2024,United_States_Grand_Prix,RIC,,,,,
1234,2024,United_States_Grand_Prix,OCO,Alpine,13.0,12.0,18,0.0
1235,2024,United_States_Grand_Prix,NOR,McLaren,1.0,1.0,4,12.0
1236,2024,United_States_Grand_Prix,HAM,Mercedes,19.0,17.0,R,0.0
1237,2024,United_States_Grand_Prix,SAI,Ferrari,3.0,3.0,2,18.0
1238,2024,United_States_Grand_Prix,RUS,Mercedes,6.0,20.0,6,8.0
1239,2024,United_States_Grand_Prix,BOT,Kick Sauber,18.0,16.0,17,0.0
1240,2024,United_States_Grand_Prix,PIA,McLaren,5.0,5.0,5,10.0
1241,2024,Mexico_City_Grand_Prix,VER,Red Bull Racing,2.0,2.0,6,8.0
1242,2024,Mexico_City_Grand_Prix,GAS,Alpine,8.0,8.0,10,1.0
1243,2024,Mexico_City_Grand_Prix,PER,Red Bull Racing,18.0,18.0,17,0.0
1244,2024,Mexico_City_Grand_Prix,ALO,Aston Martin,13.0,13.0,R,0.0
1245,2024,Mexico_City_Grand_Prix,LEC,Ferrari,4.0,4.0,3,16.0
1246,2024,Mexico_City_Grand_Prix,STR,Aston Martin,14.0,14.0,11,0.0
1247,2024,Mexico_City_Grand_Prix,MAG,Haas F1 Team,7.0,7.0,7,6.0
1248,2024,Mexico_City_Grand_Prix,TSU,RB,11.0,11.0,R,0.0
1249,2024,Mexico_City_Grand_Prix,ALB,Williams,9.0,9.0,R,0.0
1250,2024,Mexico_City_Grand_Prix,ZHO,Kick Sauber,20.0,19.0,15,0.0
1251,2024,Mexico_City_Grand_Prix,HUL,Haas F1 Team,10.0,10.0,9,2.0
1252,2024,Mexico_City_Grand_Prix,RIC,,,,,
1253,2024,Mexico_City_Grand_Prix,OCO,Alpine,19.0,0.0,13,0.0
1254,2024,Mexico_City_Grand_Prix,NOR,McLaren,3.0,3.0,2,18.0
1255,2024,Mexico_City_Grand_Prix,HAM,Mercedes,6.0,6.0,4,12.0
1256,2024,Mexico_City_Grand_Prix,SAI,Ferrari,1.0,1.0,1,25.0
1257,2024,Mexico_City_Grand_Prix,RUS,Mercedes,5.0,5.0,5,10.0
1258,2024,Mexico_City_Grand_Prix,BOT,Kick Sauber,15.0,15.0,14,0.0
1259,2024,Mexico_City_Grand_Prix,PIA,McLaren,17.0,17.0,8,4.0
1260,2024,São_Paulo_Grand_Prix,VER,Red Bull Racing,12.0,17.0,1,26.0
1261,2024,São_Paulo_Grand_Prix,GAS,Alpine,15.0,13.0,3,15.0
1262,2024,São_Paulo_Grand_Prix,PER,Red Bull Racing,13.0,12.0,11,0.0
1263,2024,São_Paulo_Grand_Prix,ALO,Aston Martin,9.0,9.0,14,0.0
1264,2024,São_Paulo_Grand_Prix,LEC,Ferrari,6.0,6.0,5,10.0
1265,2024,São_Paulo_Grand_Prix,STR,Aston Martin,10.0,10.0,W,0.0
1266,2024,São_Paulo_Grand_Prix,MAG,,,,,
1267,2024,São_Paulo_Grand_Prix,TSU,RB,3.0,3.0,7,6.0
1268,2024,São_Paulo_Grand_Prix,ALB,Williams,7.0,7.0,W,0.0
1269,2024,São_Paulo_Grand_Prix,ZHO,Kick Sauber,20.0,19.0,15,0.0
1270,2024,São_Paulo_Grand_Prix,HUL,Haas F1 Team,19.0,18.0,D,0.0
1271,2024,São_Paulo_Grand_Prix,RIC,,,,,
1272,2024,São_Paulo_Grand_Prix,OCO,Alpine,4.0,4.0,2,18.0
1273,2024,São_Paulo_Grand_Prix,NOR,McLaren,1.0,1.0,6,8.0
1274,2024,São_Paulo_Grand_Prix,HAM,Mercedes,16.0,14.0,10,1.0
1275,2024,São_Paulo_Grand_Prix,SAI,Ferrari,14.0,20.0,R,0.0
1276,2024,São_Paulo_Grand_Prix,RUS,Mercedes,2.0,2.0,4,12.0
1277,2024,São_Paulo_Grand_Prix,BOT,Kick Sauber,11.0,11.0,13,0.0
1278,2024,São_Paulo_Grand_Prix,PIA,McLaren,8.0,8.0,8,4.0
1279,2024,Las_Vegas_Grand_Prix,VER,Red Bull Racing,5.0,5.0,5,10.0
1280,2024,Las_Vegas_Grand_Prix,GAS,Alpine,3.0,3.0,R,0.0
1281,2024,Las_Vegas_Grand_Prix,PER,Red Bull Racing,16.0,15.0,10,1.0
1282,2024,Las_Vegas_Grand_Prix,ALO,Aston Martin,17.0,16.0,11,0.0
1283,2024,Las_Vegas_Grand_Prix,LEC,Ferrari,4.0,4.0,4,12.0
1284,2024,Las_Vegas_Grand_Prix,STR,Aston Martin,20.0,18.0,15,0.0
1285,2024,Las_Vegas_Grand_Prix,MAG,Haas F1 Team,12.0,12.0,12,0.0
1286,2024,Las_Vegas_Grand_Prix,TSU,RB,7.0,7.0,9,2.0
1287,2024,Las_Vegas_Grand_Prix,ALB,Williams,18.0,17.0,R,0.0
1288,2024,Las_Vegas_Grand_Prix,ZHO,Kick Sauber,13.0,13.0,13,0.0
1289,2024,Las_Vegas_Grand_Prix,HUL,Haas F1 Team,9.0,9.0,8,4.0
1290,2024,Las_Vegas_Grand_Prix,RIC,,,,,
1291,2024,Las_Vegas_Grand_Prix,OCO,Alpine,11.0,11.0,17,0.0
1292,2024,Las_Vegas_Grand_Prix,NOR,McLaren,6.0,6.0,6,9.0
1293,2024,Las_Vegas_Grand_Prix,HAM,Mercedes,10.0,10.0,2,18.0
1294,2024,Las_Vegas_Grand_Prix,SAI,Ferrari,2.0,2.0,3,15.0
1295,2024,Las_Vegas_Grand_Prix,RUS,Mercedes,1.0,1.0,1,25.0
1296,2024,Las_Vegas_Grand_Prix,BOT,Kick Sauber,19.0,19.0,18,0.0
1297,2024,Las_Vegas_Grand_Prix,PIA,McLaren,8.0,8.0,7,6.0
1298,2024,Qatar_Grand_Prix,VER,Red Bull Racing,1.0,2.0,1,25.0
1299,2024,Qatar_Grand_Prix,GAS,Alpine,11.0,11.0,5,10.0
1300,2024,Qatar_Grand_Prix,PER,Red Bull Racing,9.0,9.0,R,0.0
1301,2024,Qatar_Grand_Prix,ALO,Aston Martin,8.0,8.0,7,6.0
1302,2024,Qatar_Grand_Prix,LEC,Ferrari,5.0,5.0,2,18.0
1303,2024,Qatar_Grand_Prix,STR,Aston Martin,15.0,15.0,R,0.0
1304,2024,Qatar_Grand_Prix,MAG,Haas F1 Team,10.0,10.0,9,2.0
1305,2024,Qatar_Grand_Prix,TSU,RB,14.0,14.0,13,0.0
1306,2024,Qatar_Grand_Prix,ALB,Williams,16.0,16.0,15,0.0
1307,2024,Qatar_Grand_Prix,ZHO,Kick Sauber,12.0,12.0,8,4.0
1308,2024,Qatar_Grand_Prix,HUL,Haas F1 Team,18.0,18.0,R,0.0
1309,2024,Qatar_Grand_Prix,RIC,,,,,
1310,2024,Qatar_Grand_Prix,OCO,Alpine,20.0,20.0,R,0.0
1311,2024,Qatar_Grand_Prix,NOR,McLaren,3.0,3.0,10,2.0
1312,2024,Qatar_Grand_Prix,HAM,Mercedes,6.0,6.0,12,0.0
1313,2024,Qatar_Grand_Prix,SAI,Ferrari,7.0,7.0,6,8.0
1314,2024,Qatar_Grand_Prix,RUS,Mercedes,2.0,1.0,4,12.0
1315,2024,Qatar_Grand_Prix,BOT,Kick Sauber,13.0,13.0,11,0.0
1316,2024,Qatar_Grand_Prix,PIA,McLaren,4.0,4.0,3,15.0
1317,2024,Abu_Dhabi_Grand_Prix,VER,Red Bull Racing,5.0,4.0,6,8.0
1318,2024,Abu_Dhabi_Grand_Prix,GAS,Alpine,6.0,5.0,7,6.0
1319,2024,Abu_Dhabi_Grand_Prix,PER,Red Bull Racing,10.0,10.0,R,0.0
1320,2024,Abu_Dhabi_Grand_Prix,ALO,Aston Martin,8.0,8.0,9,2.0
1321,2024,Abu_Dhabi_Grand_Prix,LEC,Ferrari,14.0,19.0,3,15.0
1322,2024,Abu_Dhabi_Grand_Prix,STR,Aston Martin,13.0,13.0,14,0.0
1323,2024,Abu_Dhabi_Grand_Prix,MAG,Haas F1 Team,15.0,14.0,16,0.0
1324,2024,Abu_Dhabi_Grand_Prix,TSU,RB,11.0,11.0,12,0.0
1325,2024,Abu_Dhabi_Grand_Prix,ALB,Williams,16.0,18.0,11,0.0
1326,2024,Abu_Dhabi_Grand_Prix,ZHO,Kick Sauber,17.0,15.0,13,0.0
1327,2024,Abu_Dhabi_Grand_Prix,HUL,Haas F1 Team,4.0,7.0,8,4.0
1328,2024,Abu_Dhabi_Grand_Prix,RIC,,,,,
1329,2024,Abu_Dhabi_Grand_Prix,OCO,,,,,
1330,2024,Abu_Dhabi_Grand_Prix,NOR,McLaren,1.0,1.0,1,25.0
1331,2024,Abu_Dhabi_Grand_Prix,HAM,Mercedes,18.0,16.0,4,12.0
1332,2024,Abu_Dhabi_Grand_Prix,SAI,Ferrari,3.0,3.0,2,18.0
1333,2024,Abu_Dhabi_Grand_Prix,RUS,Mercedes,7.0,6.0,5,10.0
1334,2024,Abu_Dhabi_Grand_Prix,BOT,Kick Sauber,9.0,9.0,R,0.0
1335,2024,Abu_Dhabi_Grand_Prix,PIA,McLaren,2.0,2.0,10,1.0
1336,2025,Australian_Grand_Prix,VER,Red Bull Racing,3.0,3.0,2,18.0
1337,2025,Australian_Grand_Prix,GAS,Alpine,9.0,9.0,11,0.0
1338,2025,Australian_Grand_Prix,ANT,Mercedes,16.0,16.0,4,12.0
1339,2025,Australian_Grand_Prix,ALO,Aston Martin,12.0,12.0,R,0.0
1340,2025,Australian_Grand_Prix,LEC,Ferrari,7.0,7.0,8,4.0
1341,2025,Australian_Grand_Prix,STR,Aston Martin,13.0,13.0,6,8.0
1342,2025,Australian_Grand_Prix,TSU,Racing Bulls,5.0,5.0,12,0.0
1343,2025,Australian_Grand_Prix,ALB,Williams,6.0,6.0,5,10.0
1344,2025,Australian_Grand_Prix,HUL,Kick Sauber,17.0,17.0,7,6.0
1345,2025,Australian_Grand_Prix,LAW,Red Bull Racing,18.0,18.0,R,0.0
1346,2025,Australian_Grand_Prix,OCO,Haas F1 Team,19.0,19.0,13,0.0
1347,2025,Australian_Grand_Prix,NOR,McLaren,1.0,1.0,1,25.0
1348,2025,Australian_Grand_Prix,HAM,Ferrari,8.0,8.0,10,1.0
1349,2025,Australian_Grand_Prix,BOR,Kick Sauber,15.0,15.0,R,0.0
1350,2025,Australian_Grand_Prix,SAI,Williams,10.0,10.0,R,0.0
1351,2025,Australian_Grand_Prix,HAD,Racing Bulls,11.0,11.0,R,0.0
1352,2025,Australian_Grand_Prix,RUS,Mercedes,4.0,4.0,3,15.0
1353,2025,Australian_Grand_Prix,DOO,Alpine,14.0,14.0,R,0.0
1354,2025,Australian_Grand_Prix,PIA,McLaren,2.0,2.0,9,2.0
1355,2025,Australian_Grand_Prix,BEA,Haas F1 Team,20.0,20.0,14,0.0
1356,2025,Chinese_Grand_Prix,VER,Red Bull Racing,4.0,4.0,4,12.0
1357,2025,Chinese_Grand_Prix,GAS,Alpine,16.0,16.0,D,0.0
1358,2025,Chinese_Grand_Prix,ANT,Mercedes,8.0,8.0,6,8.0
1359,2025,Chinese_Grand_Prix,ALO,Aston Martin,13.0,13.0,R,0.0
1360,2025,Chinese_Grand_Prix,LEC,Ferrari,6.0,6.0,D,0.0
1361,2025,Chinese_Grand_Prix,STR,Aston Martin,14.0,14.0,9,2.0
1362,2025,Chinese_Grand_Prix,TSU,Racing Bulls,9.0,9.0,16,0.0
1363,2025,Chinese_Grand_Prix,ALB,Williams,10.0,10.0,7,6.0
1364,2025,Chinese_Grand_Prix,HUL,Kick Sauber,12.0,12.0,15,0.0
1365,2025,Chinese_Grand_Prix,LAW,Red Bull Racing,20.0,20.0,12,0.0
1366,2025,Chinese_Grand_Prix,OCO,Haas F1 Team,11.0,11.0,5,10.0
1367,2025,Chinese_Grand_Prix,NOR,McLaren,3.0,3.0,2,18.0
1368,2025,Chinese_Grand_Prix,HAM,Ferrari,5.0,5.0,D,0.0
1369,2025,Chinese_Grand_Prix,BOR,Kick Sauber,19.0,19.0,14,0.0
1370,2025,Chinese_Grand_Prix,SAI,Williams,15.0,15.0,10,1.0
1371,2025,Chinese_Grand_Prix,HAD,Racing Bulls,7.0,7.0,11,0.0
1372,2025,Chinese_Grand_Prix,RUS,Mercedes,2.0,2.0,3,15.0
1373,2025,Chinese_Grand_Prix,DOO,Alpine,18.0,18.0,13,0.0
1374,2025,Chinese_Grand_Prix,PIA,McLaren,1.0,1.0,1,25.0
1375,2025,Chinese_Grand_Prix,BEA,Haas F1 Team,17.0,17.0,8,4.0
1376,2025,Japanese_Grand_Prix,VER,Red Bull Racing,1.0,1.0,1,25.0
1377,2025,Japanese_Grand_Prix,GAS,Alpine,11.0,11.0,13,0.0
1378,2025,Japanese_Grand_Prix,ANT,Mercedes,6.0,6.0,6,8.0
1379,2025,Japanese_Grand_Prix,ALO,Aston Martin,13.0,12.0,11,0.0
1380,2025,Japanese_Grand_Prix,LEC,Ferrari,4.0,4.0,4,12.0
1381,2025,Japanese_Grand_Prix,STR,Aston Martin,20.0,20.0,20,0.0
1382,2025,Japanese_Grand_Prix,TSU,Red Bull Racing,15.0,14.0,12,0.0
1383,2025,Japanese_Grand_Prix,ALB,Williams,9.0,9.0,9,2.0
1384,2025,Japanese_Grand_Prix,HUL,Kick Sauber,16.0,16.0,16,0.0
1385,2025,Japanese_Grand_Prix,LAW,Racing Bulls,14.0,13.0,17,0.0
1386,2025,Japanese_Grand_Prix,OCO,Haas F1 Team,18.0,18.0,18,0.0
1387,2025,Japanese_Grand_Prix,NOR,McLaren,2.0,2.0,2,18.0
1388,2025,Japanese_Grand_Prix,HAM,Ferrari,8.0,8.0,7,6.0
1389,2025,Japanese_Grand_Prix,BOR,Kick Sauber,17.0,17.0,19,0.0
1390,2025,Japanese_Grand_Prix,SAI,Williams,12.0,15.0,14,0.0
1391,2025,Japanese_Grand_Prix,HAD,Racing Bulls,7.0,7.0,8,4.0
1392,2025,Japanese_Grand_Prix,RUS,Mercedes,5.0,5.0,5,10.0
1393,2025,Japanese_Grand_Prix,DOO,Alpine,19.0,19.0,15,0.0
1394,2025,Japanese_Grand_Prix,PIA,McLaren,3.0,3.0,3,15.0
1395,2025,Japanese_Grand_Prix,BEA,Haas F1 Team,10.0,10.0,10,1.0
1396,2025,Bahrain_Grand_Prix,VER,Red Bull Racing,7.0,7.0,6,8.0
1397,2025,Bahrain_Grand_Prix,GAS,Alpine,5.0,4.0,7,6.0
1398,2025,Bahrain_Grand_Prix,ANT,Mercedes,4.0,5.0,11,0.0
1399,2025,Bahrain_Grand_Prix,ALO,Aston Martin,13.0,13.0,15,0.0
1400,2025,Bahrain_Grand_Prix,LEC,Ferrari,3.0,2.0,4,12.0
1401,2025,Bahrain_Grand_Prix,STR,Aston Martin,19.0,19.0,17,0.0
1402,2025,Bahrain_Grand_Prix,TSU,Red Bull Racing,10.0,10.0,9,2.0
1403,2025,Bahrain_Grand_Prix,ALB,Williams,15.0,15.0,12,0.0
1404,2025,Bahrain_Grand_Prix,HUL,Kick Sauber,16.0,16.0,D,0.0
1405,2025,Bahrain_Grand_Prix,LAW,Racing Bulls,17.0,17.0,16,0.0
1406,2025,Bahrain_Grand_Prix,OCO,Haas F1 Team,14.0,14.0,8,4.0
1407,2025,Bahrain_Grand_Prix,NOR,McLaren,6.0,6.0,3,15.0
1408,2025,Bahrain_Grand_Prix,HAM,Ferrari,9.0,9.0,5,10.0
1409,2025,Bahrain_Grand_Prix,BOR,Kick Sauber,18.0,18.0,18,0.0
1410,2025,Bahrain_Grand_Prix,SAI,Williams,8.0,8.0,R,0.0
1411,2025,Bahrain_Grand_Prix,HAD,Racing Bulls,12.0,12.0,13,0.0
1412,2025,Bahrain_Grand_Prix,RUS,Mercedes,2.0,3.0,2,18.0
1413,2025,Bahrain_Grand_Prix,DOO,Alpine,11.0,11.0,14,0.0
1414,2025,Bahrain_Grand_Prix,PIA,McLaren,1.0,1.0,1,25.0
1415,2025,Bahrain_Grand_Prix,BEA,Haas F1 Team,20.0,20.0,10,1.0
1416,2025,Saudi_Arabian_Grand_Prix,VER,Red Bull Racing,1.0,1.0,2,18.0
1417,2025,Saudi_Arabian_Grand_Prix,GAS,Alpine,9.0,9.0,R,0.0
1418,2025,Saudi_Arabian_Grand_Prix,ANT,Mercedes,5.0,5.0,6,8.0
1419,2025,Saudi_Arabian_Grand_Prix,ALO,Aston Martin,13.0,13.0,11,0.0
1420,2025,Saudi_Arabian_Grand_Prix,LEC,Ferrari,4.0,4.0,3,15.0
1421,2025,Saudi_Arabian_Grand_Prix,STR,Aston Martin,16.0,16.0,16,0.0
1422,2025,Saudi_Arabian_Grand_Prix,TSU,Red Bull Racing,8.0,8.0,R,0.0
1423,2025,Saudi_Arabian_Grand_Prix,ALB,Williams,11.0,11.0,9,2.0
1424,2025,Saudi_Arabian_Grand_Prix,HUL,Kick Sauber,18.0,18.0,15,0.0
1425,2025,Saudi_Arabian_Grand_Prix,LAW,Racing Bulls,12.0,12.0,12,0.0
1426,2025,Saudi_Arabian_Grand_Prix,OCO,Haas F1 Team,19.0,19.0,14,0.0
1427,2025,Saudi_Arabian_Grand_Prix,NOR,McLaren,10.0,10.0,4,12.0
1428,2025,Saudi_Arabian_Grand_Prix,HAM,Ferrari,7.0,7.0,7,6.0
1429,2025,Saudi_Arabian_Grand_Prix,BOR,Kick Sauber,20.0,20.0,18,0.0
1430,2025,Saudi_Arabian_Grand_Prix,SAI,Williams,6.0,6.0,8,4.0
1431,2025,Saudi_Arabian_Grand_Prix,HAD,Racing Bulls,14.0,14.0,10,1.0
1432,2025,Saudi_Arabian_Grand_Prix,RUS,Mercedes,3.0,3.0,5,10.0
1433,2025,Saudi_Arabian_Grand_Prix,DOO,Alpine,17.0,17.0,17,0.0
1434,2025,Saudi_Arabian_Grand_Prix,PIA,McLaren,2.0,2.0,1,25.0
1435,2025,Saudi_Arabian_Grand_Prix,BEA,Haas F1 Team,15.0,15.0,13,0.0
1436,2025,Miami_Grand_Prix,VER,Red Bull Racing,1.0,1.0,4,12.0
1437,2025,Miami_Grand_Prix,GAS,Alpine,18.0,20.0,13,0.0
1438,2025,Miami_Grand_Prix,ANT,Mercedes,3.0,3.0,6,8.0
1439,2025,Miami_Grand_Prix,ALO,Aston Martin,17.0,17.0,15,0.0
1440,2025,Miami_Grand_Prix,LEC,Ferrari,8.0,8.0,7,6.0
1441,2025,Miami_Grand_Prix,STR,Aston Martin,19.0,18.0,16,0.0
1442,2025,Miami_Grand_Prix,TSU,Red Bull Racing,10.0,10.0,10,1.0
1443,2025,Miami_Grand_Prix,ALB,Williams,7.0,7.0,5,10.0
1444,2025,Miami_Grand_Prix,HUL,Kick Sauber,16.0,16.0,14,0.0
1445,2025,Miami_Grand_Prix,LAW,Racing Bulls,15.0,15.0,R,0.0
1446,2025,Miami_Grand_Prix,OCO,Haas F1 Team,9.0,9.0,12,0.0
1447,2025,Miami_Grand_Prix,NOR,McLaren,2.0,2.0,2,18.0
1448,2025,Miami_Grand_Prix,HAM,Ferrari,12.0,12.0,8,4.0
1449,2025,Miami_Grand_Prix,BOR,Kick Sauber,13.0,13.0,R,0.0
1450,2025,Miami_Grand_Prix,SAI,Williams,6.0,6.0,9,2.0
1451,2025,Miami_Grand_Prix,HAD,Racing Bulls,11.0,11.0,11,0.0
1452,2025,Miami_Grand_Prix,RUS,Mercedes,5.0,5.0,3,15.0
1453,2025,Miami_Grand_Prix,DOO,Alpine,14.0,14.0,R,0.0
1454,2025,Miami_Grand_Prix,PIA,McLaren,4.0,4.0,1,25.0
1455,2025,Miami_Grand_Prix,BEA,Haas F1 Team,20.0,19.0,R,0.0
1456,2025,Emilia_Romagna_Grand_Prix,VER,Red Bull Racing,2.0,2.0,1,25.0
1457,2025,Emilia_Romagna_Grand_Prix,GAS,Alpine,10.0,10.0,13,0.0
1458,2025,Emilia_Romagna_Grand_Prix,ANT,Mercedes,13.0,13.0,R,0.0
1459,2025,Emilia_Romagna_Grand_Prix,ALO,Aston Martin,5.0,5.0,11,0.0
1460,2025,Emilia_Romagna_Grand_Prix,LEC,Ferrari,11.0,11.0,6,8.0
1461,2025,Emilia_Romagna_Grand_Prix,STR,Aston Martin,8.0,8.0,15,0.0
1462,2025,Emilia_Romagna_Grand_Prix,TSU,Red Bull Racing,20.0,20.0,10,1.0
1463,2025,Emilia_Romagna_Grand_Prix,ALB,Williams,7.0,7.0,5,10.0
1464,2025,Emilia_Romagna_Grand_Prix,HUL,Kick Sauber,17.0,17.0,12,0.0
1465,2025,Emilia_Romagna_Grand_Prix,LAW,Racing Bulls,16.0,15.0,14,0.0
1466,2025,Emilia_Romagna_Grand_Prix,OCO,Haas F1 Team,18.0,18.0,R,0.0
1467,2025,Emilia_Romagna_Grand_Prix,NOR,McLaren,4.0,4.0,2,18.0
1468,2025,Emilia_Romagna_Grand_Prix,HAM,Ferrari,12.0,12.0,4,12.0
1469,2025,Emilia_Romagna_Grand_Prix,BOR,Kick Sauber,14.0,14.0,18,0.0
1470,2025,Emilia_Romagna_Grand_Prix,SAI,Williams,6.0,6.0,8,4.0
1471,2025,Emilia_Romagna_Grand_Prix,HAD,Racing Bulls,9.0,9.0,9,2.0
1472,2025,Emilia_Romagna_Grand_Prix,RUS,Mercedes,3.0,3.0,7,6.0
1473,2025,Emilia_Romagna_Grand_Prix,DOO,,,,,
1474,2025,Emilia_Romagna_Grand_Prix,PIA,McLaren,1.0,1.0,3,15.0
1475,2025,Emilia_Romagna_Grand_Prix,BEA,Haas F1 Team,19.0,19.0,17,0.0
1476,2025,Monaco_Grand_Prix,VER,Red Bull Racing,5.0,4.0,4,12.0
1477,2025,Monaco_Grand_Prix,GAS,Alpine,18.0,17.0,R,0.0
1478,2025,Monaco_Grand_Prix,ANT,Mercedes,15.0,15.0,18,0.0
1479,2025,Monaco_Grand_Prix,ALO,Aston Martin,7.0,6.0,R,0.0
1480,2025,Monaco_Grand_Prix,LEC,Ferrari,2.0,2.0,2,18.0
1481,2025,Monaco_Grand_Prix,STR,Aston Martin,19.0,19.0,15,0.0
1482,2025,Monaco_Grand_Prix,TSU,Red Bull Racing,12.0,12.0,17,0.0
1483,2025,Monaco_Grand_Prix,ALB,Williams,10.0,10.0,9,2.0
1484,2025,Monaco_Grand_Prix,HUL,Kick Sauber,13.0,13.0,16,0.0
1485,2025,Monaco_Grand_Prix,LAW,Racing Bulls,9.0,9.0,8,4.0
1486,2025,Monaco_Grand_Prix,OCO,Haas F1 Team,8.0,8.0,7,6.0
1487,2025,Monaco_Grand_Prix,NOR,McLaren,1.0,1.0,1,25.0
1488,2025,Monaco_Grand_Prix,HAM,Ferrari,4.0,7.0,5,10.0
1489,2025,Monaco_Grand_Prix,BOR,Kick Sauber,16.0,16.0,14,0.0
1490,2025,Monaco_Grand_Prix,SAI,Williams,11.0,11.0,10,1.0
1491,2025,Monaco_Grand_Prix,HAD,Racing Bulls,6.0,5.0,6,8.0
1492,2025,Monaco_Grand_Prix,RUS,Mercedes,14.0,14.0,11,0.0
1493,2025,Monaco_Grand_Prix,DOO,,,,,
1494,2025,Monaco_Grand_Prix,PIA,McLaren,3.0,3.0,3,15.0
1495,2025,Monaco_Grand_Prix,BEA,Haas F1 Team,17.0,20.0,12,0.0
1496,2025,Spanish_Grand_Prix,VER,Red Bull Racing,3.0,3.0,10,1.0
1497,2025,Spanish_Grand_Prix,GAS,Alpine,8.0,8.0,8,4.0
1498,2025,Spanish_Grand_Prix,ANT,Mercedes,6.0,6.0,R,0.0
1499,2025,Spanish_Grand_Prix,ALO,Aston Martin,10.0,10.0,9,2.0
1500,2025,Spanish_Grand_Prix,LEC,Ferrari,7.0,7.0,3,15.0
1501,2025,Spanish_Grand_Prix,STR,,,,,
1502,2025,Spanish_Grand_Prix,TSU,Red Bull Racing,20.0,19.0,13,0.0
1503,2025,Spanish_Grand_Prix,ALB,Williams,11.0,11.0,R,0.0
1504,2025,Spanish_Grand_Prix,HUL,Kick Sauber,16.0,15.0,5,10.0
1505,2025,Spanish_Grand_Prix,LAW,Racing Bulls,13.0,13.0,11,0.0
1506,2025,Spanish_Grand_Prix,OCO,Haas F1 Team,17.0,16.0,16,0.0
1507,2025,Spanish_Grand_Prix,NOR,McLaren,2.0,2.0,2,18.0
1508,2025,Spanish_Grand_Prix,HAM,Ferrari,5.0,5.0,6,8.0
1509,2025,Spanish_Grand_Prix,BOR,Kick Sauber,12.0,12.0,12,0.0
1510,2025,Spanish_Grand_Prix,SAI,Williams,18.0,17.0,14,0.0
1511,2025,Spanish_Grand_Prix,HAD,Racing Bulls,9.0,9.0,7,6.0
1512,2025,Spanish_Grand_Prix,RUS,Mercedes,4.0,4.0,4,12.0
1513,2025,Spanish_Grand_Prix,DOO,,,,,
1514,2025,Spanish_Grand_Prix,PIA,McLaren,1.0,1.0,1,25.0
1515,2025,Spanish_Grand_Prix,BEA,Haas F1 Team,15.0,14.0,17,0.0
1516,2025,Canadian_Grand_Prix,VER,Red Bull Racing,2.0,2.0,2,18.0
1517,2025,Canadian_Grand_Prix,GAS,Alpine,20.0,20.0,15,0.0
1518,2025,Canadian_Grand_Prix,ANT,Mercedes,4.0,4.0,3,15.0
1519,2025,Canadian_Grand_Prix,ALO,Aston Martin,6.0,6.0,7,6.0
1520,2025,Canadian_Grand_Prix,LEC,Ferrari,8.0,8.0,5,10.0
1521,2025,Canadian_Grand_Prix,STR,Aston Martin,18.0,17.0,17,0.0
1522,2025,Canadian_Grand_Prix,TSU,Red Bull Racing,11.0,18.0,12,0.0
1523,2025,Canadian_Grand_Prix,ALB,Williams,10.0,9.0,R,0.0
1524,2025,Canadian_Grand_Prix,HUL,Kick Sauber,13.0,11.0,8,4.0
1525,2025,Canadian_Grand_Prix,LAW,Racing Bulls,19.0,19.0,R,0.0
1526,2025,Canadian_Grand_Prix,OCO,Haas F1 Team,15.0,14.0,9,2.0
1527,2025,Canadian_Grand_Prix,NOR,McLaren,7.0,7.0,18,0.0
1528,2025,Canadian_Grand_Prix,HAM,Ferrari,5.0,5.0,6,8.0
1529,2025,Canadian_Grand_Prix,BOR,Kick Sauber,16.0,15.0,14,0.0
1530,2025,Canadian_Grand_Prix,SAI,Williams,17.0,16.0,10,1.0
1531,2025,Canadian_Grand_Prix,HAD,Racing Bulls,9.0,12.0,16,0.0
1532,2025,Canadian_Grand_Prix,RUS,Mercedes,1.0,1.0,1,25.0
1533,2025,Canadian_Grand_Prix,DOO,,,,,
1534,2025,Canadian_Grand_Prix,PIA,McLaren,3.0,3.0,4,12.0
1535,2025,Canadian_Grand_Prix,BEA,Haas F1 Team,14.0,13.0,11,0.0
1536,2025,Austrian_Grand_Prix,VER,Red Bull Racing,7.0,7.0,R,0.0
1537,2025,Austrian_Grand_Prix,GAS,Alpine,10.0,10.0,13,0.0
1538,2025,Austrian_Grand_Prix,ANT,Mercedes,9.0,9.0,R,0.0
1539,2025,Austrian_Grand_Prix,ALO,Aston Martin,11.0,11.0,7,6.0
1540,2025,Austrian_Grand_Prix,LEC,Ferrari,2.0,2.0,3,15.0
1541,2025,Austrian_Grand_Prix,STR,Aston Martin,16.0,16.0,14,0.0
1542,2025,Austrian_Grand_Prix,TSU,Red Bull Racing,18.0,18.0,16,0.0
1543,2025,Austrian_Grand_Prix,ALB,Williams,12.0,12.0,R,0.0
1544,2025,Austrian_Grand_Prix,HUL,Kick Sauber,20.0,20.0,9,2.0
1545,2025,Austrian_Grand_Prix,LAW,Racing Bulls,6.0,6.0,6,8.0
1546,2025,Austrian_Grand_Prix,OCO,Haas F1 Team,17.0,17.0,10,1.0
1547,2025,Austrian_Grand_Prix,NOR,McLaren,1.0,1.0,1,25.0
1548,2025,Austrian_Grand_Prix,HAM,Ferrari,4.0,4.0,4,12.0
1549,2025,Austrian_Grand_Prix,BOR,Kick Sauber,8.0,8.0,8,4.0
1550,2025,Austrian_Grand_Prix,SAI,Williams,19.0,19.0,W,0.0
1551,2025,Austrian_Grand_Prix,HAD,Racing Bulls,13.0,13.0,12,0.0
1552,2025,Austrian_Grand_Prix,RUS,Mercedes,5.0,5.0,5,10.0
1553,2025,Austrian_Grand_Prix,DOO,,,,,
1554,2025,Austrian_Grand_Prix,PIA,McLaren,3.0,3.0,2,18.0
1555,2025,Austrian_Grand_Prix,BEA,Haas F1 Team,15.0,15.0,11,0.0
1556,2025,British_Grand_Prix,VER,Red Bull Racing,1.0,1.0,5,10.0
1557,2025,British_Grand_Prix,GAS,Alpine,10.0,8.0,6,8.0
1558,2025,British_Grand_Prix,ANT,Mercedes,7.0,10.0,R,0.0
1559,2025,British_Grand_Prix,ALO,Aston Martin,9.0,7.0,9,2.0
1560,2025,British_Grand_Prix,LEC,Ferrari,6.0,6.0,14,0.0
1561,2025,British_Grand_Prix,STR,Aston Martin,18.0,17.0,7,6.0
1562,2025,British_Grand_Prix,TSU,Red Bull Racing,12.0,11.0,15,0.0
1563,2025,British_Grand_Prix,ALB,Williams,14.0,13.0,8,4.0
1564,2025,British_Grand_Prix,HUL,Kick Sauber,19.0,19.0,3,15.0
1565,2025,British_Grand_Prix,LAW,Racing Bulls,16.0,15.0,R,0.0
1566,2025,British_Grand_Prix,OCO,Haas F1 Team,15.0,14.0,13,0.0
1567,2025,British_Grand_Prix,NOR,McLaren,3.0,3.0,1,25.0
1568,2025,British_Grand_Prix,HAM,Ferrari,5.0,5.0,4,12.0
1569,2025,British_Grand_Prix,BOR,Kick Sauber,17.0,16.0,R,0.0
1570,2025,British_Grand_Prix,SAI,Williams,11.0,9.0,12,0.0
1571,2025,British_Grand_Prix,HAD,Racing Bulls,13.0,12.0,R,0.0
1572,2025,British_Grand_Prix,RUS,Mercedes,4.0,4.0,10,1.0
1573,2025,British_Grand_Prix,DOO,,,,,
1574,2025,British_Grand_Prix,PIA,McLaren,2.0,2.0,2,18.0
1575,2025,British_Grand_Prix,BEA,Haas F1 Team,8.0,18.0,11,0.0
1576,2025,Belgian_Grand_Prix,VER,Red Bull Racing,4.0,4.0,4,12.0
1577,2025,Belgian_Grand_Prix,GAS,Alpine,13.0,13.0,10,1.0
1578,2025,Belgian_Grand_Prix,ANT,Mercedes,18.0,19.0,16,0.0
1579,2025,Belgian_Grand_Prix,ALO,Aston Martin,19.0,20.0,17,0.0
1580,2025,Belgian_Grand_Prix,LEC,Ferrari,3.0,3.0,3,15.0
1581,2025,Belgian_Grand_Prix,STR,Aston Martin,20.0,16.0,14,0.0
1582,2025,Belgian_Grand_Prix,TSU,Red Bull Racing,7.0,7.0,13,0.0
1583,2025,Belgian_Grand_Prix,ALB,Williams,5.0,5.0,6,8.0
1584,2025,Belgian_Grand_Prix,HUL,Kick Sauber,14.0,14.0,12,0.0
1585,2025,Belgian_Grand_Prix,LAW,Racing Bulls,9.0,9.0,8,4.0
1586,2025,Belgian_Grand_Prix,OCO,Haas F1 Team,11.0,11.0,15,0.0
1587,2025,Belgian_Grand_Prix,NOR,McLaren,1.0,1.0,2,18.0
1588,2025,Belgian_Grand_Prix,HAM,Ferrari,16.0,18.0,7,6.0
1589,2025,Belgian_Grand_Prix,BOR,Kick Sauber,10.0,10.0,9,2.0
1590,2025,Belgian_Grand_Prix,SAI,Williams,15.0,17.0,18,0.0
1591,2025,Belgian_Grand_Prix,HAD,Racing Bulls,8.0,8.0,20,0.0
1592,2025,Belgian_Grand_Prix,RUS,Mercedes,6.0,6.0,5,10.0
1593,2025,Belgian_Grand_Prix,DOO,,,,,
1594,2025,Belgian_Grand_Prix,PIA,McLaren,2.0,2.0,1,25.0
1595,2025,Belgian_Grand_Prix,BEA,Haas F1 Team,12.0,12.0,11,0.0
1596,2025,Hungarian_Grand_Prix,VER,Red Bull Racing,8.0,8.0,9,2.0
1597,2025,Hungarian_Grand_Prix,GAS,Alpine,17.0,16.0,19,0.0
1598,2025,Hungarian_Grand_Prix,ANT,Mercedes,15.0,15.0,10,1.0
1599,2025,Hungarian_Grand_Prix,ALO,Aston Martin,5.0,5.0,5,10.0
1600,2025,Hungarian_Grand_Prix,LEC,Ferrari,1.0,1.0,4,12.0
1601,2025,Hungarian_Grand_Prix,STR,Aston Martin,6.0,6.0,7,6.0
1602,2025,Hungarian_Grand_Prix,TSU,Red Bull Racing,16.0,20.0,17,0.0
1603,2025,Hungarian_Grand_Prix,ALB,Williams,20.0,19.0,15,0.0
1604,2025,Hungarian_Grand_Prix,HUL,Kick Sauber,19.0,18.0,13,0.0
1605,2025,Hungarian_Grand_Prix,LAW,Racing Bulls,9.0,9.0,8,4.0
1606,2025,Hungarian_Grand_Prix,OCO,Haas F1 Team,18.0,17.0,16,0.0
1607,2025,Hungarian_Grand_Prix,NOR,McLaren,3.0,3.0,1,25.0
1608,2025,Hungarian_Grand_Prix,HAM,Ferrari,12.0,12.0,12,0.0
1609,2025,Hungarian_Grand_Prix,BOR,Kick Sauber,7.0,7.0,6,8.0
1610,2025,Hungarian_Grand_Prix,SAI,Williams,13.0,13.0,14,0.0
1611,2025,Hungarian_Grand_Prix,HAD,Racing Bulls,10.0,10.0,11,0.0
1612,2025,Hungarian_Grand_Prix,RUS,Mercedes,4.0,4.0,3,15.0
1613,2025,Hungarian_Grand_Prix,DOO,,,,,
1614,2025,Hungarian_Grand_Prix,PIA,McLaren,2.0,2.0,2,18.0
1615,2025,Hungarian_Grand_Prix,BEA,Haas F1 Team,11.0,11.0,R,0.0
1616,2025,Dutch_Grand_Prix,VER,Red Bull Racing,3.0,3.0,2,18.0
1617,2025,Dutch_Grand_Prix,GAS,Alpine,14.0,14.0,17,0.0
1618,2025,Dutch_Grand_Prix,ANT,Mercedes,11.0,11.0,16,0.0
1619,2025,Dutch_Grand_Prix,ALO,Aston Martin,10.0,10.0,8,4.0
1620,2025,Dutch_Grand_Prix,LEC,Ferrari,6.0,6.0,R,0.0
1621,2025,Dutch_Grand_Prix,STR,Aston Martin,20.0,19.0,7,6.0
1622,2025,Dutch_Grand_Prix,TSU,Red Bull Racing,12.0,12.0,9,2.0
1623,2025,Dutch_Grand_Prix,ALB,Williams,15.0,15.0,5,10.0
1624,2025,Dutch_Grand_Prix,HUL,Kick Sauber,17.0,17.0,14,0.0
1625,2025,Dutch_Grand_Prix,LAW,Racing Bulls,8.0,8.0,12,0.0
1626,2025,Dutch_Grand_Prix,OCO,Haas F1 Team,18.0,18.0,10,1.0
1627,2025,Dutch_Grand_Prix,NOR,McLaren,2.0,2.0,18,0.0
1628,2025,Dutch_Grand_Prix,HAM,Ferrari,7.0,7.0,R,0.0
1629,2025,Dutch_Grand_Prix,BOR,Kick Sauber,13.0,13.0,15,0.0
1630,2025,Dutch_Grand_Prix,SAI,Williams,9.0,9.0,13,0.0
1631,2025,Dutch_Grand_Prix,HAD,Racing Bulls,4.0,4.0,3,15.0
1632,2025,Dutch_Grand_Prix,RUS,Mercedes,5.0,5.0,4,12.0
1633,2025,Dutch_Grand_Prix,DOO,,,,,
1634,2025,Dutch_Grand_Prix,PIA,McLaren,1.0,1.0,1,25.0
1635,2025,Dutch_Grand_Prix,BEA,Haas F1 Team,19.0,20.0,6,8.0
1636,2025,Italian_Grand_Prix,VER,Red Bull Racing,1.0,1.0,1,25.0
1637,2025,Italian_Grand_Prix,GAS,Alpine,19.0,20.0,16,0.0
1638,2025,Italian_Grand_Prix,ANT,Mercedes,7.0,6.0,9,2.0
1639,2025,Italian_Grand_Prix,ALO,Aston Martin,9.0,8.0,R,0.0
1640,2025,Italian_Grand_Prix,LEC,Ferrari,4.0,4.0,4,12.0
1641,2025,Italian_Grand_Prix,STR,Aston Martin,17.0,16.0,18,0.0
1642,2025,Italian_Grand_Prix,TSU,Red Bull Racing,10.0,9.0,13,0.0
1643,2025,Italian_Grand_Prix,ALB,Williams,14.0,14.0,7,6.0
1644,2025,Italian_Grand_Prix,HUL,Kick Sauber,12.0,12.0,W,0.0
1645,2025,Italian_Grand_Prix,LAW,Racing Bulls,20.0,18.0,14,0.0
1646,2025,Italian_Grand_Prix,OCO,Haas F1 Team,15.0,15.0,15,0.0
1647,2025,Italian_Grand_Prix,NOR,McLaren,2.0,2.0,2,18.0
1648,2025,Italian_Grand_Prix,HAM,Ferrari,5.0,10.0,6,8.0
1649,2025,Italian_Grand_Prix,BOR,Kick Sauber,8.0,7.0,8,4.0
1650,2025,Italian_Grand_Prix,SAI,Williams,13.0,13.0,11,0.0
1651,2025,Italian_Grand_Prix,HAD,Racing Bulls,16.0,19.0,10,1.0
1652,2025,Italian_Grand_Prix,RUS,Mercedes,6.0,5.0,5,10.0
1653,2025,Italian_Grand_Prix,DOO,,,,,
1654,2025,Italian_Grand_Prix,PIA,McLaren,3.0,3.0,3,15.0
1655,2025,Italian_Grand_Prix,BEA,Haas F1 Team,11.0,11.0,12,0.0
1656,2025,Azerbaijan_Grand_Prix,VER,Red Bull Racing,1.0,1.0,1,25.0
1657,2025,Azerbaijan_Grand_Prix,GAS,Alpine,18.0,18.0,18,0.0
1658,2025,Azerbaijan_Grand_Prix,ANT,Mercedes,4.0,4.0,4,12.0
1659,2025,Azerbaijan_Grand_Prix,ALO,Aston Martin,11.0,11.0,15,0.0
1660,2025,Azerbaijan_Grand_Prix,LEC,Ferrari,10.0,10.0,9,2.0
1661,2025,Azerbaijan_Grand_Prix,STR,Aston Martin,14.0,14.0,17,0.0
1662,2025,Azerbaijan_Grand_Prix,TSU,Red Bull Racing,6.0,6.0,6,8.0
1663,2025,Azerbaijan_Grand_Prix,ALB,Williams,19.0,19.0,13,0.0
1664,2025,Azerbaijan_Grand_Prix,HUL,Kick Sauber,17.0,17.0,16,0.0
1665,2025,Azerbaijan_Grand_Prix,LAW,Racing Bulls,3.0,3.0,5,10.0
1666,2025,Azerbaijan_Grand_Prix,OCO,Haas F1 Team,20.0,20.0,14,0.0
1667,2025,Azerbaijan_Grand_Prix,NOR,McLaren,7.0,7.0,7,6.0
1668,2025,Azerbaijan_Grand_Prix,HAM,Ferrari,12.0,12.0,8,4.0
1669,2025,Azerbaijan_Grand_Prix,BOR,Kick Sauber,13.0,13.0,11,0.0
1670,2025,Azerbaijan_Grand_Prix,SAI,Williams,2.0,2.0,3,15.0
1671,2025,Azerbaijan_Grand_Prix,HAD,Racing Bulls,8.0,8.0,10,1.0
1672,2025,Azerbaijan_Grand_Prix,RUS,Mercedes,5.0,5.0,2,18.0
1673,2025,Azerbaijan_Grand_Prix,DOO,,,,,
1674,2025,Azerbaijan_Grand_Prix,PIA,McLaren,9.0,9.0,R,0.0
1675,2025,Azerbaijan_Grand_Prix,BEA,Haas F1 Team,15.0,15.0,12,0.0
1676,2025,Singapore_Grand_Prix,VER,Red Bull Racing,2.0,2.0,2,18.0
1677,2025,Singapore_Grand_Prix,GAS,Alpine,18.0,19.0,19,0.0
1678,2025,Singapore_Grand_Prix,ANT,Mercedes,4.0,4.0,5,10.0
1679,2025,Singapore_Grand_Prix,ALO,Aston Martin,10.0,10.0,7,6.0
1680,2025,Singapore_Grand_Prix,LEC,Ferrari,7.0,7.0,6,8.0
1681,2025,Singapore_Grand_Prix,STR,Aston Martin,15.0,15.0,13,0.0
1682,2025,Singapore_Grand_Prix,TSU,Red Bull Racing,13.0,13.0,12,0.0
1683,2025,Singapore_Grand_Prix,ALB,Williams,19.0,20.0,14,0.0
1684,2025,Singapore_Grand_Prix,HUL,Kick Sauber,11.0,11.0,20,0.0
1685,2025,Singapore_Grand_Prix,LAW,Racing Bulls,12.0,12.0,15,0.0
1686,2025,Singapore_Grand_Prix,OCO,Haas F1 Team,17.0,17.0,18,0.0
1687,2025,Singapore_Grand_Prix,NOR,McLaren,5.0,5.0,3,15.0
1688,2025,Singapore_Grand_Prix,HAM,Ferrari,6.0,6.0,8,4.0
1689,2025,Singapore_Grand_Prix,BOR,Kick Sauber,14.0,14.0,17,0.0
1690,2025,Singapore_Grand_Prix,SAI,Williams,20.0,18.0,10,1.0
1691,2025,Singapore_Grand_Prix,HAD,Racing Bulls,8.0,8.0,11,0.0
1692,2025,Singapore_Grand_Prix,RUS,Mercedes,1.0,1.0,1,25.0
1693,2025,Singapore_Grand_Prix,DOO,,,,,
1694,2025,Singapore_Grand_Prix,PIA,McLaren,3.0,3.0,4,12.0
1695,2025,Singapore_Grand_Prix,BEA,Haas F1 Team,9.0,9.0,9,2.0
1696,2025,United_States_Grand_Prix,VER,Red Bull Racing,1.0,1.0,1,25.0
1697,2025,United_States_Grand_Prix,GAS,Alpine,14.0,14.0,19,0.0
1698,2025,United_States_Grand_Prix,ANT,Mercedes,7.0,7.0,13,0.0
1699,2025,United_States_Grand_Prix,ALO,Aston Martin,10.0,10.0,10,1.0
1700,2025,United_States_Grand_Prix,LEC,Ferrari,3.0,3.0,3,15.0
1701,2025,United_States_Grand_Prix,STR,Aston Martin,18.0,19.0,12,0.0
1702,2025,United_States_Grand_Prix,TSU,Red Bull Racing,13.0,13.0,7,6.0
1703,2025,United_States_Grand_Prix,ALB,Williams,19.0,18.0,14,0.0
1704,2025,United_States_Grand_Prix,HUL,Kick Sauber,11.0,11.0,8,4.0
1705,2025,United_States_Grand_Prix,LAW,Racing Bulls,12.0,12.0,11,0.0
1706,2025,United_States_Grand_Prix,OCO,Haas F1 Team,17.0,17.0,15,0.0
1707,2025,United_States_Grand_Prix,NOR,McLaren,2.0,2.0,2,18.0
1708,2025,United_States_Grand_Prix,HAM,Ferrari,5.0,5.0,4,12.0
1709,2025,United_States_Grand_Prix,BOR,Kick Sauber,16.0,16.0,18,0.0
1710,2025,United_States_Grand_Prix,SAI,Williams,9.0,9.0,R,0.0
1711,2025,United_States_Grand_Prix,HAD,Racing Bulls,20.0,20.0,16,0.0
1712,2025,United_States_Grand_Prix,RUS,Mercedes,4.0,4.0,6,8.0
1713,2025,United_States_Grand_Prix,DOO,,,,,
1714,2025,United_States_Grand_Prix,PIA,McLaren,6.0,6.0,5,10.0
1715,2025,United_States_Grand_Prix,BEA,Haas F1 Team,8.0,8.0,9,2.0
1716,2025,Mexico_City_Grand_Prix,VER,Red Bull Racing,5.0,5.0,3,15.0
1717,2025,Mexico_City_Grand_Prix,GAS,Alpine,18.0,18.0,15,0.0
1718,2025,Mexico_City_Grand_Prix,ANT,Mercedes,6.0,6.0,6,8.0
1719,2025,Mexico_City_Grand_Prix,ALO,Aston Martin,14.0,14.0,R,0.0
1720,2025,Mexico_City_Grand_Prix,LEC,Ferrari,2.0,2.0,2,18.0
1721,2025,Mexico_City_Grand_Prix,STR,Aston Martin,19.0,19.0,14,0.0
1722,2025,Mexico_City_Grand_Prix,TSU,Red Bull Racing,11.0,10.0,11,0.0
1723,2025,Mexico_City_Grand_Prix,ALB,Williams,17.0,17.0,12,0.0
1724,2025,Mexico_City_Grand_Prix,HUL,Kick Sauber,13.0,13.0,R,0.0
1725,2025,Mexico_City_Grand_Prix,LAW,Racing Bulls,15.0,15.0,R,0.0
1726,2025,Mexico_City_Grand_Prix,OCO,Haas F1 Team,12.0,11.0,9,2.0
1727,2025,Mexico_City_Grand_Prix,NOR,McLaren,1.0,1.0,1,25.0
1728,2025,Mexico_City_Grand_Prix,HAM,Ferrari,3.0,3.0,8,4.0
1729,2025,Mexico_City_Grand_Prix,BOR,Kick Sauber,16.0,16.0,10,1.0
1730,2025,Mexico_City_Grand_Prix,SAI,Williams,7.0,12.0,17,0.0
1731,2025,Mexico_City_Grand_Prix,HAD,Racing Bulls,9.0,8.0,13,0.0
1732,2025,Mexico_City_Grand_Prix,RUS,Mercedes,4.0,4.0,7,6.0
1733,2025,Mexico_City_Grand_Prix,DOO,,,,,
1734,2025,Mexico_City_Grand_Prix,PIA,McLaren,8.0,7.0,5,10.0
1735,2025,Mexico_City_Grand_Prix,BEA,Haas F1 Team,10.0,9.0,4,12.0
1736,2025,São_Paulo_Grand_Prix,VER,Red Bull Racing,16.0,19.0,3,15.0
1737,2025,São_Paulo_Grand_Prix,GAS,Alpine,9.0,9.0,10,1.0
1738,2025,São_Paulo_Grand_Prix,ANT,Mercedes,2.0,2.0,2,18.0
1739,2025,São_Paulo_Grand_Prix,ALO,Aston Martin,11.0,11.0,14,0.0
1740,2025,São_Paulo_Grand_Prix,LEC,Ferrari,3.0,3.0,R,0.0
1741,2025,São_Paulo_Grand_Prix,STR,Aston Martin,14.0,14.0,16,0.0
1742,2025,São_Paulo_Grand_Prix,TSU,Red Bull Racing,19.0,17.0,17,0.0
1743,2025,São_Paulo_Grand_Prix,ALB,Williams,12.0,12.0,11,0.0
1744,2025,São_Paulo_Grand_Prix,HUL,Kick Sauber,10.0,10.0,9,2.0
1745,2025,São_Paulo_Grand_Prix,LAW,Racing Bulls,7.0,7.0,7,6.0
1746,2025,São_Paulo_Grand_Prix,OCO,Haas F1 Team,17.0,20.0,12,0.0
1747,2025,São_Paulo_Grand_Prix,NOR,McLaren,1.0,1.0,1,25.0
1748,2025,São_Paulo_Grand_Prix,HAM,Ferrari,13.0,13.0,R,0.0
1749,2025,São_Paulo_Grand_Prix,BOR,Kick Sauber,,18.0,R,0.0
1750,2025,São_Paulo_Grand_Prix,SAI,Williams,15.0,15.0,13,0.0
1751,2025,São_Paulo_Grand_Prix,HAD,Racing Bulls,5.0,5.0,8,4.0
1752,2025,São_Paulo_Grand_Prix,RUS,Mercedes,6.0,6.0,4,12.0
1753,2025,São_Paulo_Grand_Prix,DOO,,,,,
1754,2025,São_Paulo_Grand_Prix,PIA,McLaren,4.0,4.0,5,10.0
1755,2025,São_Paulo_Grand_Prix,BEA,Haas F1 Team,8.0,8.0,6,8.0
1756,2025,Las_Vegas_Grand_Prix,VER,Red Bull Racing,2.0,2.0,1,25.0
1757,2025,Las_Vegas_Grand_Prix,GAS,Alpine,10.0,10.0,13,0.0
1758,2025,Las_Vegas_Grand_Prix,ANT,Mercedes,17.0,17.0,3,15.0
1759,2025,Las_Vegas_Grand_Prix,ALO,Aston Martin,7.0,7.0,11,0.0
1760,2025,Las_Vegas_Grand_Prix,LEC,Ferrari,9.0,9.0,4,12.0
1761,2025,Las_Vegas_Grand_Prix,STR,Aston Martin,12.0,12.0,R,0.0
1762,2025,Las_Vegas_Grand_Prix,TSU,Red Bull Racing,19.0,20.0,12,0.0
1763,2025,Las_Vegas_Grand_Prix,ALB,Williams,16.0,16.0,R,0.0
1764,2025,Las_Vegas_Grand_Prix,HUL,Kick Sauber,11.0,11.0,7,6.0
1765,2025,Las_Vegas_Grand_Prix,LAW,Racing Bulls,6.0,6.0,14,0.0
1766,2025,Las_Vegas_Grand_Prix,OCO,Haas F1 Team,13.0,13.0,9,2.0
1767,2025,Las_Vegas_Grand_Prix,NOR,McLaren,1.0,1.0,D,0.0
1768,2025,Las_Vegas_Grand_Prix,HAM,Ferrari,20.0,19.0,8,4.0
1769,2025,Las_Vegas_Grand_Prix,BOR,Kick Sauber,18.0,18.0,R,0.0
1770,2025,Las_Vegas_Grand_Prix,SAI,Williams,3.0,3.0,5,10.0
1771,2025,Las_Vegas_Grand_Prix,HAD,Racing Bulls,8.0,8.0,6,8.0
1772,2025,Las_Vegas_Grand_Prix,RUS,Mercedes,4.0,4.0,2,18.0
1773,2025,Las_Vegas_Grand_Prix,DOO,,,,,
1774,2025,Las_Vegas_Grand_Prix,PIA,McLaren,5.0,5.0,D,0.0
1775,2025,Las_Vegas_Grand_Prix,BEA,Haas F1 Team,14.0,14.0,10,1.0
1776,2025,Qatar_Grand_Prix,VER,Red Bull Racing,3.0,3.0,1,25.0
1777,2025,Qatar_Grand_Prix,GAS,Alpine,9.0,9.0,16,0.0
1778,2025,Qatar_Grand_Prix,ANT,Mercedes,5.0,5.0,5,10.0
1779,2025,Qatar_Grand_Prix,ALO,Aston Martin,8.0,8.0,7,6.0
1780,2025,Qatar_Grand_Prix,LEC,Ferrari,10.0,10.0,8,4.0
1781,2025,Qatar_Grand_Prix,STR,Aston Martin,19.0,18.0,17,0.0
1782,2025,Qatar_Grand_Prix,TSU,Red Bull Racing,16.0,15.0,10,1.0
1783,2025,Qatar_Grand_Prix,ALB,Williams,15.0,14.0,11,0.0
1784,2025,Qatar_Grand_Prix,HUL,Kick Sauber,11.0,11.0,R,0.0
1785,2025,Qatar_Grand_Prix,LAW,Racing Bulls,12.0,12.0,9,2.0
1786,2025,Qatar_Grand_Prix,OCO,Haas F1 Team,17.0,16.0,15,0.0
1787,2025,Qatar_Grand_Prix,NOR,McLaren,2.0,2.0,4,12.0
1788,2025,Qatar_Grand_Prix,HAM,Ferrari,18.0,17.0,12,0.0
1789,2025,Qatar_Grand_Prix,BOR,Kick Sauber,14.0,19.0,13,0.0
1790,2025,Qatar_Grand_Prix,SAI,Williams,7.0,7.0,3,15.0
1791,2025,Qatar_Grand_Prix,HAD,Racing Bulls,6.0,6.0,18,0.0
1792,2025,Qatar_Grand_Prix,RUS,Mercedes,4.0,4.0,6,8.0
1793,2025,Qatar_Grand_Prix,DOO,,,,,
1794,2025,Qatar_Grand_Prix,PIA,McLaren,1.0,1.0,2,18.0
1795,2025,Qatar_Grand_Prix,BEA,Haas F1 Team,13.0,13.0,R,0.0
1796,2025,Abu_Dhabi_Grand_Prix,VER,Red Bull Racing,1.0,1.0,1,25.0
1797,2025,Abu_Dhabi_Grand_Prix,GAS,Alpine,19.0,19.0,19,0.0
1798,2025,Abu_Dhabi_Grand_Prix,ANT,Mercedes,14.0,14.0,15,0.0
1799,2025,Abu_Dhabi_Grand_Prix,ALO,Aston Martin,6.0,6.0,6,8.0
1800,2025,Abu_Dhabi_Grand_Prix,LEC,Ferrari,5.0,5.0,4,12.0
1801,2025,Abu_Dhabi_Grand_Prix,STR,Aston Martin,15.0,15.0,10,1.0
1802,2025,Abu_Dhabi_Grand_Prix,TSU,Red Bull Racing,10.0,10.0,14,0.0
1803,2025,Abu_Dhabi_Grand_Prix,ALB,Williams,17.0,17.0,16,0.0
1804,2025,Abu_Dhabi_Grand_Prix,HUL,Kick Sauber,18.0,18.0,9,2.0
1805,2025,Abu_Dhabi_Grand_Prix,LAW,Racing Bulls,13.0,13.0,18,0.0
1806,2025,Abu_Dhabi_Grand_Prix,OCO,Haas F1 Team,8.0,8.0,7,6.0
1807,2025,Abu_Dhabi_Grand_Prix,NOR,McLaren,2.0,2.0,3,15.0
1808,2025,Abu_Dhabi_Grand_Prix,HAM,Ferrari,16.0,16.0,8,4.0
1809,2025,Abu_Dhabi_Grand_Prix,BOR,Kick Sauber,7.0,7.0,11,0.0
1810,2025,Abu_Dhabi_Grand_Prix,SAI,Williams,12.0,12.0,13,0.0
1811,2025,Abu_Dhabi_Grand_Prix,HAD,Racing Bulls,9.0,9.0,17,0.0
1812,2025,Abu_Dhabi_Grand_Prix,RUS,Mercedes,4.0,4.0,5,10.0
1813,2025,Abu_Dhabi_Grand_Prix,DOO,,,,,
1814,2025,Abu_Dhabi_Grand_Prix,PIA,McLaren,3.0,3.0,2,18.0
1815,2025,Abu_Dhabi_Grand_Prix,BEA,Haas F1 Team,11.0,11.0,12,0.0
1816,2026,Australian_Grand_Prix,NOR,McLaren,6.0,6.0,5,10.0
1817,2026,Australian_Grand_Prix,GAS,Alpine,14.0,14.0,10,1.0
1818,2026,Australian_Grand_Prix,PER,Cadillac,18.0,18.0,16,0.0
1819,2026,Australian_Grand_Prix,ANT,Mercedes,2.0,2.0,2,18.0
1820,2026,Australian_Grand_Prix,ALO,Aston Martin,17.0,17.0,R,0.0
1821,2026,Australian_Grand_Prix,LEC,Ferrari,4.0,4.0,3,15.0
1822,2026,Australian_Grand_Prix,STR,Aston Martin,,22.0,R,0.0
1823,2026,Australian_Grand_Prix,ALB,Williams,15.0,15.0,12,0.0
1824,2026,Australian_Grand_Prix,VER,Red Bull Racing,,20.0,6,8.0
1825,2026,Australian_Grand_Prix,LAW,Racing Bulls,8.0,8.0,13,0.0
1826,2026,Australian_Grand_Prix,OCO,Haas F1 Team,13.0,13.0,11,0.0
1827,2026,Australian_Grand_Prix,LIN,Racing Bulls,9.0,9.0,8,4.0
1828,2026,Australian_Grand_Prix,COL,Alpine,16.0,16.0,14,0.0
1829,2026,Australian_Grand_Prix,HAM,Ferrari,7.0,7.0,4,12.0
1830,2026,Australian_Grand_Prix,BOR,Audi,10.0,10.0,9,2.0
1831,2026,Australian_Grand_Prix,SAI,Williams,,21.0,15,0.0
1832,2026,Australian_Grand_Prix,HAD,Red Bull Racing,3.0,3.0,R,0.0
1833,2026,Australian_Grand_Prix,RUS,Mercedes,1.0,1.0,1,25.0
1834,2026,Australian_Grand_Prix,BOT,Cadillac,19.0,19.0,R,0.0
1835,2026,Australian_Grand_Prix,BEA,Haas F1 Team,12.0,12.0,7,6.0
1836,2026,Chinese_Grand_Prix,NOR,McLaren,6.0,6.0,W,0.0
1837,2026,Chinese_Grand_Prix,GAS,Alpine,7.0,7.0,6,8.0
1838,2026,Chinese_Grand_Prix,PER,Cadillac,22.0,21.0,15,0.0
1839,2026,Chinese_Grand_Prix,ANT,Mercedes,1.0,1.0,1,25.0
1840,2026,Chinese_Grand_Prix,ALO,Aston Martin,19.0,18.0,R,0.0
1841,2026,Chinese_Grand_Prix,LEC,Ferrari,4.0,4.0,4,12.0
1842,2026,Chinese_Grand_Prix,STR,Aston Martin,21.0,20.0,R,0.0
1843,2026,Chinese_Grand_Prix,ALB,Williams,18.0,22.0,W,0.0
1844,2026,Chinese_Grand_Prix,VER,Red Bull Racing,8.0,8.0,R,0.0
1845,2026,Chinese_Grand_Prix,LAW,Racing Bulls,14.0,14.0,7,6.0
1846,2026,Chinese_Grand_Prix,OCO,Haas F1 Team,13.0,13.0,14,0.0
1847,2026,Chinese_Grand_Prix,LIN,Racing Bulls,15.0,15.0,12,0.0
1848,2026,Chinese_Grand_Prix,COL,Alpine,12.0,12.0,10,1.0
1849,2026,Chinese_Grand_Prix,HAM,Ferrari,3.0,3.0,3,15.0
1850,2026,Chinese_Grand_Prix,BOR,Audi,16.0,16.0,W,0.0
1851,2026,Chinese_Grand_Prix,SAI,Williams,17.0,17.0,9,2.0
1852,2026,Chinese_Grand_Prix,HAD,Red Bull Racing,9.0,9.0,8,4.0
1853,2026,Chinese_Grand_Prix,RUS,Mercedes,2.0,2.0,2,18.0
1854,2026,Chinese_Grand_Prix,BOT,Cadillac,20.0,19.0,13,0.0
1855,2026,Chinese_Grand_Prix,BEA,Haas F1 Team,10.0,10.0,5,10.0
1856,2026,Japanese_Grand_Prix,NOR,McLaren,5.0,5.0,5,10.0
1857,2026,Japanese_Grand_Prix,GAS,Alpine,7.0,7.0,7,6.0
1858,2026,Japanese_Grand_Prix,PER,Cadillac,19.0,19.0,17,0.0
1859,2026,Japanese_Grand_Prix,ANT,Mercedes,1.0,1.0,1,25.0
1860,2026,Japanese_Grand_Prix,ALO,Aston Martin,21.0,21.0,18,0.0
1861,2026,Japanese_Grand_Prix,LEC,Ferrari,4.0,4.0,3,15.0
1862,2026,Japanese_Grand_Prix,STR,Aston Martin,22.0,22.0,R,0.0
1863,2026,Japanese_Grand_Prix,ALB,Williams,17.0,17.0,20,0.0
1864,2026,Japanese_Grand_Prix,VER,Red Bull Racing,11.0,11.0,8,4.0
1865,2026,Japanese_Grand_Prix,LAW,Racing Bulls,14.0,14.0,9,2.0
1866,2026,Japanese_Grand_Prix,OCO,Haas F1 Team,12.0,12.0,10,1.0
1867,2026,Japanese_Grand_Prix,LIN,Racing Bulls,10.0,10.0,14,0.0
1868,2026,Japanese_Grand_Prix,COL,Alpine,15.0,15.0,16,0.0
1869,2026,Japanese_Grand_Prix,HAM,Ferrari,6.0,6.0,6,8.0
1870,2026,Japanese_Grand_Prix,BOR,Audi,9.0,9.0,13,0.0
1871,2026,Japanese_Grand_Prix,SAI,Williams,16.0,16.0,15,0.0
1872,2026,Japanese_Grand_Prix,HAD,Red Bull Racing,8.0,8.0,12,0.0
1873,2026,Japanese_Grand_Prix,RUS,Mercedes,2.0,2.0,4,12.0
1874,2026,Japanese_Grand_Prix,BOT,Cadillac,20.0,20.0,19,0.0
1875,2026,Japanese_Grand_Prix,BEA,Haas F1 Team,18.0,18.0,R,0.0
1876,2026,Miami_Grand_Prix,NOR,McLaren,4.0,4.0,2,18.0
1877,2026,Miami_Grand_Prix,GAS,Alpine,9.0,9.0,R,0.0
1878,2026,Miami_Grand_Prix,PER,Cadillac,20.0,20.0,16,0.0
1879,2026,Miami_Grand_Prix,ANT,Mercedes,1.0,1.0,1,25.0
1880,2026,Miami_Grand_Prix,ALO,Aston Martin,17.0,17.0,15,0.0
1881,2026,Miami_Grand_Prix,LEC,Ferrari,3.0,3.0,8,4.0
1882,2026,Miami_Grand_Prix,STR,Aston Martin,18.0,18.0,17,0.0
1883,2026,Miami_Grand_Prix,ALB,Williams,15.0,15.0,10,1.0
1884,2026,Miami_Grand_Prix,VER,Red Bull Racing,2.0,2.0,5,10.0
1885,2026,Miami_Grand_Prix,LAW,Racing Bulls,11.0,11.0,R,0.0
1886,2026,Miami_Grand_Prix,OCO,Haas F1 Team,14.0,14.0,13,0.0
1887,2026,Miami_Grand_Prix,LIN,Racing Bulls,16.0,16.0,14,0.0
1888,2026,Miami_Grand_Prix,COL,Alpine,8.0,8.0,7,6.0
1889,2026,Miami_Grand_Prix,HAM,Ferrari,6.0,6.0,6,8.0
1890,2026,Miami_Grand_Prix,BOR,Audi,21.0,21.0,12,0.0
1891,2026,Miami_Grand_Prix,SAI,Williams,13.0,13.0,9,2.0
1892,2026,Miami_Grand_Prix,HAD,Red Bull Racing,22.0,22.0,R,0.0
1893,2026,Miami_Grand_Prix,RUS,Mercedes,5.0,5.0,4,12.0
1894,2026,Miami_Grand_Prix,BOT,Cadillac,19.0,19.0,18,0.0
1895,2026,Miami_Grand_Prix,BEA,Haas F1 Team,12.0,12.0,11,0.0
1896,2026,Canadian_Grand_Prix,NOR,McLaren,3.0,3.0,R,0.0
1897,2026,Canadian_Grand_Prix,GAS,Alpine,14.0,14.0,8,4.0
1898,2026,Canadian_Grand_Prix,PER,Cadillac,20.0,20.0,R,0.0
1899,2026,Canadian_Grand_Prix,ANT,Mercedes,2.0,2.0,1,25.0
1900,2026,Canadian_Grand_Prix,ALO,Aston Martin,19.0,19.0,R,0.0
1901,2026,Canadian_Grand_Prix,LEC,Ferrari,8.0,8.0,4,12.0
1902,2026,Canadian_Grand_Prix,STR,Aston Martin,21.0,22.0,15,0.0
1903,2026,Canadian_Grand_Prix,ALB,Williams,18.0,18.0,R,0.0
1904,2026,Canadian_Grand_Prix,VER,Red Bull Racing,6.0,6.0,3,15.0
1905,2026,Canadian_Grand_Prix,LAW,Racing Bulls,12.0,12.0,7,6.0
1906,2026,Canadian_Grand_Prix,OCO,Haas F1 Team,17.0,17.0,14,0.0
1907,2026,Canadian_Grand_Prix,LIN,Racing Bulls,9.0,9.0,W,0.0
1908,2026,Canadian_Grand_Prix,COL,Alpine,10.0,10.0,6,8.0
1909,2026,Canadian_Grand_Prix,HAM,Ferrari,5.0,5.0,2,18.0
1910,2026,Canadian_Grand_Prix,BOR,Audi,13.0,13.0,13,0.0
1911,2026,Canadian_Grand_Prix,SAI,Williams,15.0,15.0,9,2.0
1912,2026,Canadian_Grand_Prix,HAD,Red Bull Racing,7.0,7.0,5,10.0
1913,2026,Canadian_Grand_Prix,RUS,Mercedes,1.0,1.0,R,0.0
1914,2026,Canadian_Grand_Prix,BOT,Cadillac,22.0,21.0,16,0.0
1915,2026,Canadian_Grand_Prix,BEA,Haas F1 Team,16.0,16.0,10,1.0
1916,2026,Monaco_Grand_Prix,NOR,McLaren,8.0,8.0,R,0.0
1917,2026,Monaco_Grand_Prix,GAS,Alpine,9.0,9.0,3,15.0
1918,2026,Monaco_Grand_Prix,PER,Cadillac,18.0,18.0,15,0.0
1919,2026,Monaco_Grand_Prix,ANT,Mercedes,1.0,1.0,1,25.0
1920,2026,Monaco_Grand_Prix,ALO,Aston Martin,21.0,21.0,10,1.0
1921,2026,Monaco_Grand_Prix,LEC,Ferrari,4.0,4.0,R,0.0
1922,2026,Monaco_Grand_Prix,STR,Aston Martin,22.0,22.0,R,0.0
1923,2026,Monaco_Grand_Prix,ALB,Williams,11.0,11.0,8,4.0
1924,2026,Monaco_Grand_Prix,VER,Red Bull Racing,2.0,2.0,R,0.0
1925,2026,Monaco_Grand_Prix,LAW,Racing Bulls,10.0,10.0,6,8.0
1926,2026,Monaco_Grand_Prix,OCO,Haas F1 Team,17.0,17.0,9,2.0
1927,2026,Monaco_Grand_Prix,LIN,Racing Bulls,15.0,15.0,7,6.0
1928,2026,Monaco_Grand_Prix,COL,Alpine,14.0,14.0,14,0.0
1929,2026,Monaco_Grand_Prix,HAM,Ferrari,3.0,3.0,2,18.0
1930,2026,Monaco_Grand_Prix,BOR,Audi,16.0,16.0,11,0.0
1931,2026,Monaco_Grand_Prix,SAI,Williams,12.0,12.0,16,0.0
1932,2026,Monaco_Grand_Prix,HAD,Red Bull Racing,5.0,5.0,4,12.0
1933,2026,Monaco_Grand_Prix,RUS,Mercedes,6.0,6.0,12,0.0
1934,2026,Monaco_Grand_Prix,BOT,Cadillac,20.0,20.0,R,0.0
1935,2026,Monaco_Grand_Prix,BEA,Haas F1 Team,19.0,19.0,R,0.0
1936,2026,Barcelona_Grand_Prix,NOR,McLaren,4.0,4.0,3,15.0
1937,2026,Barcelona_Grand_Prix,GAS,Alpine,14.0,14.0,7,6.0
1938,2026,Barcelona_Grand_Prix,PER,Cadillac,19.0,19.0,14,0.0
1939,2026,Barcelona_Grand_Prix,ANT,Mercedes,3.0,3.0,16,0.0
1940,2026,Barcelona_Grand_Prix,ALO,Aston Martin,22.0,22.0,R,0.0
1941,2026,Barcelona_Grand_Prix,LEC,Ferrari,10.0,10.0,15,0.0
1942,2026,Barcelona_Grand_Prix,STR,Aston Martin,21.0,21.0,R,0.0
1943,2026,Barcelona_Grand_Prix,ALB,Williams,18.0,18.0,R,0.0
1944,2026,Barcelona_Grand_Prix,VER,Red Bull Racing,5.0,5.0,4,12.0
1945,2026,Barcelona_Grand_Prix,LAW,Racing Bulls,8.0,8.0,8,4.0
1946,2026,Barcelona_Grand_Prix,OCO,Haas F1 Team,17.0,17.0,13,0.0
1947,2026,Barcelona_Grand_Prix,LIN,Racing Bulls,11.0,11.0,9,2.0
1948,2026,Barcelona_Grand_Prix,COL,Alpine,13.0,13.0,10,1.0
1949,2026,Barcelona_Grand_Prix,HAM,Ferrari,2.0,2.0,1,25.0
1950,2026,Barcelona_Grand_Prix,BOR,Audi,12.0,12.0,11,0.0
1951,2026,Barcelona_Grand_Prix,SAI,Williams,16.0,16.0,12,0.0
1952,2026,Barcelona_Grand_Prix,HAD,Red Bull Racing,6.0,6.0,6,8.0
1953,2026,Barcelona_Grand_Prix,RUS,Mercedes,1.0,1.0,2,18.0
1954,2026,Barcelona_Grand_Prix,BOT,Cadillac,20.0,20.0,R,0.0
1955,2026,Barcelona_Grand_Prix,BEA,Haas F1 Team,15.0,15.0,17,0.0
