Year,RoundNumber,Race,Driver,Team,QualiPosition,GridPosition,AvgFinishLast3,AvgFinishLast5,AvgGridLast3,AvgGridLast5,AvgPointsLast3,AvgPointsLast5,PositionsGainedLastRace,FinishStdLast5,TargetFinish
2022,1,Bahrain_Grand_Prix,ALB,Williams,14.0,14.0,,,,,,,,,13
2022,1,Bahrain_Grand_Prix,ALO,Alpine,8.0,8.0,,,,,,,,,9
2022,1,Bahrain_Grand_Prix,BOT,Audi,6.0,6.0,,,,,,,,,6
2022,1,Bahrain_Grand_Prix,DEV,,,,,,,,,,,,
2022,1,Bahrain_Grand_Prix,GAS,Racing Bulls,10.0,10.0,,,,,,,,,R
2022,1,Bahrain_Grand_Prix,HAM,Mercedes,5.0,5.0,,,,,,,,,3
2022,1,Bahrain_Grand_Prix,HUL,Aston Martin,17.0,17.0,,,,,,,,,17
2022,1,Bahrain_Grand_Prix,LAT,Williams,20.0,20.0,,,,,,,,,16
2022,1,Bahrain_Grand_Prix,LEC,Ferrari,1.0,1.0,,,,,,,,,1
2022,1,Bahrain_Grand_Prix,MAG,Haas F1 Team,7.0,7.0,,,,,,,,,5
2022,1,Bahrain_Grand_Prix,MSC,Haas F1 Team,12.0,12.0,,,,,,,,,11
2022,1,Bahrain_Grand_Prix,NOR,McLaren,13.0,13.0,,,,,,,,,15
2022,1,Bahrain_Grand_Prix,OCO,Alpine,11.0,11.0,,,,,,,,,7
2022,1,Bahrain_Grand_Prix,PER,Red Bull Racing,4.0,4.0,,,,,,,,,18
2022,1,Bahrain_Grand_Prix,RIC,McLaren,18.0,18.0,,,,,,,,,14
2022,1,Bahrain_Grand_Prix,RUS,Mercedes,9.0,9.0,,,,,,,,,4
2022,1,Bahrain_Grand_Prix,SAI,Ferrari,3.0,3.0,,,,,,,,,2
2022,1,Bahrain_Grand_Prix,STR,Aston Martin,19.0,19.0,,,,,,,,,12
2022,1,Bahrain_Grand_Prix,TSU,Racing Bulls,16.0,16.0,,,,,,,,,8
2022,1,Bahrain_Grand_Prix,VER,Red Bull Racing,2.0,2.0,,,,,,,,,19
2022,1,Bahrain_Grand_Prix,VET,,,,,,,,,,,,
2022,1,Bahrain_Grand_Prix,ZHO,Audi,15.0,15.0,,,,,,,,,10
2022,2,Saudi_Arabian_Grand_Prix,ALB,Williams,17.0,16.0,13.0,13.0,14.0,14.0,0.0,0.0,1.0,0.0,14
2022,2,Saudi_Arabian_Grand_Prix,ALO,Alpine,7.0,7.0,9.0,9.0,8.0,8.0,2.0,2.0,-1.0,0.0,R
2022,2,Saudi_Arabian_Grand_Prix,BOT,Audi,8.0,8.0,6.0,6.0,6.0,6.0,8.0,8.0,0.0,0.0,R
2022,2,Saudi_Arabian_Grand_Prix,DEV,,,,,,,,,,,,
2022,2,Saudi_Arabian_Grand_Prix,GAS,Racing Bulls,9.0,9.0,,,10.0,10.0,0.0,0.0,,,8
2022,2,Saudi_Arabian_Grand_Prix,HAM,Mercedes,16.0,15.0,3.0,3.0,5.0,5.0,15.0,15.0,2.0,0.0,10
2022,2,Saudi_Arabian_Grand_Prix,HUL,Aston Martin,18.0,17.0,17.0,17.0,17.0,17.0,0.0,0.0,0.0,0.0,12
2022,2,Saudi_Arabian_Grand_Prix,LAT,Williams,19.0,18.0,16.0,16.0,20.0,20.0,0.0,0.0,4.0,0.0,R
2022,2,Saudi_Arabian_Grand_Prix,LEC,Ferrari,2.0,2.0,1.0,1.0,1.0,1.0,26.0,26.0,0.0,0.0,2
2022,2,Saudi_Arabian_Grand_Prix,MAG,Haas F1 Team,10.0,10.0,5.0,5.0,7.0,7.0,10.0,10.0,2.0,0.0,9
2022,2,Saudi_Arabian_Grand_Prix,MSC,Haas F1 Team,14.0,,11.0,11.0,12.0,12.0,0.0,0.0,1.0,0.0,W
2022,2,Saudi_Arabian_Grand_Prix,NOR,McLaren,11.0,11.0,15.0,15.0,13.0,13.0,0.0,0.0,-2.0,0.0,7
2022,2,Saudi_Arabian_Grand_Prix,OCO,Alpine,5.0,5.0,7.0,7.0,11.0,11.0,6.0,6.0,4.0,0.0,6
2022,2,Saudi_Arabian_Grand_Prix,PER,Red Bull Racing,1.0,1.0,18.0,18.0,4.0,4.0,0.0,0.0,-14.0,0.0,4
2022,2,Saudi_Arabian_Grand_Prix,RIC,McLaren,12.0,14.0,14.0,14.0,18.0,18.0,0.0,0.0,4.0,0.0,R
2022,2,Saudi_Arabian_Grand_Prix,RUS,Mercedes,6.0,6.0,4.0,4.0,9.0,9.0,12.0,12.0,5.0,0.0,5
2022,2,Saudi_Arabian_Grand_Prix,SAI,Ferrari,3.0,3.0,2.0,2.0,3.0,3.0,18.0,18.0,1.0,0.0,3
2022,2,Saudi_Arabian_Grand_Prix,STR,Aston Martin,15.0,13.0,12.0,12.0,19.0,19.0,0.0,0.0,7.0,0.0,13
2022,2,Saudi_Arabian_Grand_Prix,TSU,Racing Bulls,20.0,19.0,8.0,8.0,16.0,16.0,4.0,4.0,8.0,0.0,R
2022,2,Saudi_Arabian_Grand_Prix,VER,Red Bull Racing,4.0,4.0,19.0,19.0,2.0,2.0,0.0,0.0,-17.0,0.0,1
2022,2,Saudi_Arabian_Grand_Prix,VET,,,,,,,,,,,,
2022,2,Saudi_Arabian_Grand_Prix,ZHO,Audi,13.0,12.0,10.0,10.0,15.0,15.0,1.0,1.0,5.0,0.0,11
2022,3,Australian_Grand_Prix,ALB,Williams,16.0,20.0,13.5,13.5,15.0,15.0,0.0,0.0,2.0,0.5,10
2022,3,Australian_Grand_Prix,ALO,Alpine,10.0,10.0,9.0,9.0,7.5,7.5,1.0,1.0,,0.0,17
2022,3,Australian_Grand_Prix,BOT,Audi,12.0,12.0,6.0,6.0,7.0,7.0,4.0,4.0,,0.0,8
2022,3,Australian_Grand_Prix,DEV,,,,,,,,,,,,
2022,3,Australian_Grand_Prix,GAS,Racing Bulls,11.0,11.0,8.0,8.0,9.5,9.5,2.0,2.0,1.0,0.0,9
2022,3,Australian_Grand_Prix,HAM,Mercedes,5.0,5.0,6.5,6.5,10.0,10.0,8.0,8.0,5.0,3.5,4
2022,3,Australian_Grand_Prix,HUL,,,,14.5,14.5,17.0,17.0,0.0,0.0,5.0,2.5,
2022,3,Australian_Grand_Prix,LAT,Williams,19.0,18.0,16.0,16.0,19.0,19.0,0.0,0.0,,0.0,16
2022,3,Australian_Grand_Prix,LEC,Ferrari,1.0,1.0,1.5,1.5,1.5,1.5,22.5,22.5,0.0,0.5,1
2022,3,Australian_Grand_Prix,MAG,Haas F1 Team,17.0,16.0,7.0,7.0,8.5,8.5,6.0,6.0,1.0,2.0,14
2022,3,Australian_Grand_Prix,MSC,Haas F1 Team,15.0,15.0,11.0,11.0,12.0,12.0,0.0,0.0,,0.0,13
2022,3,Australian_Grand_Prix,NOR,McLaren,4.0,4.0,11.0,11.0,12.0,12.0,3.0,3.0,4.0,4.0,5
2022,3,Australian_Grand_Prix,OCO,Alpine,8.0,8.0,6.5,6.5,8.0,8.0,7.0,7.0,-1.0,0.5,7
2022,3,Australian_Grand_Prix,PER,Red Bull Racing,3.0,3.0,11.0,11.0,2.5,2.5,6.0,6.0,-3.0,7.0,2
2022,3,Australian_Grand_Prix,RIC,McLaren,7.0,7.0,14.0,14.0,16.0,16.0,0.0,0.0,,0.0,6
2022,3,Australian_Grand_Prix,RUS,Mercedes,6.0,6.0,4.5,4.5,7.5,7.5,11.0,11.0,1.0,0.5,3
2022,3,Australian_Grand_Prix,SAI,Ferrari,9.0,9.0,2.5,2.5,3.0,3.0,16.5,16.5,0.0,0.5,R
2022,3,Australian_Grand_Prix,STR,Aston Martin,20.0,19.0,12.5,12.5,16.0,16.0,0.0,0.0,0.0,0.5,12
2022,3,Australian_Grand_Prix,TSU,Racing Bulls,13.0,13.0,8.0,8.0,17.5,17.5,2.0,2.0,,0.0,15
2022,3,Australian_Grand_Prix,VER,Red Bull Racing,2.0,2.0,10.0,10.0,3.0,3.0,12.5,12.5,3.0,9.0,R
2022,3,Australian_Grand_Prix,VET,Aston Martin,18.0,17.0,,,,,,,,,R
2022,3,Australian_Grand_Prix,ZHO,Audi,14.0,14.0,10.5,10.5,13.5,13.5,0.5,0.5,1.0,0.5,11
2022,4,Emilia_Romagna_Grand_Prix,ALB,Williams,20.0,18.0,12.33,12.33,16.67,16.67,0.33,0.33,10.0,1.7,11
2022,4,Emilia_Romagna_Grand_Prix,ALO,Alpine,5.0,9.0,13.0,13.0,8.33,8.33,0.67,0.67,-7.0,4.0,R
2022,4,Emilia_Romagna_Grand_Prix,BOT,Audi,8.0,7.0,7.0,7.0,8.67,8.67,4.0,4.0,4.0,1.0,5
2022,4,Emilia_Romagna_Grand_Prix,DEV,,,,,,,,,,,,
2022,4,Emilia_Romagna_Grand_Prix,GAS,Racing Bulls,17.0,17.0,8.5,8.5,10.0,10.0,2.0,2.0,2.0,0.5,12
2022,4,Emilia_Romagna_Grand_Prix,HAM,Mercedes,13.0,14.0,5.67,5.67,8.33,8.33,9.33,9.33,1.0,3.09,13
2022,4,Emilia_Romagna_Grand_Prix,HUL,,,,14.5,14.5,17.0,17.0,0.0,0.0,,2.5,
2022,4,Emilia_Romagna_Grand_Prix,LAT,Williams,18.0,19.0,16.0,16.0,18.67,18.67,0.0,0.0,2.0,0.0,16
2022,4,Emilia_Romagna_Grand_Prix,LEC,Ferrari,2.0,2.0,1.33,1.33,1.33,1.33,23.67,23.67,0.0,0.47,6
2022,4,Emilia_Romagna_Grand_Prix,MAG,Haas F1 Team,4.0,8.0,9.33,9.33,11.0,11.0,4.0,4.0,2.0,3.68,9
2022,4,Emilia_Romagna_Grand_Prix,MSC,Haas F1 Team,12.0,10.0,12.0,12.0,13.5,13.5,0.0,0.0,2.0,1.0,17
2022,4,Emilia_Romagna_Grand_Prix,NOR,McLaren,3.0,5.0,9.0,9.0,9.33,9.33,5.33,5.33,-1.0,4.32,3
2022,4,Emilia_Romagna_Grand_Prix,OCO,Alpine,19.0,16.0,6.67,6.67,8.0,8.0,6.67,6.67,1.0,0.47,14
2022,4,Emilia_Romagna_Grand_Prix,PER,Red Bull Racing,7.0,3.0,8.0,8.0,2.67,2.67,10.0,10.0,1.0,7.12,2
2022,4,Emilia_Romagna_Grand_Prix,RIC,McLaren,6.0,6.0,10.0,10.0,13.0,13.0,2.67,2.67,1.0,4.0,18
2022,4,Emilia_Romagna_Grand_Prix,RUS,Mercedes,11.0,11.0,4.0,4.0,7.0,7.0,12.33,12.33,3.0,0.82,4
2022,4,Emilia_Romagna_Grand_Prix,SAI,Ferrari,10.0,4.0,2.5,2.5,5.0,5.0,11.0,11.0,,0.5,R
2022,4,Emilia_Romagna_Grand_Prix,STR,Aston Martin,15.0,15.0,12.33,12.33,17.0,17.0,0.0,0.0,7.0,0.47,10
2022,4,Emilia_Romagna_Grand_Prix,TSU,Racing Bulls,16.0,12.0,11.5,11.5,16.0,16.0,1.33,1.33,-2.0,3.5,7
2022,4,Emilia_Romagna_Grand_Prix,VER,Red Bull Racing,1.0,1.0,10.0,10.0,2.67,2.67,8.33,8.33,,9.0,1
2022,4,Emilia_Romagna_Grand_Prix,VET,Aston Martin,9.0,13.0,,,17.0,17.0,0.0,0.0,,,8
2022,4,Emilia_Romagna_Grand_Prix,ZHO,Audi,14.0,0.0,10.67,10.67,13.67,13.67,0.33,0.33,3.0,0.47,15
2022,5,Miami_Grand_Prix,ALB,Williams,18.0,18.0,11.67,12.0,18.0,17.0,0.33,0.25,7.0,1.58,9
2022,5,Miami_Grand_Prix,ALO,Alpine,11.0,11.0,17.0,13.0,8.67,8.5,0.0,0.5,,4.0,11
2022,5,Miami_Grand_Prix,BOT,Audi,5.0,5.0,6.5,6.33,9.0,8.25,4.67,5.5,2.0,1.25,7
2022,5,Miami_Grand_Prix,DEV,,,,,,,,,,,,
2022,5,Miami_Grand_Prix,GAS,Racing Bulls,7.0,7.0,9.67,9.67,12.33,11.75,2.0,1.5,5.0,1.7,R
2022,5,Miami_Grand_Prix,HAM,Mercedes,6.0,6.0,9.0,7.5,11.33,9.75,4.33,7.0,1.0,4.15,6
2022,5,Miami_Grand_Prix,HUL,,,,12.0,14.5,17.0,17.0,0.0,0.0,,2.5,
2022,5,Miami_Grand_Prix,LAT,Williams,19.0,19.0,16.0,16.0,18.33,18.75,0.0,0.0,3.0,0.0,14
2022,5,Miami_Grand_Prix,LEC,Ferrari,1.0,1.0,3.0,2.5,1.67,1.5,17.67,19.75,-4.0,2.06,2
2022,5,Miami_Grand_Prix,MAG,Haas F1 Team,16.0,16.0,10.67,9.25,11.33,10.25,1.33,3.5,-1.0,3.19,16
2022,5,Miami_Grand_Prix,MSC,Haas F1 Team,15.0,15.0,15.0,13.67,12.5,12.33,0.0,0.0,-7.0,2.49,15
2022,5,Miami_Grand_Prix,NOR,McLaren,8.0,8.0,5.0,7.5,6.67,8.25,10.33,7.75,2.0,4.56,R
2022,5,Miami_Grand_Prix,OCO,Alpine,20.0,20.0,9.0,8.5,9.67,10.0,4.67,5.0,2.0,3.2,8
2022,5,Miami_Grand_Prix,PER,Red Bull Racing,4.0,4.0,2.67,6.5,2.33,2.75,16.0,12.0,1.0,6.69,4
2022,5,Miami_Grand_Prix,RIC,McLaren,14.0,14.0,12.0,12.67,9.0,11.25,2.67,2.0,-12.0,4.99,13
2022,5,Miami_Grand_Prix,RUS,Mercedes,12.0,12.0,4.0,4.0,7.67,8.0,12.33,12.25,7.0,0.71,5
2022,5,Miami_Grand_Prix,SAI,Ferrari,2.0,2.0,3.0,2.5,5.33,4.75,5.0,8.25,,0.5,3
2022,5,Miami_Grand_Prix,STR,Aston Martin,10.0,0.0,11.67,11.75,15.67,16.5,0.33,0.25,5.0,1.09,10
2022,5,Miami_Grand_Prix,TSU,Racing Bulls,9.0,9.0,11.0,10.0,14.67,15.0,2.0,2.5,5.0,3.56,12
2022,5,Miami_Grand_Prix,VER,Red Bull Racing,3.0,3.0,1.0,7.0,2.33,2.25,17.0,12.75,0.0,8.49,1
2022,5,Miami_Grand_Prix,VET,Aston Martin,13.0,0.0,8.0,8.0,15.0,15.0,2.0,2.0,5.0,0.0,17
2022,5,Miami_Grand_Prix,ZHO,Audi,17.0,17.0,12.33,11.75,8.67,10.25,0.0,0.25,-15.0,1.92,R
2022,6,Spanish_Grand_Prix,ALB,Williams,19.0,18.0,10.0,11.4,18.67,17.2,1.0,0.6,9.0,1.85,18
2022,6,Spanish_Grand_Prix,ALO,Alpine,17.0,20.0,14.0,12.33,10.0,9.0,0.0,0.4,0.0,3.4,9
2022,6,Spanish_Grand_Prix,BOT,Audi,7.0,7.0,6.67,6.5,8.0,7.6,6.67,5.6,-2.0,1.12,6
2022,6,Spanish_Grand_Prix,DEV,,,,,,,,,,,,
2022,6,Spanish_Grand_Prix,GAS,Racing Bulls,14.0,14.0,10.5,9.67,11.67,10.8,0.67,1.2,,1.7,13
2022,6,Spanish_Grand_Prix,HAM,Mercedes,6.0,6.0,7.67,7.2,8.33,9.0,6.67,7.2,0.0,3.76,5
2022,6,Spanish_Grand_Prix,HUL,,,,,14.5,,17.0,,0.0,,2.5,
2022,6,Spanish_Grand_Prix,LAT,Williams,20.0,19.0,15.33,15.5,18.67,18.8,0.0,0.0,5.0,0.87,16
2022,6,Spanish_Grand_Prix,LEC,Ferrari,1.0,1.0,3.0,2.4,1.33,1.4,17.33,19.4,-1.0,1.85,R
2022,6,Spanish_Grand_Prix,MAG,Haas F1 Team,8.0,8.0,13.0,10.6,13.33,11.4,0.67,2.8,0.0,3.93,17
2022,6,Spanish_Grand_Prix,MSC,Haas F1 Team,10.0,10.0,15.0,14.0,13.33,13.0,0.0,0.0,0.0,2.24,14
2022,6,Spanish_Grand_Prix,NOR,McLaren,11.0,11.0,4.0,7.5,5.67,8.2,8.33,6.2,,4.56,8
2022,6,Spanish_Grand_Prix,OCO,Alpine,12.0,12.0,9.67,8.4,14.67,12.0,3.33,4.8,12.0,2.87,7
2022,6,Spanish_Grand_Prix,PER,Red Bull Racing,5.0,5.0,2.67,6.0,3.33,3.0,16.0,12.0,0.0,6.07,2
2022,6,Spanish_Grand_Prix,RIC,McLaren,9.0,9.0,12.33,12.75,9.0,11.8,2.67,1.6,1.0,4.32,12
2022,6,Spanish_Grand_Prix,RUS,Mercedes,4.0,4.0,4.0,4.2,9.67,8.8,12.33,11.8,7.0,0.75,3
2022,6,Spanish_Grand_Prix,SAI,Ferrari,3.0,3.0,3.0,2.67,5.0,4.2,5.0,9.6,-1.0,0.47,4
2022,6,Spanish_Grand_Prix,STR,Aston Martin,18.0,17.0,10.67,11.4,11.33,13.2,0.67,0.4,-10.0,1.2,15
2022,6,Spanish_Grand_Prix,TSU,Racing Bulls,13.0,13.0,11.33,10.5,11.33,13.8,2.0,2.0,-3.0,3.2,10
2022,6,Spanish_Grand_Prix,VER,Red Bull Racing,2.0,2.0,1.0,5.5,2.0,2.4,17.33,15.4,2.0,7.79,1
2022,6,Spanish_Grand_Prix,VET,Aston Martin,16.0,16.0,12.5,12.5,10.0,10.0,1.33,1.33,-17.0,4.5,11
2022,6,Spanish_Grand_Prix,ZHO,Audi,15.0,15.0,13.0,11.75,10.33,11.6,0.0,0.2,,1.92,R
2022,7,Monaco_Grand_Prix,ALB,Williams,16.0,16.0,12.67,12.4,18.0,18.0,0.67,0.6,0.0,3.26,R
2022,7,Monaco_Grand_Prix,ALO,Alpine,7.0,7.0,10.0,12.33,13.33,11.4,0.67,0.4,11.0,3.4,7
2022,7,Monaco_Grand_Prix,BOT,Audi,12.0,12.0,6.0,6.5,6.33,7.8,8.0,5.6,1.0,1.12,9
2022,7,Monaco_Grand_Prix,DEV,,,,,,,,,,,,
2022,7,Monaco_Grand_Prix,GAS,Racing Bulls,17.0,17.0,12.5,10.5,12.67,11.6,0.0,1.2,1.0,2.06,11
2022,7,Monaco_Grand_Prix,HAM,Mercedes,8.0,8.0,8.0,7.6,8.67,9.2,6.0,6.2,1.0,3.38,8
2022,7,Monaco_Grand_Prix,HUL,,,,,12.0,,17.0,,0.0,,0.0,
2022,7,Monaco_Grand_Prix,LAT,Williams,19.0,19.0,15.33,15.5,19.0,18.6,0.0,0.0,3.0,0.87,15
2022,7,Monaco_Grand_Prix,LEC,Ferrari,1.0,1.0,4.0,2.75,1.33,1.4,8.67,14.2,,1.92,4
2022,7,Monaco_Grand_Prix,MAG,Haas F1 Team,13.0,13.0,14.0,13.0,10.67,11.6,0.67,0.8,-9.0,3.41,R
2022,7,Monaco_Grand_Prix,MSC,Haas F1 Team,15.0,15.0,15.33,14.75,11.67,12.5,0.0,0.0,-4.0,1.48,R
2022,7,Monaco_Grand_Prix,NOR,McLaren,5.0,5.0,5.5,5.75,8.0,7.8,6.33,7.0,3.0,1.92,6
2022,7,Monaco_Grand_Prix,OCO,Alpine,10.0,10.0,9.67,8.4,16.0,12.2,3.33,4.8,5.0,2.87,12
2022,7,Monaco_Grand_Prix,PER,Red Bull Racing,3.0,3.0,2.67,2.8,4.0,3.2,16.33,15.8,3.0,0.98,1
2022,7,Monaco_Grand_Prix,RIC,McLaren,14.0,14.0,14.33,12.25,9.67,10.0,0.0,1.6,-3.0,4.26,13
2022,7,Monaco_Grand_Prix,RUS,Mercedes,6.0,6.0,4.0,4.0,9.0,7.8,12.33,12.4,1.0,0.89,5
2022,7,Monaco_Grand_Prix,SAI,Ferrari,2.0,2.0,3.5,3.33,3.0,4.2,9.0,8.4,-1.0,0.47,2
2022,7,Monaco_Grand_Prix,STR,Aston Martin,18.0,18.0,11.67,12.0,10.67,12.8,0.67,0.4,2.0,1.9,14
2022,7,Monaco_Grand_Prix,TSU,Racing Bulls,11.0,11.0,9.67,11.0,11.33,13.2,2.33,1.4,3.0,2.92,17
2022,7,Monaco_Grand_Prix,VER,Red Bull Racing,4.0,4.0,1.0,1.0,2.0,2.4,25.67,20.4,1.0,0.0,3
2022,7,Monaco_Grand_Prix,VET,Aston Martin,9.0,9.0,12.0,12.0,9.67,11.5,1.33,1.0,5.0,3.74,10
2022,7,Monaco_Grand_Prix,ZHO,Audi,20.0,20.0,15.0,12.33,10.67,11.6,0.0,0.0,,1.89,16
2022,8,Azerbaijan_Grand_Prix,ALB,Williams,17.0,17.0,13.5,12.0,17.33,18.0,0.67,0.6,,3.54,12
2022,8,Azerbaijan_Grand_Prix,ALO,Alpine,10.0,10.0,9.0,11.0,12.67,11.4,2.67,1.6,0.0,3.74,7
2022,8,Azerbaijan_Grand_Prix,BOT,Audi,15.0,15.0,7.33,7.0,8.0,8.6,5.33,6.0,3.0,1.41,11
2022,8,Azerbaijan_Grand_Prix,DEV,,,,,,,,,,,,
2022,8,Azerbaijan_Grand_Prix,GAS,Racing Bulls,6.0,6.0,12.0,11.25,12.67,13.2,0.0,0.4,6.0,1.48,5
2022,8,Azerbaijan_Grand_Prix,HAM,Mercedes,7.0,7.0,6.33,7.2,6.67,7.8,7.33,6.8,0.0,3.19,4
2022,8,Azerbaijan_Grand_Prix,HUL,,,,,,,,,,,,
2022,8,Azerbaijan_Grand_Prix,LAT,Williams,18.0,18.0,15.0,15.4,19.0,18.8,0.0,0.0,4.0,0.8,15
2022,8,Azerbaijan_Grand_Prix,LEC,Ferrari,1.0,1.0,3.0,3.25,1.0,1.2,10.0,12.8,-3.0,1.92,R
2022,8,Azerbaijan_Grand_Prix,MAG,Haas F1 Team,16.0,16.0,16.5,14.0,12.33,12.2,0.0,0.4,,3.08,R
2022,8,Azerbaijan_Grand_Prix,MSC,Haas F1 Team,20.0,20.0,14.5,14.75,13.33,13.0,0.0,0.0,,1.48,14
2022,8,Azerbaijan_Grand_Prix,NOR,McLaren,11.0,11.0,7.0,5.5,8.0,6.6,4.33,7.6,-1.0,1.8,9
2022,8,Azerbaijan_Grand_Prix,OCO,Alpine,13.0,13.0,9.0,9.6,14.0,13.2,3.33,3.2,-2.0,2.87,10
2022,8,Azerbaijan_Grand_Prix,PER,Red Bull Racing,2.0,2.0,2.33,2.2,4.0,3.6,18.67,18.4,2.0,0.98,2
2022,8,Azerbaijan_Grand_Prix,RIC,McLaren,12.0,12.0,12.67,12.4,12.33,10.0,0.0,1.6,1.0,3.83,8
2022,8,Azerbaijan_Grand_Prix,RUS,Mercedes,5.0,5.0,4.33,4.0,7.33,7.8,11.67,12.4,1.0,0.89,3
2022,8,Azerbaijan_Grand_Prix,SAI,Ferrari,4.0,4.0,3.0,3.0,2.33,4.0,15.0,9.0,0.0,0.82,R
2022,8,Azerbaijan_Grand_Prix,STR,Aston Martin,19.0,19.0,13.0,12.2,11.67,13.8,0.33,0.4,4.0,2.04,16
2022,8,Azerbaijan_Grand_Prix,TSU,Racing Bulls,8.0,8.0,13.0,12.2,11.0,11.6,0.33,1.4,-6.0,3.54,13
2022,8,Azerbaijan_Grand_Prix,VER,Red Bull Racing,3.0,3.0,1.67,1.5,3.0,2.4,22.0,18.4,1.0,0.87,1
2022,8,Azerbaijan_Grand_Prix,VET,Aston Martin,9.0,9.0,12.67,11.5,8.33,11.0,0.33,1.0,-1.0,3.35,6
2022,8,Azerbaijan_Grand_Prix,ZHO,Audi,14.0,14.0,16.0,14.0,17.33,13.2,0.0,0.0,4.0,2.16,R
2022,9,Canadian_Grand_Prix,ALB,Williams,12.0,12.0,15.0,12.5,17.0,17.4,0.0,0.4,5.0,3.35,13
2022,9,Canadian_Grand_Prix,ALO,Alpine,2.0,2.0,7.67,8.5,12.33,11.4,4.67,2.8,3.0,1.66,9
2022,9,Canadian_Grand_Prix,BOT,Audi,11.0,11.0,8.67,7.6,11.33,9.2,3.33,5.2,4.0,2.15,7
2022,9,Canadian_Grand_Prix,DEV,,,,,,,,,,,,
2022,9,Canadian_Grand_Prix,GAS,Racing Bulls,16.0,15.0,9.67,10.25,12.33,12.2,3.33,2.0,1.0,3.11,14
2022,9,Canadian_Grand_Prix,HAM,Mercedes,4.0,4.0,5.67,7.2,7.0,8.2,8.67,6.8,3.0,3.19,3
2022,9,Canadian_Grand_Prix,HUL,,,,,,,,,,,,
2022,9,Canadian_Grand_Prix,LAT,Williams,19.0,18.0,15.33,15.2,18.67,18.8,0.0,0.0,3.0,0.75,16
2022,9,Canadian_Grand_Prix,LEC,Ferrari,15.0,19.0,4.0,4.0,1.0,1.2,4.0,7.6,,1.63,5
2022,9,Canadian_Grand_Prix,MAG,Haas F1 Team,5.0,5.0,17.0,14.0,12.33,12.2,0.0,0.4,,3.56,17
2022,9,Canadian_Grand_Prix,MSC,Haas F1 Team,6.0,6.0,14.0,15.0,15.0,14.0,0.0,0.0,6.0,1.22,R
2022,9,Canadian_Grand_Prix,NOR,McLaren,14.0,14.0,7.67,6.5,9.0,8.0,5.0,6.0,2.0,2.29,15
2022,9,Canadian_Grand_Prix,OCO,Alpine,7.0,7.0,9.67,10.2,11.67,14.2,2.33,2.2,3.0,2.56,6
2022,9,Canadian_Grand_Prix,PER,Red Bull Racing,13.0,13.0,1.67,2.2,3.33,3.4,21.0,18.6,0.0,0.98,R
2022,9,Canadian_Grand_Prix,RIC,McLaren,9.0,9.0,11.0,12.8,11.67,11.0,1.33,0.8,4.0,3.19,11
2022,9,Canadian_Grand_Prix,RUS,Mercedes,8.0,8.0,3.67,4.0,5.0,7.6,13.33,12.4,2.0,0.89,4
2022,9,Canadian_Grand_Prix,SAI,Ferrari,3.0,3.0,3.0,3.0,3.0,3.0,10.0,9.0,,0.82,2
2022,9,Canadian_Grand_Prix,STR,Aston Martin,18.0,17.0,15.0,13.0,18.0,13.8,0.0,0.4,3.0,2.53,10
2022,9,Canadian_Grand_Prix,TSU,Racing Bulls,20.0,20.0,13.33,11.8,10.67,10.6,0.33,1.4,-5.0,3.31,R
2022,9,Canadian_Grand_Prix,VER,Red Bull Racing,1.0,1.0,1.67,1.4,3.0,2.6,21.67,23.4,2.0,0.8,1
2022,9,Canadian_Grand_Prix,VET,Aston Martin,17.0,16.0,9.0,10.4,11.33,9.4,3.0,2.6,3.0,3.72,12
2022,9,Canadian_Grand_Prix,ZHO,Audi,10.0,10.0,16.0,15.5,16.33,13.2,0.0,0.0,,0.5,8
2022,10,British_Grand_Prix,ALB,Williams,16.0,16.0,12.5,13.0,15.0,16.2,0.0,0.4,-1.0,3.24,R
2022,10,British_Grand_Prix,ALO,Alpine,7.0,7.0,7.67,8.6,6.33,10.0,4.67,3.2,-7.0,1.5,5
2022,10,British_Grand_Prix,BOT,Audi,12.0,12.0,9.0,8.0,12.67,10.0,2.67,4.4,4.0,1.79,R
2022,10,British_Grand_Prix,DEV,,,,,,,,,,,,
2022,10,British_Grand_Prix,GAS,Racing Bulls,11.0,11.0,10.0,10.75,12.67,11.8,3.33,2.0,1.0,3.49,R
2022,10,British_Grand_Prix,HAM,Mercedes,5.0,5.0,5.0,5.2,6.33,6.2,10.33,9.8,1.0,1.72,3
2022,10,British_Grand_Prix,HUL,,,,,,,,,,,,
2022,10,British_Grand_Prix,LAT,Williams,10.0,10.0,15.33,15.2,18.33,18.6,0.0,0.0,2.0,0.75,12
2022,10,British_Grand_Prix,LEC,Ferrari,3.0,3.0,4.5,3.67,7.0,4.6,7.33,8.0,14.0,1.25,4
2022,10,British_Grand_Prix,MAG,Haas F1 Team,17.0,17.0,17.0,16.67,11.33,11.6,0.0,0.0,-12.0,0.47,10
2022,10,British_Grand_Prix,MSC,Haas F1 Team,19.0,19.0,14.0,14.33,13.67,13.2,0.0,0.0,,0.47,8
2022,10,British_Grand_Prix,NOR,McLaren,6.0,6.0,10.0,9.5,10.0,9.8,3.67,3.0,-1.0,3.35,6
2022,10,British_Grand_Prix,OCO,Alpine,15.0,15.0,9.33,8.6,10.0,12.4,3.0,3.8,1.0,2.15,R
2022,10,British_Grand_Prix,PER,Red Bull Racing,4.0,4.0,1.5,2.25,6.0,5.4,14.67,15.0,,1.09,2
2022,10,British_Grand_Prix,RIC,McLaren,14.0,14.0,10.67,11.4,11.67,11.6,1.33,0.8,-2.0,1.85,13
2022,10,British_Grand_Prix,RUS,Mercedes,8.0,8.0,4.0,4.0,6.33,7.0,12.33,12.4,4.0,0.89,R
2022,10,British_Grand_Prix,SAI,Ferrari,1.0,1.0,2.0,2.75,3.0,2.8,12.33,12.8,1.0,0.83,1
2022,10,British_Grand_Prix,STR,Aston Martin,20.0,20.0,13.33,13.0,18.0,14.2,0.33,0.4,7.0,2.53,11
2022,10,British_Grand_Prix,TSU,Racing Bulls,13.0,13.0,15.0,13.0,13.0,12.2,0.0,0.2,,2.55,14
2022,10,British_Grand_Prix,VER,Red Bull Racing,2.0,2.0,1.67,1.4,2.67,2.6,21.67,23.2,0.0,0.8,7
2022,10,British_Grand_Prix,VET,Aston Martin,18.0,18.0,9.33,11.2,11.33,10.0,3.0,1.8,4.0,3.54,9
2022,10,British_Grand_Prix,ZHO,Audi,9.0,9.0,12.0,12.0,14.67,15.2,1.33,0.8,2.0,4.0,R
2022,11,Austrian_Grand_Prix,ALB,Williams,11.0,15.0,12.5,14.33,15.0,15.8,0.0,0.0,,2.62,12
2022,11,Austrian_Grand_Prix,ALO,Alpine,8.0,19.0,7.0,7.4,6.33,9.2,6.0,5.2,2.0,1.5,10
2022,11,Austrian_Grand_Prix,BOT,Audi,12.0,0.0,9.0,8.25,12.67,11.4,2.0,3.2,,1.92,11
2022,11,Austrian_Grand_Prix,DEV,,,,,,,,,,,,
2022,11,Austrian_Grand_Prix,GAS,Racing Bulls,10.0,14.0,9.5,10.75,10.67,12.6,3.33,2.0,,3.49,15
2022,11,Austrian_Grand_Prix,HAM,Mercedes,9.0,8.0,3.33,4.6,5.33,6.0,14.33,11.4,2.0,1.85,3
2022,11,Austrian_Grand_Prix,HUL,,,,,,,,,,,,
2022,11,Austrian_Grand_Prix,LAT,Williams,19.0,17.0,14.33,14.8,15.33,16.8,0.0,0.0,-2.0,1.47,R
2022,11,Austrian_Grand_Prix,LEC,Ferrari,2.0,2.0,4.5,4.33,7.67,5.0,7.33,6.8,-1.0,0.47,1
2022,11,Austrian_Grand_Prix,MAG,Haas F1 Team,6.0,7.0,13.5,14.67,12.67,11.8,0.33,0.2,7.0,3.3,8
2022,11,Austrian_Grand_Prix,MSC,Haas F1 Team,7.0,9.0,11.0,12.0,15.0,14.0,1.33,0.8,11.0,2.83,6
2022,11,Austrian_Grand_Prix,NOR,McLaren,15.0,10.0,10.0,8.8,10.33,9.4,3.33,4.6,0.0,3.31,7
2022,11,Austrian_Grand_Prix,OCO,Alpine,5.0,6.0,8.0,8.75,11.67,11.4,3.0,3.0,,2.38,5
2022,11,Austrian_Grand_Prix,PER,Red Bull Racing,13.0,5.0,2.0,1.75,6.33,5.4,12.33,16.2,2.0,0.43,R
2022,11,Austrian_Grand_Prix,RIC,McLaren,16.0,11.0,10.67,11.4,11.67,11.6,1.33,0.8,1.0,1.85,9
2022,11,Austrian_Grand_Prix,RUS,Mercedes,4.0,4.0,3.5,3.75,7.0,6.2,9.0,10.4,,0.83,4
2022,11,Austrian_Grand_Prix,SAI,Ferrari,3.0,3.0,1.5,2.25,2.67,2.6,14.67,14.8,0.0,1.09,R
2022,11,Austrian_Grand_Prix,STR,Aston Martin,17.0,12.0,12.33,13.2,18.67,18.2,0.33,0.2,9.0,2.32,13
2022,11,Austrian_Grand_Prix,TSU,Racing Bulls,14.0,16.0,13.5,13.5,13.67,13.0,0.0,0.2,-1.0,2.5,16
2022,11,Austrian_Grand_Prix,VER,Red Bull Racing,1.0,1.0,3.0,2.6,2.0,2.4,18.67,19.2,-5.0,2.33,2
2022,11,Austrian_Grand_Prix,VET,Aston Martin,20.0,18.0,9.0,9.6,14.33,13.6,3.33,2.2,9.0,2.06,17
2022,11,Austrian_Grand_Prix,ZHO,Audi,18.0,13.0,8.0,12.0,11.0,13.6,1.33,0.8,,4.0,14
2022,12,French_Grand_Prix,ALB,Williams,15.0,13.0,12.5,12.33,14.33,15.2,0.0,0.0,3.0,0.47,13
2022,12,French_Grand_Prix,ALO,Alpine,7.0,7.0,8.0,7.6,9.33,9.0,4.33,5.0,9.0,1.74,6
2022,12,French_Grand_Prix,BOT,Audi,13.0,11.0,9.0,9.5,7.67,10.0,2.0,1.6,-11.0,1.66,14
2022,12,French_Grand_Prix,DEV,,,,,,,,,,,,
2022,12,French_Grand_Prix,GAS,Racing Bulls,16.0,14.0,14.5,11.25,13.33,12.6,0.0,2.0,-1.0,3.9,12
2022,12,French_Grand_Prix,HAM,Mercedes,4.0,4.0,3.0,4.2,5.67,6.4,15.33,12.4,5.0,1.94,2
2022,12,French_Grand_Prix,HUL,,,,,,,,,,,,
2022,12,French_Grand_Prix,LAT,Williams,20.0,18.0,14.0,14.5,15.0,16.4,0.0,0.0,,1.5,R
2022,12,French_Grand_Prix,LEC,Ferrari,1.0,1.0,3.33,3.5,8.0,5.2,15.67,11.8,1.0,1.5,R
2022,12,French_Grand_Prix,MAG,Haas F1 Team,10.0,20.0,11.67,11.67,9.67,11.6,1.67,1.0,-1.0,3.86,R
2022,12,French_Grand_Prix,MSC,Haas F1 Team,19.0,17.0,7.0,9.33,11.33,13.8,4.0,2.4,3.0,3.4,15
2022,12,French_Grand_Prix,NOR,McLaren,5.0,5.0,9.33,8.6,10.0,9.2,4.67,5.0,3.0,3.38,7
2022,12,French_Grand_Prix,OCO,Alpine,12.0,10.0,5.5,8.25,9.33,10.2,6.0,3.8,1.0,2.86,8
2022,12,French_Grand_Prix,PER,Red Bull Racing,3.0,3.0,2.0,1.67,7.33,5.4,6.0,12.4,,0.47,4
2022,12,French_Grand_Prix,RIC,McLaren,11.0,9.0,11.0,10.8,11.33,12.0,0.67,1.2,2.0,2.04,9
2022,12,French_Grand_Prix,RUS,Mercedes,6.0,6.0,4.0,4.0,6.67,6.2,8.0,9.8,0.0,0.71,3
2022,12,French_Grand_Prix,SAI,Ferrari,9.0,19.0,1.5,1.67,2.33,2.6,14.67,12.4,,0.47,5
2022,12,French_Grand_Prix,STR,Aston Martin,17.0,15.0,11.33,12.8,16.33,17.2,0.33,0.2,-1.0,2.14,10
2022,12,French_Grand_Prix,TSU,Racing Bulls,8.0,8.0,15.0,15.0,16.33,13.6,0.0,0.0,0.0,1.58,R
2022,12,French_Grand_Prix,VER,Red Bull Racing,2.0,2.0,3.33,2.8,1.33,2.2,16.67,18.0,-1.0,2.23,1
2022,12,French_Grand_Prix,VET,Aston Martin,14.0,12.0,12.67,10.8,17.33,14.0,0.67,2.2,1.0,3.66,11
2022,12,French_Grand_Prix,ZHO,Audi,18.0,16.0,11.0,12.67,10.67,13.2,1.33,0.8,-1.0,3.4,16
2022,13,Hungarian_Grand_Prix,ALB,Williams,17.0,17.0,12.5,12.5,14.67,14.6,0.0,0.0,0.0,0.5,17
2022,13,Hungarian_Grand_Prix,ALO,Alpine,6.0,6.0,7.0,7.4,11.0,9.0,6.33,5.4,1.0,1.85,8
2022,13,Hungarian_Grand_Prix,BOT,Audi,8.0,8.0,12.5,10.75,7.67,9.8,0.0,1.2,-3.0,2.49,20
2022,13,Hungarian_Grand_Prix,DEV,,,,,,,,,,,,
2022,13,Hungarian_Grand_Prix,GAS,Racing Bulls,19.0,0.0,13.5,11.5,13.0,12.0,0.0,2.0,2.0,3.91,12
2022,13,Hungarian_Grand_Prix,HAM,Mercedes,7.0,7.0,2.67,3.0,5.67,5.6,16.33,15.2,2.0,0.63,2
2022,13,Hungarian_Grand_Prix,HUL,,,,,,,,,,,,
2022,13,Hungarian_Grand_Prix,LAT,Williams,20.0,19.0,12.0,14.33,15.0,16.2,0.0,0.0,,1.7,18
2022,13,Hungarian_Grand_Prix,LEC,Ferrari,3.0,3.0,2.5,3.33,2.0,5.2,12.33,9.4,,1.7,6
2022,13,Hungarian_Grand_Prix,MAG,Haas F1 Team,13.0,13.0,9.0,11.67,14.67,13.0,1.67,1.0,,3.86,16
2022,13,Hungarian_Grand_Prix,MSC,Haas F1 Team,15.0,15.0,9.67,10.75,15.0,14.2,4.0,2.4,2.0,3.83,14
2022,13,Hungarian_Grand_Prix,NOR,McLaren,4.0,4.0,6.67,8.8,7.0,9.2,6.67,4.4,-2.0,3.25,7
2022,13,Hungarian_Grand_Prix,OCO,Alpine,5.0,5.0,6.5,7.25,10.33,10.2,4.67,4.6,2.0,1.92,9
2022,13,Hungarian_Grand_Prix,PER,Red Bull Racing,11.0,11.0,3.0,2.67,4.0,5.4,10.0,9.8,-1.0,0.94,5
2022,13,Hungarian_Grand_Prix,RIC,McLaren,9.0,9.0,10.33,10.0,11.33,11.0,1.33,1.6,0.0,1.79,15
2022,13,Hungarian_Grand_Prix,RUS,Mercedes,1.0,1.0,3.5,3.5,6.0,6.2,9.0,10.8,3.0,0.5,3
2022,13,Hungarian_Grand_Prix,SAI,Ferrari,2.0,2.0,3.0,2.67,7.67,6.0,12.0,11.0,14.0,1.7,4
2022,13,Hungarian_Grand_Prix,STR,Aston Martin,14.0,14.0,11.33,12.0,15.67,16.6,0.33,0.4,5.0,2.28,11
2022,13,Hungarian_Grand_Prix,TSU,Racing Bulls,16.0,16.0,15.0,14.33,12.33,13.0,0.0,0.0,,1.25,19
2022,13,Hungarian_Grand_Prix,VER,Red Bull Racing,10.0,10.0,3.33,2.4,1.67,1.8,16.67,20.0,1.0,2.33,1
2022,13,Hungarian_Grand_Prix,VET,Aston Martin,18.0,18.0,12.33,11.0,16.0,14.6,0.67,2.0,1.0,3.63,10
2022,13,Hungarian_Grand_Prix,ZHO,Audi,12.0,12.0,15.0,12.67,12.67,12.4,0.0,0.8,0.0,3.4,13
2022,14,Belgian_Grand_Prix,ALB,Williams,9.0,6.0,14.0,13.75,15.0,14.6,0.0,0.0,0.0,1.92,10
2022,14,Belgian_Grand_Prix,ALO,Alpine,6.0,3.0,8.0,7.6,10.67,8.2,4.33,5.0,-2.0,1.85,5
2022,14,Belgian_Grand_Prix,BOT,Audi,20.0,13.0,15.0,13.0,6.33,8.4,0.0,1.2,-12.0,4.74,R
2022,14,Belgian_Grand_Prix,DEV,,,,,,,,,,,,
2022,14,Belgian_Grand_Prix,GAS,Racing Bulls,12.0,0.0,13.0,13.25,9.33,10.8,0.0,0.0,-12.0,1.3,9
2022,14,Belgian_Grand_Prix,HAM,Mercedes,7.0,4.0,2.33,2.6,6.33,5.6,17.33,16.6,5.0,0.49,R
2022,14,Belgian_Grand_Prix,HUL,,,,,,,,,,,,
2022,14,Belgian_Grand_Prix,LAT,Williams,17.0,11.0,18.0,15.33,18.0,16.4,0.0,0.0,1.0,2.49,18
2022,14,Belgian_Grand_Prix,LEC,Ferrari,4.0,15.0,3.5,4.0,2.0,5.6,11.0,11.0,-3.0,1.87,6
2022,14,Belgian_Grand_Prix,MAG,Haas F1 Team,18.0,12.0,12.0,12.75,13.33,12.4,1.33,1.0,-3.0,3.83,16
2022,14,Belgian_Grand_Prix,MSC,Haas F1 Team,15.0,19.0,11.67,10.75,13.67,13.2,2.67,2.4,1.0,3.83,17
2022,14,Belgian_Grand_Prix,NOR,McLaren,10.0,17.0,7.0,8.4,6.33,7.8,6.0,5.2,-3.0,3.32,12
2022,14,Belgian_Grand_Prix,OCO,Alpine,5.0,16.0,7.33,7.0,7.0,8.6,5.33,4.8,-4.0,1.58,7
2022,14,Belgian_Grand_Prix,PER,Red Bull Racing,3.0,2.0,4.5,3.67,6.33,7.2,7.33,8.0,6.0,1.25,2
2022,14,Belgian_Grand_Prix,RIC,McLaren,11.0,7.0,11.0,11.4,9.67,10.4,1.33,0.8,-6.0,2.33,15
2022,14,Belgian_Grand_Prix,RUS,Mercedes,8.0,5.0,3.33,3.5,3.67,5.4,14.0,10.8,-2.0,0.5,4
2022,14,Belgian_Grand_Prix,SAI,Ferrari,2.0,1.0,4.5,3.0,8.0,5.6,7.67,13.4,-2.0,1.58,3
2022,14,Belgian_Grand_Prix,STR,Aston Martin,14.0,9.0,11.33,11.0,13.67,15.6,0.33,0.4,3.0,1.1,11
2022,14,Belgian_Grand_Prix,TSU,Racing Bulls,19.0,0.0,17.5,16.33,13.33,14.6,0.0,0.0,-3.0,2.05,13
2022,14,Belgian_Grand_Prix,VER,Red Bull Racing,1.0,14.0,1.33,2.4,4.33,3.2,23.0,20.0,9.0,2.33,1
2022,14,Belgian_Grand_Prix,VET,Aston Martin,16.0,10.0,12.67,11.8,16.0,16.4,0.33,0.6,8.0,2.79,8
2022,14,Belgian_Grand_Prix,ZHO,Audi,13.0,18.0,14.33,12.75,13.67,12.0,0.0,0.8,-1.0,2.95,14
2022,15,Dutch_Grand_Prix,ALB,Williams,15.0,15.0,13.33,13.0,12.0,13.4,0.33,0.2,-4.0,2.55,12
2022,15,Dutch_Grand_Prix,ALO,Alpine,13.0,13.0,6.33,6.8,5.33,8.4,7.33,6.6,-2.0,1.94,6
2022,15,Dutch_Grand_Prix,BOT,Audi,16.0,16.0,17.0,15.0,10.67,8.8,0.0,0.0,,3.74,R
2022,15,Dutch_Grand_Prix,DEV,,,,,,,,,,,,
2022,15,Dutch_Grand_Prix,GAS,Racing Bulls,11.0,11.0,11.0,12.0,4.67,7.8,0.67,0.4,-9.0,2.12,11
2022,15,Dutch_Grand_Prix,HAM,Mercedes,4.0,4.0,2.0,2.5,5.0,5.6,12.33,13.6,,0.5,4
2022,15,Dutch_Grand_Prix,HUL,,,,,,,,,,,,
2022,15,Dutch_Grand_Prix,LAT,Williams,20.0,20.0,18.0,16.0,16.0,15.0,0.0,0.0,-7.0,2.83,18
2022,15,Dutch_Grand_Prix,LEC,Ferrari,2.0,2.0,6.0,4.25,6.33,4.8,5.33,10.6,9.0,2.05,3
2022,15,Dutch_Grand_Prix,MAG,Haas F1 Team,18.0,18.0,16.0,12.5,15.0,13.8,0.0,1.0,-4.0,3.57,15
2022,15,Dutch_Grand_Prix,MSC,Haas F1 Team,8.0,8.0,15.33,12.0,17.0,15.8,0.0,2.4,2.0,4.24,13
2022,15,Dutch_Grand_Prix,NOR,McLaren,7.0,7.0,8.67,7.8,8.67,8.4,4.0,5.2,5.0,2.14,7
2022,15,Dutch_Grand_Prix,OCO,Alpine,12.0,12.0,8.0,7.25,10.33,10.4,4.0,4.4,9.0,1.48,9
2022,15,Dutch_Grand_Prix,PER,Red Bull Racing,5.0,5.0,3.67,3.25,5.33,5.0,13.33,11.6,0.0,1.3,5
2022,15,Dutch_Grand_Prix,RIC,McLaren,17.0,17.0,13.0,12.2,8.33,10.0,0.67,0.8,-8.0,2.71,17
2022,15,Dutch_Grand_Prix,RUS,Mercedes,6.0,6.0,3.33,3.5,4.0,4.8,14.0,10.8,1.0,0.5,2
2022,15,Dutch_Grand_Prix,SAI,Ferrari,3.0,3.0,4.0,3.25,7.33,5.2,12.67,12.6,-2.0,1.48,8
2022,15,Dutch_Grand_Prix,STR,Aston Martin,10.0,10.0,10.67,11.2,12.67,14.0,0.33,0.2,-2.0,0.98,10
2022,15,Dutch_Grand_Prix,TSU,Racing Bulls,9.0,9.0,16.0,15.5,8.0,10.6,0.0,0.0,-13.0,2.29,R
2022,15,Dutch_Grand_Prix,VER,Red Bull Racing,1.0,1.0,1.0,2.4,8.67,5.8,25.33,20.2,13.0,2.33,1
2022,15,Dutch_Grand_Prix,VET,Aston Martin,19.0,19.0,9.67,11.0,13.33,15.2,1.67,1.4,2.0,3.16,14
2022,15,Dutch_Grand_Prix,ZHO,Audi,14.0,14.0,14.33,14.25,15.33,13.6,0.0,0.0,4.0,1.09,16
2022,16,Italian_Grand_Prix,ALB,,,,13.0,12.8,12.67,13.2,0.33,0.2,3.0,2.32,
2022,16,Italian_Grand_Prix,ALO,Alpine,10.0,6.0,6.33,7.0,7.33,9.6,7.33,6.2,7.0,1.79,R
2022,16,Italian_Grand_Prix,BOT,Audi,12.0,15.0,20.0,15.0,12.33,9.6,0.0,0.0,,3.74,13
2022,16,Italian_Grand_Prix,DEV,Williams,13.0,8.0,,,,,,,,,9
2022,16,Italian_Grand_Prix,GAS,Racing Bulls,9.0,5.0,10.67,11.8,3.67,7.8,0.67,0.4,0.0,1.94,8
2022,16,Italian_Grand_Prix,HAM,Mercedes,5.0,19.0,3.0,2.75,5.0,5.4,10.33,12.8,0.0,0.83,5
2022,16,Italian_Grand_Prix,HUL,,,,,,,,,,,,
2022,16,Italian_Grand_Prix,LAT,Williams,16.0,10.0,18.0,18.0,16.67,17.0,0.0,0.0,2.0,0.0,15
2022,16,Italian_Grand_Prix,LEC,Ferrari,1.0,1.0,5.0,4.0,6.67,4.6,10.33,11.2,-1.0,2.12,2
2022,16,Italian_Grand_Prix,MAG,Haas F1 Team,19.0,16.0,15.67,13.75,14.33,14.0,0.0,0.8,3.0,3.34,16
2022,16,Italian_Grand_Prix,MSC,Haas F1 Team,20.0,17.0,14.67,13.0,14.0,13.6,0.0,1.6,-5.0,3.74,12
2022,16,Italian_Grand_Prix,NOR,McLaren,7.0,3.0,8.67,8.0,9.33,8.6,4.0,4.8,0.0,2.0,7
2022,16,Italian_Grand_Prix,OCO,Alpine,11.0,14.0,8.33,7.6,11.0,9.8,3.33,4.8,3.0,1.5,11
2022,16,Italian_Grand_Prix,PER,Red Bull Racing,4.0,13.0,4.0,4.0,6.0,5.2,12.67,10.0,0.0,1.22,6
2022,16,Italian_Grand_Prix,RIC,McLaren,8.0,4.0,15.67,13.0,11.0,10.6,0.0,0.8,0.0,3.35,R
2022,16,Italian_Grand_Prix,RUS,Mercedes,6.0,2.0,3.0,3.2,4.0,4.4,15.0,14.4,4.0,0.75,3
2022,16,Italian_Grand_Prix,SAI,Ferrari,3.0,18.0,5.0,5.0,2.0,5.6,10.33,8.4,-5.0,1.87,4
2022,16,Italian_Grand_Prix,STR,Aston Martin,18.0,12.0,10.67,11.0,11.0,12.0,0.33,0.4,0.0,1.1,R
2022,16,Italian_Grand_Prix,TSU,Racing Bulls,15.0,20.0,16.0,16.0,8.33,9.8,0.0,0.0,,2.45,14
2022,16,Italian_Grand_Prix,VER,Red Bull Racing,2.0,7.0,1.0,1.2,8.33,5.6,25.67,24.2,0.0,0.4,1
2022,16,Italian_Grand_Prix,VET,Aston Martin,17.0,11.0,10.67,12.0,15.67,15.4,1.67,1.0,5.0,3.16,R
2022,16,Italian_Grand_Prix,ZHO,Audi,14.0,9.0,14.33,14.6,14.67,14.6,0.0,0.0,-2.0,1.2,10
2022,17,Singapore_Grand_Prix,ALB,Williams,19.0,18.0,11.0,13.0,10.5,12.75,0.5,0.25,,2.55,R
2022,17,Singapore_Grand_Prix,ALO,Alpine,5.0,5.0,5.5,6.25,7.33,7.0,6.0,6.0,,1.09,R
2022,17,Singapore_Grand_Prix,BOT,Audi,16.0,15.0,13.0,15.67,14.67,12.6,0.0,0.0,2.0,3.09,11
2022,17,Singapore_Grand_Prix,DEV,,,,9.0,9.0,8.0,8.0,2.0,2.0,-1.0,0.0,
2022,17,Singapore_Grand_Prix,GAS,Racing Bulls,7.0,7.0,9.33,10.4,5.33,6.0,2.0,1.2,-3.0,1.62,10
2022,17,Singapore_Grand_Prix,HAM,Mercedes,3.0,3.0,4.5,3.25,9.0,7.6,7.33,11.8,14.0,1.3,9
2022,17,Singapore_Grand_Prix,HUL,,,,,,,,,,,,
2022,17,Singapore_Grand_Prix,LAT,Williams,20.0,19.0,17.0,17.25,13.67,15.6,0.0,0.0,-5.0,1.3,R
2022,17,Singapore_Grand_Prix,LEC,Ferrari,1.0,1.0,3.67,4.25,6.0,4.4,13.67,9.8,-1.0,1.79,2
2022,17,Singapore_Grand_Prix,MAG,Haas F1 Team,9.0,9.0,15.67,15.75,15.33,15.8,0.0,0.0,0.0,0.43,12
2022,17,Singapore_Grand_Prix,MSC,Haas F1 Team,13.0,12.0,14.0,14.2,14.67,15.2,0.0,0.0,5.0,1.72,13
2022,17,Singapore_Grand_Prix,NOR,McLaren,6.0,6.0,8.67,8.0,9.0,7.2,4.0,4.8,-4.0,2.0,4
2022,17,Singapore_Grand_Prix,OCO,Alpine,18.0,17.0,9.0,8.8,14.0,11.4,2.67,2.8,3.0,1.33,R
2022,17,Singapore_Grand_Prix,PER,Red Bull Racing,2.0,2.0,4.33,4.4,6.67,6.8,12.33,11.8,7.0,1.36,1
2022,17,Singapore_Grand_Prix,RIC,McLaren,17.0,16.0,16.0,14.0,9.33,9.2,0.0,0.4,,3.0,5
2022,17,Singapore_Grand_Prix,RUS,Mercedes,11.0,0.0,3.0,3.0,4.33,4.0,15.0,15.0,-1.0,0.63,14
2022,17,Singapore_Grand_Prix,SAI,Ferrari,4.0,4.0,5.0,4.8,7.33,8.6,10.33,10.8,14.0,1.72,3
2022,17,Singapore_Grand_Prix,STR,Aston Martin,12.0,11.0,10.5,10.5,10.33,12.0,0.33,0.4,,0.5,6
2022,17,Singapore_Grand_Prix,TSU,Racing Bulls,10.0,10.0,13.5,15.33,9.67,10.6,0.0,0.0,6.0,2.62,R
2022,17,Singapore_Grand_Prix,VER,Red Bull Racing,8.0,8.0,1.0,1.0,7.33,6.8,25.67,25.4,6.0,0.0,7
2022,17,Singapore_Grand_Prix,VET,Aston Martin,14.0,13.0,11.0,10.75,13.33,14.0,1.33,1.0,,2.17,8
2022,17,Singapore_Grand_Prix,ZHO,Audi,15.0,14.0,13.33,13.8,13.67,13.8,0.33,0.2,-1.0,2.23,R
2022,18,Japanese_Grand_Prix,ALB,Williams,16.0,16.0,12.0,13.0,16.5,14.0,0.0,0.25,,2.94,R
2022,18,Japanese_Grand_Prix,ALO,Alpine,7.0,7.0,6.0,6.33,8.0,6.6,2.67,4.4,,1.25,7
2022,18,Japanese_Grand_Prix,BOT,Audi,12.0,12.0,12.0,14.67,15.33,13.4,0.0,0.0,4.0,3.86,15
2022,18,Japanese_Grand_Prix,DEV,,,,9.0,9.0,8.0,8.0,2.0,2.0,,0.0,
2022,18,Japanese_Grand_Prix,GAS,Racing Bulls,17.0,17.0,9.67,10.0,7.67,4.6,1.67,1.4,-3.0,1.41,18
2022,18,Japanese_Grand_Prix,HAM,Mercedes,6.0,6.0,6.0,5.0,8.67,7.4,8.0,8.6,-6.0,2.55,5
2022,18,Japanese_Grand_Prix,HUL,,,,,,,,,,,,
2022,18,Japanese_Grand_Prix,LAT,Williams,20.0,20.0,16.5,17.25,16.33,15.8,0.0,0.0,,1.3,9
2022,18,Japanese_Grand_Prix,LEC,Ferrari,2.0,2.0,2.33,3.8,1.33,4.4,17.0,13.4,-1.0,1.83,3
2022,18,Japanese_Grand_Prix,MAG,Haas F1 Team,18.0,18.0,14.33,15.0,14.33,13.6,0.0,0.0,-3.0,1.55,14
2022,18,Japanese_Grand_Prix,MSC,Haas F1 Team,15.0,15.0,12.67,13.8,12.33,14.2,0.0,0.0,-1.0,1.72,17
2022,18,Japanese_Grand_Prix,NOR,McLaren,10.0,10.0,6.0,7.4,5.33,7.4,8.0,6.0,2.0,2.58,10
2022,18,Japanese_Grand_Prix,OCO,Alpine,5.0,5.0,10.0,9.0,14.33,12.8,0.67,2.0,,1.41,4
2022,18,Japanese_Grand_Prix,PER,Red Bull Racing,4.0,4.0,4.0,3.8,6.67,6.6,14.67,14.4,1.0,1.94,2
2022,18,Japanese_Grand_Prix,RIC,McLaren,11.0,11.0,11.0,13.0,12.33,10.6,3.33,2.0,11.0,4.69,11
2022,18,Japanese_Grand_Prix,RUS,Mercedes,8.0,8.0,6.33,5.2,2.67,2.8,11.0,12.0,-14.0,4.45,8
2022,18,Japanese_Grand_Prix,SAI,Ferrari,3.0,3.0,5.0,4.4,8.33,5.6,10.33,11.6,1.0,1.85,R
2022,18,Japanese_Grand_Prix,STR,Aston Martin,19.0,19.0,8.0,9.5,11.0,11.2,3.0,1.8,5.0,2.06,12
2022,18,Japanese_Grand_Prix,TSU,Racing Bulls,13.0,13.0,14.0,15.33,13.0,11.0,0.0,0.0,,2.62,13
2022,18,Japanese_Grand_Prix,VER,Red Bull Racing,1.0,1.0,3.0,2.2,5.33,8.0,19.0,21.6,1.0,2.4,1
2022,18,Japanese_Grand_Prix,VET,Aston Martin,9.0,9.0,11.0,10.0,14.33,14.2,1.33,1.8,5.0,2.45,6
2022,18,Japanese_Grand_Prix,ZHO,Audi,14.0,14.0,13.0,13.25,12.33,13.4,0.33,0.2,,2.17,16
2022,19,United_States_Grand_Prix,ALB,Williams,11.0,8.0,,11.0,17.0,13.75,0.0,0.25,,1.0,13
2022,19,United_States_Grand_Prix,ALO,Alpine,9.0,14.0,7.0,6.0,6.0,6.8,2.0,4.8,0.0,0.82,7
2022,19,United_States_Grand_Prix,BOT,Audi,10.0,7.0,13.0,13.0,14.0,14.2,0.0,0.0,-3.0,1.63,R
2022,19,United_States_Grand_Prix,DEV,,,,9.0,9.0,8.0,8.0,2.0,2.0,,0.0,
2022,19,United_States_Grand_Prix,GAS,Racing Bulls,13.0,11.0,12.0,11.2,9.67,8.0,1.67,1.4,-1.0,3.54,14
2022,19,United_States_Grand_Prix,HAM,Mercedes,5.0,3.0,6.33,5.75,9.33,7.2,7.33,6.8,1.0,1.92,2
2022,19,United_States_Grand_Prix,HUL,,,,,,,,,,,,
2022,19,United_States_Grand_Prix,LAT,Williams,20.0,17.0,12.0,15.0,16.33,16.0,0.67,0.4,11.0,3.67,17
2022,19,United_States_Grand_Prix,LEC,Ferrari,2.0,12.0,2.33,3.2,1.33,4.2,17.0,14.8,-1.0,1.47,3
2022,19,United_States_Grand_Prix,MAG,Haas F1 Team,16.0,13.0,14.0,14.6,14.33,14.6,0.0,0.0,4.0,1.5,9
2022,19,United_States_Grand_Prix,MSC,Haas F1 Team,19.0,16.0,14.0,14.4,14.67,14.2,0.0,0.0,-2.0,2.15,15
2022,19,United_States_Grand_Prix,NOR,McLaren,8.0,6.0,7.0,8.0,6.33,8.6,6.33,5.0,0.0,2.76,6
2022,19,United_States_Grand_Prix,OCO,Alpine,18.0,0.0,7.5,7.75,12.0,12.8,4.0,4.0,1.0,2.59,11
2022,19,United_States_Grand_Prix,PER,Red Bull Racing,4.0,9.0,3.0,3.2,6.33,5.2,17.33,16.0,2.0,1.94,4
2022,19,United_States_Grand_Prix,RIC,McLaren,17.0,15.0,8.0,12.0,10.33,11.0,3.33,2.0,0.0,4.58,16
2022,19,United_States_Grand_Prix,RUS,Mercedes,6.0,4.0,8.33,6.2,3.33,4.2,6.33,9.8,0.0,4.4,5
2022,19,United_States_Grand_Prix,SAI,Ferrari,1.0,1.0,3.5,4.5,8.33,5.8,9.0,9.2,,2.06,R
2022,19,United_States_Grand_Prix,STR,Aston Martin,7.0,5.0,9.0,9.75,14.0,12.2,2.67,1.8,7.0,2.28,R
2022,19,United_States_Grand_Prix,TSU,Racing Bulls,15.0,19.0,13.5,13.33,14.33,10.4,0.0,0.0,0.0,0.47,10
2022,19,United_States_Grand_Prix,VER,Red Bull Racing,3.0,2.0,3.0,2.2,5.33,6.2,18.67,21.6,0.0,2.4,1
2022,19,United_States_Grand_Prix,VET,Aston Martin,12.0,10.0,7.0,9.0,11.0,12.4,4.0,3.2,3.0,3.0,8
2022,19,United_States_Grand_Prix,ZHO,Audi,14.0,18.0,13.0,14.0,12.33,13.8,0.33,0.2,-2.0,2.45,12
2022,20,Mexico_City_Grand_Prix,ALB,Williams,19.0,17.0,13.0,12.5,14.0,14.25,0.0,0.0,-5.0,0.5,12
2022,20,Mexico_City_Grand_Prix,ALO,Alpine,9.0,9.0,7.0,6.67,8.67,9.0,4.0,4.0,7.0,0.47,19
2022,20,Mexico_City_Grand_Prix,BOT,Audi,6.0,6.0,13.0,13.0,11.33,13.0,0.0,0.0,,1.63,10
2022,20,Mexico_City_Grand_Prix,DEV,,,,,9.0,,8.0,,2.0,,0.0,
2022,20,Mexico_City_Grand_Prix,GAS,Racing Bulls,14.0,14.0,14.0,12.2,11.67,10.2,0.33,1.0,-3.0,3.49,11
2022,20,Mexico_City_Grand_Prix,HAM,Mercedes,3.0,3.0,5.33,5.0,4.0,7.0,10.0,10.4,1.0,2.28,2
2022,20,Mexico_City_Grand_Prix,HUL,,,,,,,,,,,,
2022,20,Mexico_City_Grand_Prix,LAT,Williams,20.0,18.0,13.0,14.75,18.67,17.2,0.67,0.4,0.0,3.49,18
2022,20,Mexico_City_Grand_Prix,LEC,Ferrari,7.0,7.0,2.67,2.6,5.0,3.6,16.0,16.2,9.0,0.49,6
2022,20,Mexico_City_Grand_Prix,MAG,Haas F1 Team,15.0,19.0,11.67,13.2,13.33,14.8,0.67,0.4,4.0,2.48,17
2022,20,Mexico_City_Grand_Prix,MSC,Haas F1 Team,16.0,15.0,15.0,14.0,14.33,13.6,0.0,0.0,1.0,1.79,16
2022,20,Mexico_City_Grand_Prix,NOR,McLaren,8.0,8.0,6.67,6.8,7.33,6.4,7.0,6.6,0.0,1.94,9
2022,20,Mexico_City_Grand_Prix,OCO,Alpine,10.0,10.0,7.5,8.75,7.33,9.6,4.0,2.8,-11.0,2.86,8
2022,20,Mexico_City_Grand_Prix,PER,Red Bull Racing,4.0,4.0,2.33,3.6,5.0,6.6,18.33,14.8,5.0,1.85,3
2022,20,Mexico_City_Grand_Prix,RIC,McLaren,11.0,11.0,10.67,12.25,14.0,12.6,3.33,2.0,-1.0,4.76,7
2022,20,Mexico_City_Grand_Prix,RUS,Mercedes,2.0,2.0,9.0,6.4,4.0,4.0,5.0,9.6,-1.0,4.32,4
2022,20,Mexico_City_Grand_Prix,SAI,Ferrari,5.0,5.0,3.0,5.0,2.67,5.8,5.0,6.2,,2.16,5
2022,20,Mexico_City_Grand_Prix,STR,Aston Martin,18.0,20.0,9.0,9.33,11.67,11.4,2.67,1.8,,2.49,15
2022,20,Mexico_City_Grand_Prix,TSU,Racing Bulls,13.0,13.0,11.5,12.33,14.0,14.2,0.33,0.2,9.0,1.7,R
2022,20,Mexico_City_Grand_Prix,VER,Red Bull Racing,1.0,1.0,3.0,2.2,3.67,3.8,18.67,21.4,1.0,2.4,1
2022,20,Mexico_City_Grand_Prix,VET,Aston Martin,17.0,16.0,7.33,9.0,10.67,12.4,5.33,3.2,2.0,3.0,14
2022,20,Mexico_City_Grand_Prix,ZHO,Audi,12.0,12.0,14.0,13.5,15.33,13.8,0.0,0.2,6.0,2.6,13
2022,21,São_Paulo_Grand_Prix,ALB,Williams,11.0,19.0,12.5,12.5,13.67,14.75,0.0,0.0,5.0,0.5,15
2022,21,São_Paulo_Grand_Prix,ALO,Alpine,7.0,17.0,11.0,11.0,10.0,8.2,4.0,2.4,-10.0,5.66,5
2022,21,São_Paulo_Grand_Prix,BOT,Audi,18.0,14.0,12.5,12.25,8.33,11.0,0.33,0.2,-4.0,1.92,9
2022,21,São_Paulo_Grand_Prix,DEV,,,,,9.0,,8.0,,2.0,,0.0,
2022,21,São_Paulo_Grand_Prix,GAS,Racing Bulls,12.0,10.0,14.33,12.2,14.0,10.8,0.0,1.0,3.0,3.49,14
2022,21,São_Paulo_Grand_Prix,HAM,Mercedes,8.0,2.0,3.0,4.6,4.0,6.8,15.33,11.6,1.0,2.58,2
2022,21,São_Paulo_Grand_Prix,HUL,,,,,,,,,,,,
2022,21,São_Paulo_Grand_Prix,LAT,Williams,16.0,18.0,14.67,14.75,18.33,16.8,0.67,0.4,0.0,3.49,16
2022,21,São_Paulo_Grand_Prix,LEC,Ferrari,10.0,5.0,4.0,3.2,7.0,4.6,12.67,14.8,1.0,1.47,4
2022,21,São_Paulo_Grand_Prix,MAG,Haas F1 Team,1.0,8.0,13.33,13.6,16.67,15.0,0.67,0.4,2.0,2.87,R
2022,21,São_Paulo_Grand_Prix,MSC,Haas F1 Team,20.0,12.0,16.0,14.6,15.33,15.0,0.0,0.0,-1.0,1.85,13
2022,21,São_Paulo_Grand_Prix,NOR,McLaren,4.0,6.0,8.33,7.2,8.0,6.6,3.67,5.8,-1.0,2.14,R
2022,21,São_Paulo_Grand_Prix,OCO,Alpine,6.0,16.0,7.67,8.5,5.0,9.2,5.33,3.2,2.0,2.87,8
2022,21,São_Paulo_Grand_Prix,PER,Red Bull Racing,9.0,4.0,3.0,3.2,5.67,6.4,15.0,15.8,1.0,1.72,7
2022,21,São_Paulo_Grand_Prix,RIC,McLaren,14.0,11.0,11.33,9.75,12.33,11.4,2.0,3.2,4.0,4.21,R
2022,21,São_Paulo_Grand_Prix,RUS,Mercedes,3.0,1.0,5.67,6.8,4.67,3.2,9.33,8.6,-2.0,3.97,1
2022,21,São_Paulo_Grand_Prix,SAI,Ferrari,5.0,7.0,5.0,4.0,3.0,6.2,3.33,7.4,0.0,0.82,3
2022,21,São_Paulo_Grand_Prix,STR,Aston Martin,15.0,15.0,13.5,11.0,14.67,13.4,0.0,1.6,5.0,3.74,10
2022,21,São_Paulo_Grand_Prix,TSU,Racing Bulls,19.0,0.0,11.5,12.33,15.0,15.0,0.33,0.2,,1.7,17
2022,21,São_Paulo_Grand_Prix,VER,Red Bull Racing,2.0,3.0,1.0,2.2,1.33,3.8,25.0,21.2,0.0,2.4,6
2022,21,São_Paulo_Grand_Prix,VET,Aston Martin,13.0,9.0,9.33,9.0,11.67,11.8,4.0,3.2,2.0,3.0,11
2022,21,São_Paulo_Grand_Prix,ZHO,Audi,17.0,13.0,13.67,12.75,14.67,13.4,0.0,0.2,-1.0,2.17,12
2022,22,Abu_Dhabi_Grand_Prix,ALB,Williams,19.0,19.0,13.33,13.33,14.67,15.6,0.0,0.0,4.0,1.25,13
2022,22,Abu_Dhabi_Grand_Prix,ALO,Alpine,11.0,10.0,10.33,9.5,13.33,10.4,5.33,4.4,12.0,5.55,R
2022,22,Abu_Dhabi_Grand_Prix,BOT,Audi,18.0,18.0,9.5,11.25,9.0,10.8,1.0,0.6,5.0,2.28,15
2022,22,Abu_Dhabi_Grand_Prix,DEV,,,,,,,,,,,,
2022,22,Abu_Dhabi_Grand_Prix,GAS,Racing Bulls,17.0,17.0,13.0,13.4,11.67,11.8,0.0,0.2,-4.0,2.8,14
2022,22,Abu_Dhabi_Grand_Prix,HAM,Mercedes,5.0,5.0,2.0,4.0,2.67,3.4,18.0,13.2,0.0,2.76,18
2022,22,Abu_Dhabi_Grand_Prix,HUL,,,,,,,,,,,,
2022,22,Abu_Dhabi_Grand_Prix,LAT,Williams,20.0,20.0,17.0,15.0,17.67,18.4,0.0,0.4,2.0,3.54,19
2022,22,Abu_Dhabi_Grand_Prix,LEC,Ferrari,3.0,3.0,4.33,3.6,8.0,5.4,11.67,13.6,1.0,1.36,2
2022,22,Abu_Dhabi_Grand_Prix,MAG,Haas F1 Team,16.0,16.0,13.0,13.0,13.33,13.4,0.67,0.4,,2.92,17
2022,22,Abu_Dhabi_Grand_Prix,MSC,Haas F1 Team,13.0,12.0,14.67,14.8,14.33,14.0,0.0,0.0,-1.0,1.6,16
2022,22,Abu_Dhabi_Grand_Prix,NOR,McLaren,7.0,7.0,7.5,7.25,6.67,7.2,3.33,4.6,,2.38,6
2022,22,Abu_Dhabi_Grand_Prix,OCO,Alpine,8.0,8.0,9.0,7.75,8.67,9.6,2.67,4.0,8.0,2.49,7
2022,22,Abu_Dhabi_Grand_Prix,PER,Red Bull Racing,2.0,2.0,4.67,3.4,5.67,4.6,11.0,15.2,-3.0,2.06,3
2022,22,Abu_Dhabi_Grand_Prix,RIC,McLaren,10.0,13.0,11.5,9.75,12.33,12.8,2.0,3.2,,4.21,9
2022,22,Abu_Dhabi_Grand_Prix,RUS,Mercedes,6.0,6.0,3.33,6.4,2.33,3.0,16.67,10.8,0.0,4.41,5
2022,22,Abu_Dhabi_Grand_Prix,SAI,Ferrari,4.0,4.0,4.0,3.67,4.33,4.0,8.33,8.0,4.0,0.94,4
2022,22,Abu_Dhabi_Grand_Prix,STR,Aston Martin,14.0,14.0,12.5,10.75,13.33,14.0,0.33,1.8,5.0,3.27,8
2022,22,Abu_Dhabi_Grand_Prix,TSU,Racing Bulls,12.0,11.0,13.5,13.33,10.67,11.0,0.33,0.2,-17.0,2.87,11
2022,22,Abu_Dhabi_Grand_Prix,VER,Red Bull Racing,1.0,1.0,2.67,3.2,2.0,3.0,19.33,17.8,-3.0,2.71,1
2022,22,Abu_Dhabi_Grand_Prix,VET,Aston Martin,9.0,9.0,11.0,9.4,11.67,11.4,1.33,3.2,-2.0,2.8,10
2022,22,Abu_Dhabi_Grand_Prix,ZHO,Audi,15.0,15.0,12.33,13.25,14.33,14.2,0.0,0.0,1.0,1.64,12
2023,1,Bahrain_Grand_Prix,ALB,Williams,15.0,15.0,13.33,13.25,18.33,15.8,0.0,0.0,6.0,1.09,10
2023,1,Bahrain_Grand_Prix,ALO,Aston Martin,5.0,5.0,12.0,9.5,12.0,11.4,3.33,4.4,,5.55,3
2023,1,Bahrain_Grand_Prix,BOT,Audi,12.0,12.0,11.33,12.25,12.67,11.4,1.0,0.6,3.0,2.77,8
2023,1,Bahrain_Grand_Prix,DEV,Racing Bulls,19.0,19.0,,,,,,,,,14
2023,1,Bahrain_Grand_Prix,GAS,Alpine,20.0,20.0,13.0,14.2,13.67,13.8,0.0,0.0,3.0,2.23,9
2023,1,Bahrain_Grand_Prix,HAM,Mercedes,7.0,7.0,7.33,5.8,3.33,3.8,12.0,12.8,-13.0,6.21,5
2023,1,Bahrain_Grand_Prix,HUL,Haas F1 Team,10.0,10.0,,,,,,,,,15
2023,1,Bahrain_Grand_Prix,LAW,,,,,,,,,,,,
2023,1,Bahrain_Grand_Prix,LEC,Ferrari,3.0,3.0,4.0,3.6,5.0,5.8,12.67,13.6,1.0,1.36,R
2023,1,Bahrain_Grand_Prix,MAG,Haas F1 Team,17.0,17.0,17.0,14.25,14.33,14.8,0.0,0.4,-1.0,3.27,13
2023,1,Bahrain_Grand_Prix,NOR,McLaren,11.0,11.0,7.5,7.75,7.0,7.4,3.67,4.0,1.0,1.79,17
2023,1,Bahrain_Grand_Prix,OCO,Alpine,9.0,9.0,7.67,7.6,11.33,7.8,4.67,5.2,1.0,2.24,R
2023,1,Bahrain_Grand_Prix,PER,Red Bull Racing,2.0,2.0,4.33,3.8,3.33,4.6,12.0,13.2,-1.0,1.72,2
2023,1,Bahrain_Grand_Prix,PIA,McLaren,18.0,18.0,,,,,,,,,R
2023,1,Bahrain_Grand_Prix,RIC,,,,8.0,10.75,11.67,12.2,2.67,1.6,4.0,3.34,
2023,1,Bahrain_Grand_Prix,RUS,Mercedes,6.0,6.0,3.33,4.6,3.0,4.2,16.33,12.8,1.0,2.24,7
2023,1,Bahrain_Grand_Prix,SAI,Ferrari,4.0,4.0,4.0,4.0,5.33,4.0,12.33,7.4,0.0,0.82,4
2023,1,Bahrain_Grand_Prix,SAR,Williams,16.0,16.0,,,,,,,,,12
2023,1,Bahrain_Grand_Prix,STR,Aston Martin,8.0,8.0,11.0,11.25,16.33,14.6,1.67,1.0,6.0,2.59,6
2023,1,Bahrain_Grand_Prix,TSU,Racing Bulls,14.0,14.0,14.0,12.75,8.0,11.2,0.0,0.2,0.0,2.68,11
2023,1,Bahrain_Grand_Prix,VER,Red Bull Racing,1.0,1.0,2.67,2.0,1.67,1.6,19.33,21.6,0.0,2.0,1
2023,1,Bahrain_Grand_Prix,ZHO,Audi,13.0,13.0,12.33,13.0,13.33,14.4,0.0,0.0,3.0,1.55,16
2023,2,Saudi_Arabian_Grand_Prix,ALB,Williams,17.0,17.0,12.67,12.6,17.67,15.6,0.33,0.2,5.0,1.62,R
2023,2,Saudi_Arabian_Grand_Prix,ALO,Aston Martin,3.0,2.0,4.0,8.5,10.67,11.0,8.33,6.2,2.0,6.22,3
2023,2,Saudi_Arabian_Grand_Prix,BOT,Audi,14.0,14.0,10.67,10.5,14.67,11.4,2.0,1.4,4.0,2.69,18
2023,2,Saudi_Arabian_Grand_Prix,DEV,Racing Bulls,18.0,18.0,14.0,14.0,19.0,19.0,0.0,0.0,5.0,0.0,14
2023,2,Saudi_Arabian_Grand_Prix,GAS,Alpine,10.0,9.0,12.33,12.4,15.67,14.4,0.67,0.4,11.0,2.06,9
2023,2,Saudi_Arabian_Grand_Prix,HAM,Mercedes,8.0,7.0,8.33,5.8,4.67,4.0,9.33,12.8,2.0,6.21,5
2023,2,Saudi_Arabian_Grand_Prix,HUL,Haas F1 Team,11.0,10.0,15.0,15.0,10.0,10.0,0.0,0.0,-5.0,0.0,12
2023,2,Saudi_Arabian_Grand_Prix,LAW,,,,,,,,,,,,
2023,2,Saudi_Arabian_Grand_Prix,LEC,Ferrari,2.0,12.0,3.0,3.75,3.67,6.0,10.0,10.6,,1.48,7
2023,2,Saudi_Arabian_Grand_Prix,MAG,Haas F1 Team,13.0,13.0,15.0,14.0,13.67,14.6,0.0,0.4,4.0,3.32,10
2023,2,Saudi_Arabian_Grand_Prix,NOR,McLaren,19.0,19.0,11.5,9.5,8.0,7.6,3.0,3.8,-6.0,4.5,17
2023,2,Saudi_Arabian_Grand_Prix,OCO,Alpine,7.0,6.0,7.5,8.5,11.0,8.6,3.33,2.8,,1.5,8
2023,2,Saudi_Arabian_Grand_Prix,PER,Red Bull Racing,1.0,1.0,4.0,3.8,2.67,4.2,13.0,13.2,0.0,1.72,1
2023,2,Saudi_Arabian_Grand_Prix,PIA,McLaren,9.0,8.0,,,18.0,18.0,0.0,0.0,,,15
2023,2,Saudi_Arabian_Grand_Prix,RIC,,,,9.0,10.67,12.0,12.5,1.0,2.0,,3.86,
2023,2,Saudi_Arabian_Grand_Prix,RUS,Mercedes,4.0,3.0,4.33,4.4,4.33,3.8,14.0,13.2,-1.0,1.96,4
2023,2,Saudi_Arabian_Grand_Prix,SAI,Ferrari,5.0,4.0,3.67,4.0,5.0,4.2,13.0,9.8,0.0,0.71,6
2023,2,Saudi_Arabian_Grand_Prix,SAR,Williams,20.0,20.0,12.0,12.0,16.0,16.0,0.0,0.0,4.0,0.0,16
2023,2,Saudi_Arabian_Grand_Prix,STR,Aston Martin,6.0,5.0,8.0,9.75,12.33,12.4,4.33,2.6,2.0,3.34,R
2023,2,Saudi_Arabian_Grand_Prix,TSU,Racing Bulls,16.0,16.0,13.0,12.25,8.33,11.4,0.0,0.2,3.0,2.77,11
2023,2,Saudi_Arabian_Grand_Prix,VER,Red Bull Racing,15.0,15.0,2.67,2.0,1.67,1.6,19.33,21.6,0.0,2.0,2
2023,2,Saudi_Arabian_Grand_Prix,ZHO,Audi,12.0,11.0,13.33,13.0,13.67,14.2,0.0,0.0,-3.0,1.55,13
2023,3,Australian_Grand_Prix,ALB,Williams,8.0,8.0,11.5,12.5,17.0,17.4,0.33,0.2,,1.8,R
2023,3,Australian_Grand_Prix,ALO,Aston Martin,4.0,4.0,3.0,7.5,5.67,8.6,10.0,8.0,-1.0,6.69,3
2023,3,Australian_Grand_Prix,BOT,Audi,19.0,19.0,13.67,12.0,14.67,12.8,1.33,1.4,-4.0,3.85,11
2023,3,Australian_Grand_Prix,DEV,Racing Bulls,15.0,15.0,14.0,14.0,18.5,18.5,0.0,0.0,4.0,0.0,15
2023,3,Australian_Grand_Prix,GAS,Alpine,9.0,9.0,10.67,11.4,15.33,14.0,1.33,0.8,0.0,2.24,13
2023,3,Australian_Grand_Prix,HAM,Mercedes,3.0,3.0,9.33,6.4,6.33,4.8,6.67,11.2,2.0,5.95,2
2023,3,Australian_Grand_Prix,HUL,Haas F1 Team,10.0,10.0,13.5,13.5,10.0,10.0,0.0,0.0,-2.0,1.5,7
2023,3,Australian_Grand_Prix,LAW,,,,,,,,,,,,
2023,3,Australian_Grand_Prix,LEC,Ferrari,7.0,7.0,4.5,4.75,6.0,6.0,8.0,8.8,5.0,1.92,R
2023,3,Australian_Grand_Prix,MAG,Haas F1 Team,14.0,14.0,13.33,14.25,15.33,14.6,0.33,0.2,3.0,2.95,17
2023,3,Australian_Grand_Prix,NOR,McLaren,13.0,13.0,13.33,12.25,12.33,10.2,3.0,2.2,2.0,4.87,6
2023,3,Australian_Grand_Prix,OCO,Alpine,11.0,11.0,7.5,7.75,7.67,9.8,3.33,3.6,-2.0,0.43,14
2023,3,Australian_Grand_Prix,PER,Red Bull Racing,20.0,20.0,2.0,3.2,1.67,2.6,19.33,15.8,0.0,2.04,5
2023,3,Australian_Grand_Prix,PIA,McLaren,16.0,16.0,15.0,15.0,13.0,13.0,0.0,0.0,-7.0,0.0,8
2023,3,Australian_Grand_Prix,RIC,,,,9.0,8.0,13.0,11.67,2.0,2.67,,1.0,
2023,3,Australian_Grand_Prix,RUS,Mercedes,2.0,2.0,5.33,4.2,5.0,3.6,9.33,13.4,-1.0,1.94,R
2023,3,Australian_Grand_Prix,SAI,Ferrari,5.0,5.0,4.67,4.4,4.0,4.8,10.67,11.4,-2.0,1.02,12
2023,3,Australian_Grand_Prix,SAR,Williams,18.0,18.0,14.0,14.0,18.0,18.0,0.0,0.0,4.0,2.0,16
2023,3,Australian_Grand_Prix,STR,Aston Martin,6.0,6.0,7.0,9.75,9.0,12.4,4.0,2.6,,3.34,4
2023,3,Australian_Grand_Prix,TSU,Racing Bulls,12.0,12.0,11.0,12.5,13.67,10.8,0.0,0.0,5.0,2.6,10
2023,3,Australian_Grand_Prix,VER,Red Bull Racing,1.0,1.0,1.33,2.2,5.67,4.2,23.0,20.4,13.0,1.94,1
2023,3,Australian_Grand_Prix,ZHO,Audi,17.0,17.0,13.67,13.2,13.0,12.8,0.0,0.0,-2.0,1.47,9
2023,4,Azerbaijan_Grand_Prix,ALB,Williams,13.0,12.0,10.0,12.67,13.33,15.6,0.33,0.2,,2.05,12
2023,4,Azerbaijan_Grand_Prix,ALO,Aston Martin,6.0,6.0,3.0,3.5,3.67,7.6,15.0,11.0,1.0,0.87,4
2023,4,Azerbaijan_Grand_Prix,BOT,Audi,14.0,13.0,12.33,12.2,15.0,15.4,1.33,1.2,8.0,3.76,18
2023,4,Azerbaijan_Grand_Prix,DEV,Racing Bulls,20.0,18.0,14.33,14.33,17.33,17.33,0.0,0.0,0.0,0.47,R
2023,4,Azerbaijan_Grand_Prix,GAS,Alpine,19.0,17.0,10.33,11.8,12.67,13.0,1.33,0.8,-4.0,2.32,14
2023,4,Azerbaijan_Grand_Prix,HAM,Mercedes,5.0,5.0,4.0,6.4,5.67,4.8,12.67,11.2,1.0,5.95,6
2023,4,Azerbaijan_Grand_Prix,HUL,Haas F1 Team,17.0,20.0,11.33,11.33,10.0,10.0,2.0,2.0,3.0,3.3,17
2023,4,Azerbaijan_Grand_Prix,LAW,,,,,,,,,,,,
2023,4,Azerbaijan_Grand_Prix,LEC,Ferrari,1.0,1.0,7.0,4.33,7.33,6.0,2.0,7.2,,2.05,3
2023,4,Azerbaijan_Grand_Prix,MAG,Haas F1 Team,18.0,16.0,13.33,14.25,14.67,13.6,0.33,0.2,-3.0,2.95,13
2023,4,Azerbaijan_Grand_Prix,NOR,McLaren,7.0,7.0,13.33,11.5,14.33,11.2,2.67,3.4,7.0,5.5,9
2023,4,Azerbaijan_Grand_Prix,OCO,Alpine,12.0,19.0,11.0,9.25,8.67,10.0,1.33,2.8,-3.0,2.77,15
2023,4,Azerbaijan_Grand_Prix,PER,Red Bull Racing,3.0,3.0,2.67,3.6,7.67,5.8,18.0,15.0,15.0,2.15,1
2023,4,Azerbaijan_Grand_Prix,PIA,McLaren,10.0,10.0,11.5,11.5,14.0,14.0,1.33,1.33,8.0,3.5,11
2023,4,Azerbaijan_Grand_Prix,RIC,,,,,9.0,,12.0,,1.0,,0.0,
2023,4,Azerbaijan_Grand_Prix,RUS,Mercedes,11.0,11.0,5.5,4.25,3.67,3.6,6.0,10.8,,2.17,8
2023,4,Azerbaijan_Grand_Prix,SAI,Ferrari,4.0,4.0,7.33,5.8,4.33,4.8,6.67,9.4,-7.0,3.25,5
2023,4,Azerbaijan_Grand_Prix,SAR,Williams,15.0,14.0,14.67,14.67,18.0,18.0,0.0,0.0,2.0,1.89,16
2023,4,Azerbaijan_Grand_Prix,STR,Aston Martin,9.0,9.0,5.0,7.0,6.33,9.6,6.67,5.0,2.0,2.24,7
2023,4,Azerbaijan_Grand_Prix,TSU,Racing Bulls,8.0,8.0,10.67,12.0,14.0,10.6,0.33,0.2,2.0,2.53,10
2023,4,Azerbaijan_Grand_Prix,VER,Red Bull Racing,2.0,2.0,1.33,2.2,5.67,4.2,23.0,20.4,0.0,1.94,2
2023,4,Azerbaijan_Grand_Prix,ZHO,Audi,16.0,15.0,12.67,12.4,13.67,13.8,0.67,0.4,8.0,2.24,R
2023,5,Miami_Grand_Prix,ALB,Williams,11.0,11.0,12.0,11.67,12.33,14.2,0.0,0.2,0.0,1.25,14
2023,5,Miami_Grand_Prix,ALO,Aston Martin,2.0,2.0,3.33,3.25,4.0,5.4,14.0,11.4,2.0,0.43,3
2023,5,Miami_Grand_Prix,BOT,Audi,10.0,10.0,15.67,14.0,15.33,15.2,0.0,0.8,-5.0,3.95,13
2023,5,Miami_Grand_Prix,DEV,Racing Bulls,15.0,15.0,14.5,14.33,17.0,17.5,0.0,0.0,,0.47,18
2023,5,Miami_Grand_Prix,GAS,Alpine,5.0,5.0,12.0,11.8,11.67,14.4,0.67,0.8,3.0,2.32,8
2023,5,Miami_Grand_Prix,HAM,Mercedes,13.0,13.0,4.33,7.2,5.0,5.4,12.0,9.2,-1.0,5.56,6
2023,5,Miami_Grand_Prix,HUL,Haas F1 Team,12.0,12.0,12.0,12.75,13.33,12.5,2.0,1.5,3.0,3.77,15
2023,5,Miami_Grand_Prix,LAW,,,,,,,,,,,,
2023,5,Miami_Grand_Prix,LEC,Ferrari,7.0,7.0,5.0,4.0,6.67,5.2,7.0,7.8,-2.0,2.16,7
2023,5,Miami_Grand_Prix,MAG,Haas F1 Team,4.0,4.0,13.33,14.0,14.33,15.2,0.33,0.2,3.0,2.68,10
2023,5,Miami_Grand_Prix,NOR,McLaren,16.0,16.0,10.67,11.0,13.0,11.4,3.33,3.8,-2.0,5.02,17
2023,5,Miami_Grand_Prix,OCO,Alpine,8.0,8.0,12.33,11.0,12.0,10.6,1.33,2.0,4.0,3.54,9
2023,5,Miami_Grand_Prix,PER,Red Bull Racing,1.0,1.0,2.33,2.4,8.0,5.6,20.33,18.8,2.0,1.5,2
2023,5,Miami_Grand_Prix,PIA,McLaren,19.0,19.0,11.33,11.33,11.33,13.0,1.33,1.0,-1.0,2.87,19
2023,5,Miami_Grand_Prix,RIC,,,,,9.0,,13.0,,2.0,,0.0,
2023,5,Miami_Grand_Prix,RUS,Mercedes,6.0,6.0,6.0,6.0,5.33,5.6,5.67,6.6,3.0,1.58,4
2023,5,Miami_Grand_Prix,SAI,Ferrari,3.0,3.0,7.67,6.2,4.33,4.2,6.0,8.4,-1.0,2.99,5
2023,5,Miami_Grand_Prix,SAR,Williams,20.0,20.0,16.0,15.0,17.33,17.0,0.0,0.0,-2.0,1.73,20
2023,5,Miami_Grand_Prix,STR,Aston Martin,18.0,18.0,5.5,6.25,6.67,8.4,6.0,6.0,2.0,1.48,12
2023,5,Miami_Grand_Prix,TSU,Racing Bulls,17.0,17.0,10.33,10.6,12.0,12.2,0.67,0.4,-2.0,0.49,11
2023,5,Miami_Grand_Prix,VER,Red Bull Racing,9.0,9.0,1.67,1.4,6.0,4.0,20.67,22.4,0.0,0.49,1
2023,5,Miami_Grand_Prix,ZHO,Audi,14.0,14.0,11.0,12.5,14.33,14.2,0.67,0.4,,2.5,16
2023,6,Monaco_Grand_Prix,ALB,Williams,13.0,13.0,13.0,12.0,10.33,12.6,0.0,0.2,-3.0,1.63,14
2023,6,Monaco_Grand_Prix,ALO,Aston Martin,2.0,2.0,3.33,3.2,4.0,3.8,14.0,14.4,-1.0,0.4,2
2023,6,Monaco_Grand_Prix,BOT,Audi,15.0,15.0,14.0,13.6,14.0,13.6,0.0,0.8,-3.0,3.93,11
2023,6,Monaco_Grand_Prix,DEV,Racing Bulls,12.0,12.0,16.5,15.25,16.0,17.0,0.0,0.0,-3.0,1.64,12
2023,6,Monaco_Grand_Prix,GAS,Alpine,7.0,7.0,11.67,10.6,10.33,12.0,1.33,1.6,-3.0,2.42,7
2023,6,Monaco_Grand_Prix,HAM,Mercedes,6.0,5.0,4.67,4.8,7.0,7.0,11.33,10.8,7.0,1.47,4
2023,6,Monaco_Grand_Prix,HUL,Haas F1 Team,18.0,18.0,13.0,13.2,14.0,12.4,2.0,1.2,-3.0,3.49,17
2023,6,Monaco_Grand_Prix,LAW,,,,,,,,,,,,
2023,6,Monaco_Grand_Prix,LEC,Ferrari,3.0,6.0,5.0,5.67,5.0,6.0,7.0,5.4,0.0,1.89,6
2023,6,Monaco_Grand_Prix,MAG,Haas F1 Team,17.0,17.0,13.33,12.6,11.33,12.8,0.33,0.4,-6.0,2.58,19
2023,6,Monaco_Grand_Prix,NOR,McLaren,10.0,10.0,10.67,13.2,12.0,13.2,3.33,2.0,-1.0,4.75,9
2023,6,Monaco_Grand_Prix,OCO,Alpine,4.0,3.0,12.67,11.5,12.67,10.6,0.67,1.2,-1.0,3.04,3
2023,6,Monaco_Grand_Prix,PER,Red Bull Racing,20.0,20.0,2.67,2.2,8.0,5.4,18.0,19.4,-1.0,1.47,16
2023,6,Monaco_Grand_Prix,PIA,McLaren,11.0,11.0,12.67,13.25,15.0,14.2,1.33,0.8,0.0,4.15,10
2023,6,Monaco_Grand_Prix,RIC,,,,,,,,,,,,
2023,6,Monaco_Grand_Prix,RUS,Mercedes,8.0,8.0,6.0,5.75,6.33,5.6,5.67,7.0,2.0,1.79,5
2023,6,Monaco_Grand_Prix,SAI,Ferrari,5.0,4.0,7.33,6.4,4.0,4.0,6.67,8.0,-2.0,2.87,8
2023,6,Monaco_Grand_Prix,SAR,Williams,16.0,16.0,17.33,16.0,17.33,17.6,0.0,0.0,0.0,2.53,18
2023,6,Monaco_Grand_Prix,STR,Aston Martin,14.0,14.0,7.67,7.25,11.0,9.2,6.0,5.2,6.0,2.95,R
2023,6,Monaco_Grand_Prix,TSU,Racing Bulls,9.0,9.0,10.33,10.6,12.33,13.4,0.67,0.4,6.0,0.49,15
2023,6,Monaco_Grand_Prix,VER,Red Bull Racing,1.0,1.0,1.33,1.4,4.0,5.6,23.0,22.6,8.0,0.49,1
2023,6,Monaco_Grand_Prix,ZHO,Audi,19.0,19.0,12.5,13.5,15.33,14.0,0.67,0.4,-2.0,2.87,13
2023,7,Spanish_Grand_Prix,ALB,Williams,18.0,18.0,13.33,13.33,12.0,12.2,0.0,0.0,-1.0,0.94,16
2023,7,Spanish_Grand_Prix,ALO,Aston Martin,9.0,8.0,3.0,3.0,3.33,3.2,15.0,15.0,0.0,0.63,7
2023,7,Spanish_Grand_Prix,BOT,Audi,16.0,16.0,14.0,14.2,12.67,14.2,0.0,0.0,4.0,3.19,19
2023,7,Spanish_Grand_Prix,DEV,Racing Bulls,14.0,14.0,15.0,14.75,15.0,15.6,0.0,0.0,0.0,2.17,14
2023,7,Spanish_Grand_Prix,GAS,Alpine,4.0,10.0,9.67,10.2,9.67,9.4,3.33,2.4,0.0,2.79,10
2023,7,Spanish_Grand_Prix,HAM,Mercedes,5.0,4.0,5.33,4.6,7.67,6.6,9.67,11.4,1.0,1.5,2
2023,7,Spanish_Grand_Prix,HUL,Haas F1 Team,8.0,7.0,16.33,13.6,16.67,14.0,0.0,1.2,1.0,3.77,15
2023,7,Spanish_Grand_Prix,LAW,,,,,,,,,,,,
2023,7,Spanish_Grand_Prix,LEC,Ferrari,19.0,19.0,5.33,5.75,4.67,6.6,9.67,7.0,0.0,1.64,11
2023,7,Spanish_Grand_Prix,MAG,Haas F1 Team,17.0,17.0,14.0,13.8,12.33,12.8,0.33,0.4,-2.0,3.66,18
2023,7,Spanish_Grand_Prix,NOR,McLaren,3.0,3.0,11.67,11.6,11.0,13.0,1.33,2.4,1.0,4.54,17
2023,7,Spanish_Grand_Prix,OCO,Alpine,7.0,6.0,9.0,9.8,10.0,9.4,5.67,4.2,0.0,4.35,8
2023,7,Spanish_Grand_Prix,PER,Red Bull Racing,11.0,11.0,6.33,5.0,8.0,9.0,14.33,15.8,4.0,5.69,4
2023,7,Spanish_Grand_Prix,PIA,McLaren,10.0,9.0,13.33,12.6,13.33,12.8,0.33,1.0,1.0,3.93,13
2023,7,Spanish_Grand_Prix,RIC,,,,,,,,,,,,
2023,7,Spanish_Grand_Prix,RUS,Mercedes,12.0,12.0,5.67,5.25,8.33,6.0,9.0,7.8,3.0,1.64,3
2023,7,Spanish_Grand_Prix,SAI,Ferrari,2.0,2.0,6.0,7.2,3.67,4.0,8.0,6.4,-4.0,2.64,5
2023,7,Spanish_Grand_Prix,SAR,Williams,20.0,20.0,18.0,17.2,16.67,17.6,0.0,0.0,-2.0,1.6,20
2023,7,Spanish_Grand_Prix,STR,Aston Martin,6.0,5.0,9.5,7.67,13.67,10.4,2.0,3.6,,3.3,6
2023,7,Spanish_Grand_Prix,TSU,Racing Bulls,15.0,15.0,12.0,11.4,11.33,12.4,0.33,0.4,-6.0,1.85,12
2023,7,Spanish_Grand_Prix,VER,Red Bull Racing,1.0,1.0,1.33,1.4,4.0,5.6,23.0,22.6,0.0,0.49,1
2023,7,Spanish_Grand_Prix,ZHO,Audi,13.0,13.0,14.5,12.75,16.0,15.2,0.0,0.4,6.0,2.49,9
2023,8,Canadian_Grand_Prix,ALB,Williams,10.0,9.0,14.67,14.0,14.0,12.4,0.0,0.0,2.0,1.41,7
2023,8,Canadian_Grand_Prix,ALO,Aston Martin,3.0,2.0,4.0,3.8,4.0,4.4,13.0,13.2,1.0,1.72,2
2023,8,Canadian_Grand_Prix,BOT,Audi,15.0,14.0,14.33,14.4,13.67,14.6,0.0,0.0,-3.0,3.44,10
2023,8,Canadian_Grand_Prix,DEV,Racing Bulls,18.0,17.0,14.67,14.75,13.67,14.8,0.0,0.0,0.0,2.17,18
2023,8,Canadian_Grand_Prix,GAS,Alpine,17.0,15.0,8.33,10.4,7.33,9.6,3.67,2.2,0.0,2.73,12
2023,8,Canadian_Grand_Prix,HAM,Mercedes,4.0,3.0,4.0,4.0,7.33,6.0,13.0,13.0,2.0,1.79,3
2023,8,Canadian_Grand_Prix,HUL,Haas F1 Team,2.0,5.0,15.67,14.2,12.33,13.4,0.0,1.2,-8.0,3.71,15
2023,8,Canadian_Grand_Prix,LAW,,,,,,,,,,,,
2023,8,Canadian_Grand_Prix,LEC,Ferrari,11.0,10.0,8.0,6.75,10.67,8.0,4.67,5.8,8.0,2.86,4
2023,8,Canadian_Grand_Prix,MAG,Haas F1 Team,14.0,13.0,15.67,15.4,12.67,13.6,0.33,0.2,-1.0,3.38,17
2023,8,Canadian_Grand_Prix,NOR,McLaren,7.0,7.0,14.33,11.6,9.67,9.8,0.67,2.4,-14.0,4.54,13
2023,8,Canadian_Grand_Prix,OCO,Alpine,6.0,6.0,6.67,9.8,5.67,9.4,7.0,4.2,-2.0,4.35,8
2023,8,Canadian_Grand_Prix,PER,Red Bull Racing,12.0,12.0,7.33,5.6,10.67,11.0,10.0,13.2,7.0,5.39,6
2023,8,Canadian_Grand_Prix,PIA,McLaren,9.0,8.0,14.0,12.2,13.0,13.0,0.33,1.0,-4.0,3.76,11
2023,8,Canadian_Grand_Prix,RIC,,,,,,,,,,,,
2023,8,Canadian_Grand_Prix,RUS,Mercedes,5.0,4.0,4.0,5.0,8.67,7.8,12.33,8.4,9.0,1.87,R
2023,8,Canadian_Grand_Prix,SAI,Ferrari,8.0,11.0,6.0,7.0,3.0,3.6,8.0,6.8,-3.0,2.76,5
2023,8,Canadian_Grand_Prix,SAR,Williams,19.0,18.0,19.33,18.0,18.67,17.6,0.0,0.0,0.0,1.79,R
2023,8,Canadian_Grand_Prix,STR,Aston Martin,13.0,16.0,9.0,7.25,12.33,10.4,2.67,5.2,-1.0,2.95,9
2023,8,Canadian_Grand_Prix,TSU,Racing Bulls,16.0,19.0,12.67,11.6,13.67,12.2,0.0,0.4,3.0,1.85,14
2023,8,Canadian_Grand_Prix,VER,Red Bull Racing,1.0,1.0,1.0,1.2,3.67,2.8,25.67,24.0,0.0,0.4,1
2023,8,Canadian_Grand_Prix,ZHO,Audi,20.0,20.0,12.67,11.75,15.33,15.6,0.67,0.8,4.0,2.95,16
2023,9,Austrian_Grand_Prix,ALB,Williams,10.0,10.0,12.33,12.6,13.33,12.6,2.0,1.2,2.0,3.07,11
2023,9,Austrian_Grand_Prix,ALO,Aston Martin,7.0,7.0,3.67,3.6,4.0,4.0,14.0,13.8,0.0,1.85,5
2023,9,Austrian_Grand_Prix,BOT,Audi,14.0,14.0,13.33,14.2,15.0,13.6,0.33,0.2,4.0,3.66,15
2023,9,Austrian_Grand_Prix,DEV,Racing Bulls,20.0,20.0,14.67,15.5,14.33,15.2,0.0,0.0,-1.0,2.6,17
2023,9,Austrian_Grand_Prix,GAS,Alpine,9.0,9.0,9.67,10.2,10.67,10.8,2.33,2.2,3.0,2.56,10
2023,9,Austrian_Grand_Prix,HAM,Mercedes,5.0,5.0,3.0,4.2,4.0,6.0,15.33,12.4,0.0,1.6,8
2023,9,Austrian_Grand_Prix,HUL,Haas F1 Team,8.0,8.0,15.67,15.8,10.0,12.4,0.0,0.0,-10.0,0.98,R
2023,9,Austrian_Grand_Prix,LAW,,,,,,,,,,,,
2023,9,Austrian_Grand_Prix,LEC,Ferrari,2.0,2.0,7.0,6.2,11.67,8.6,6.67,8.2,6.0,2.79,2
2023,9,Austrian_Grand_Prix,MAG,Haas F1 Team,19.0,19.0,18.0,15.4,15.67,13.4,0.0,0.2,-4.0,3.38,18
2023,9,Austrian_Grand_Prix,NOR,McLaren,4.0,4.0,13.0,13.0,6.67,8.6,0.67,0.8,-6.0,3.58,4
2023,9,Austrian_Grand_Prix,OCO,Alpine,12.0,12.0,6.33,8.6,5.0,8.4,7.67,5.0,-2.0,3.83,14
2023,9,Austrian_Grand_Prix,PER,Red Bull Racing,15.0,15.0,8.67,5.8,14.33,9.4,7.0,12.8,6.0,5.38,3
2023,9,Austrian_Grand_Prix,PIA,McLaren,13.0,13.0,11.33,12.8,9.33,11.4,0.33,0.2,-3.0,3.25,16
2023,9,Austrian_Grand_Prix,RIC,,,,,,,,,,,,
2023,9,Austrian_Grand_Prix,RUS,Mercedes,11.0,11.0,4.0,5.0,8.0,8.2,8.33,8.4,,1.87,7
2023,9,Austrian_Grand_Prix,SAI,Ferrari,3.0,3.0,6.0,5.6,5.67,4.8,8.0,8.8,6.0,1.2,6
2023,9,Austrian_Grand_Prix,SAR,Williams,18.0,18.0,19.0,18.5,18.0,17.6,0.0,0.0,,1.66,13
2023,9,Austrian_Grand_Prix,STR,Aston Martin,6.0,6.0,7.5,8.5,11.67,12.4,3.33,3.2,7.0,2.29,9
2023,9,Austrian_Grand_Prix,TSU,Racing Bulls,16.0,16.0,13.67,12.4,14.33,13.6,0.0,0.2,5.0,1.85,19
2023,9,Austrian_Grand_Prix,VER,Red Bull Racing,1.0,1.0,1.0,1.2,1.0,2.8,25.33,24.0,0.0,0.4,1
2023,9,Austrian_Grand_Prix,ZHO,Audi,17.0,17.0,12.67,13.5,17.33,16.2,0.67,0.4,4.0,2.87,12
2023,10,British_Grand_Prix,ALB,Williams,8.0,8.0,11.33,12.4,12.33,12.2,2.0,1.2,-1.0,3.14,8
2023,10,British_Grand_Prix,ALO,Aston Martin,9.0,9.0,4.67,3.8,5.67,4.2,11.33,13.4,2.0,1.94,7
2023,10,British_Grand_Prix,BOT,Audi,15.0,20.0,14.67,13.6,14.67,13.8,0.33,0.2,-1.0,3.2,12
2023,10,British_Grand_Prix,DEV,Racing Bulls,18.0,18.0,16.33,15.8,17.0,15.6,0.0,0.0,3.0,2.4,17
2023,10,British_Grand_Prix,GAS,Alpine,10.0,10.0,10.67,9.4,11.33,9.2,0.67,2.4,-1.0,1.74,18
2023,10,British_Grand_Prix,HAM,Mercedes,7.0,7.0,4.33,4.6,4.0,6.0,12.33,11.6,-3.0,2.15,3
2023,10,British_Grand_Prix,HUL,Haas F1 Team,11.0,11.0,15.0,15.5,6.67,10.0,0.0,0.0,,0.87,13
2023,10,British_Grand_Prix,LAW,,,,,,,,,,,,
2023,10,British_Grand_Prix,LEC,Ferrari,4.0,4.0,5.67,6.0,10.33,8.8,10.0,8.8,0.0,3.03,9
2023,10,British_Grand_Prix,MAG,Haas F1 Team,19.0,19.0,17.67,16.4,16.33,14.0,0.0,0.2,1.0,3.26,R
2023,10,British_Grand_Prix,NOR,McLaren,2.0,2.0,11.33,12.0,4.67,8.0,4.0,2.8,0.0,4.98,2
2023,10,British_Grand_Prix,OCO,Alpine,13.0,13.0,10.0,8.4,8.0,7.0,2.67,5.0,-2.0,3.5,R
2023,10,British_Grand_Prix,PER,Red Bull Racing,15.0,15.0,4.33,6.2,12.67,11.8,12.0,10.8,12.0,5.08,6
2023,10,British_Grand_Prix,PIA,McLaren,3.0,3.0,13.33,13.8,10.0,12.0,0.0,0.2,-3.0,3.31,4
2023,10,British_Grand_Prix,RIC,,,,,,,,,,,,
2023,10,British_Grand_Prix,RUS,Mercedes,6.0,6.0,5.0,4.75,9.0,8.2,7.0,8.6,4.0,1.48,5
2023,10,British_Grand_Prix,SAI,Ferrari,5.0,5.0,5.33,5.8,5.33,4.6,9.33,8.4,-3.0,1.17,10
2023,10,British_Grand_Prix,SAR,Williams,14.0,14.0,16.5,17.75,18.67,18.4,0.0,0.0,5.0,2.86,11
2023,10,British_Grand_Prix,STR,Aston Martin,12.0,12.0,8.0,9.0,9.0,11.8,4.0,2.4,-3.0,2.12,14
2023,10,British_Grand_Prix,TSU,Racing Bulls,16.0,16.0,15.0,14.2,16.67,15.2,0.0,0.0,-3.0,2.79,16
2023,10,British_Grand_Prix,VER,Red Bull Racing,1.0,1.0,1.0,1.0,1.0,2.6,25.67,25.6,0.0,0.0,1
2023,10,British_Grand_Prix,ZHO,Audi,17.0,17.0,12.33,13.2,16.67,16.6,0.67,0.4,5.0,2.64,15
2023,11,Hungarian_Grand_Prix,ALB,Williams,16.0,16.0,8.67,11.2,9.0,11.6,3.33,2.0,0.0,3.43,11
2023,11,Hungarian_Grand_Prix,ALO,Aston Martin,8.0,8.0,4.67,4.6,6.0,5.6,11.33,11.6,2.0,2.24,9
2023,11,Hungarian_Grand_Prix,BOT,Audi,7.0,7.0,12.33,13.4,16.0,15.8,0.33,0.2,8.0,3.26,12
2023,11,Hungarian_Grand_Prix,DEV,,,,17.33,15.6,18.33,16.2,0.0,0.0,1.0,2.24,
2023,11,Hungarian_Grand_Prix,GAS,Alpine,15.0,15.0,13.33,11.4,11.33,10.2,0.33,1.6,-8.0,3.67,R
2023,11,Hungarian_Grand_Prix,HAM,Mercedes,1.0,1.0,4.67,4.0,5.0,4.8,11.33,13.0,4.0,2.1,4
2023,11,Hungarian_Grand_Prix,HUL,Haas F1 Team,10.0,10.0,14.0,15.0,8.0,9.8,0.0,0.0,-2.0,1.41,14
2023,11,Hungarian_Grand_Prix,LAW,,,,,,,,,,,,
2023,11,Hungarian_Grand_Prix,LEC,Ferrari,6.0,6.0,5.0,6.4,5.33,8.2,10.67,8.0,-5.0,3.26,7
2023,11,Hungarian_Grand_Prix,MAG,Haas F1 Team,19.0,19.0,17.5,18.0,17.0,17.0,0.0,0.0,,0.71,17
2023,11,Hungarian_Grand_Prix,NOR,McLaren,3.0,3.0,6.33,9.0,4.33,5.2,10.0,6.4,0.0,5.55,2
2023,11,Hungarian_Grand_Prix,OCO,Alpine,12.0,12.0,11.0,8.25,10.33,8.0,1.33,4.6,,3.9,R
2023,11,Hungarian_Grand_Prix,PER,Red Bull Racing,9.0,9.0,5.0,7.0,14.0,14.6,10.67,8.8,9.0,4.65,3
2023,11,Hungarian_Grand_Prix,PIA,McLaren,4.0,4.0,10.33,10.8,8.0,8.8,4.0,2.6,-1.0,3.97,5
2023,11,Hungarian_Grand_Prix,RIC,Racing Bulls,13.0,13.0,,,,,,,,,13
2023,11,Hungarian_Grand_Prix,RUS,Mercedes,18.0,18.0,6.0,5.0,7.0,8.2,5.33,8.2,1.0,1.41,6
2023,11,Hungarian_Grand_Prix,SAI,Ferrari,11.0,11.0,7.0,6.8,6.33,5.0,6.33,6.6,-5.0,1.94,8
2023,11,Hungarian_Grand_Prix,SAR,Williams,20.0,20.0,12.0,15.5,16.67,17.2,0.0,0.0,3.0,3.64,18
2023,11,Hungarian_Grand_Prix,STR,Aston Martin,14.0,14.0,10.67,9.5,11.33,10.6,1.33,2.4,-2.0,2.87,10
2023,11,Hungarian_Grand_Prix,TSU,Racing Bulls,17.0,17.0,16.33,15.2,17.0,15.0,0.0,0.0,0.0,2.32,15
2023,11,Hungarian_Grand_Prix,VER,Red Bull Racing,2.0,2.0,1.0,1.0,1.0,1.0,25.67,25.6,0.0,0.0,1
2023,11,Hungarian_Grand_Prix,ZHO,Audi,5.0,5.0,14.33,13.0,18.0,17.2,0.0,0.4,2.0,2.45,16
2023,12,Belgian_Grand_Prix,ALB,Williams,16.0,15.0,10.0,10.6,11.33,12.2,1.33,2.0,5.0,3.14,14
2023,12,Belgian_Grand_Prix,ALO,Aston Martin,9.0,9.0,7.0,6.0,8.0,6.8,6.0,8.4,-1.0,2.37,5
2023,12,Belgian_Grand_Prix,BOT,Audi,14.0,13.0,13.0,13.6,13.67,14.2,0.0,0.2,-5.0,3.14,12
2023,12,Belgian_Grand_Prix,DEV,,,,17.0,16.5,19.0,17.25,0.0,0.0,,1.5,
2023,12,Belgian_Grand_Prix,GAS,Alpine,12.0,12.0,14.0,12.5,11.33,11.8,0.33,0.4,,3.28,11
2023,12,Belgian_Grand_Prix,HAM,Mercedes,4.0,3.0,5.0,4.0,4.33,4.0,10.33,12.8,-3.0,2.1,4
2023,12,Belgian_Grand_Prix,HUL,Haas F1 Team,20.0,20.0,13.5,14.25,9.67,8.2,0.0,0.0,-4.0,0.83,18
2023,12,Belgian_Grand_Prix,LAW,,,,,,,,,,,,
2023,12,Belgian_Grand_Prix,LEC,Ferrari,2.0,1.0,6.0,6.6,4.0,8.2,8.67,7.6,-1.0,3.26,3
2023,12,Belgian_Grand_Prix,MAG,Haas F1 Team,13.0,16.0,17.5,17.5,19.0,17.4,0.0,0.0,2.0,0.5,15
2023,12,Belgian_Grand_Prix,NOR,McLaren,7.0,7.0,2.67,7.6,3.0,3.8,16.0,9.6,1.0,6.22,7
2023,12,Belgian_Grand_Prix,OCO,Alpine,15.0,14.0,14.0,10.0,12.33,9.8,0.0,1.6,,2.83,8
2023,12,Belgian_Grand_Prix,PER,Red Bull Racing,3.0,2.0,4.0,4.4,13.0,12.4,12.67,11.8,6.0,1.36,2
2023,12,Belgian_Grand_Prix,PIA,McLaren,6.0,5.0,8.33,9.8,6.67,7.4,7.33,4.4,-1.0,4.62,R
2023,12,Belgian_Grand_Prix,RIC,Racing Bulls,19.0,19.0,13.0,13.0,13.0,13.0,0.0,0.0,0.0,0.0,16
2023,12,Belgian_Grand_Prix,RUS,Mercedes,8.0,8.0,6.0,5.25,11.67,10.2,8.0,7.8,12.0,1.48,6
2023,12,Belgian_Grand_Prix,SAI,Ferrari,5.0,4.0,8.0,6.8,6.33,6.4,4.33,6.6,3.0,1.94,R
2023,12,Belgian_Grand_Prix,SAR,Williams,18.0,18.0,14.0,15.5,17.33,18.0,0.0,0.0,2.0,3.64,17
2023,12,Belgian_Grand_Prix,STR,Aston Martin,10.0,10.0,11.0,9.6,10.67,10.6,1.0,2.6,4.0,2.58,9
2023,12,Belgian_Grand_Prix,TSU,Racing Bulls,11.0,11.0,16.67,15.2,16.33,16.6,0.0,0.0,2.0,2.32,10
2023,12,Belgian_Grand_Prix,VER,Red Bull Racing,1.0,6.0,1.0,1.0,1.33,1.2,26.0,25.8,1.0,0.0,1
2023,12,Belgian_Grand_Prix,ZHO,Audi,17.0,17.0,14.33,13.6,13.0,14.4,0.0,0.4,-11.0,2.73,13
2023,13,Dutch_Grand_Prix,ALB,Williams,4.0,4.0,11.0,10.2,13.0,11.6,1.33,2.0,1.0,2.48,8
2023,13,Dutch_Grand_Prix,ALO,Aston Martin,5.0,5.0,7.0,5.6,8.67,7.0,6.0,9.2,4.0,2.33,2
2023,13,Dutch_Grand_Prix,BOT,Audi,19.0,18.0,12.0,12.2,13.33,13.6,0.0,0.2,1.0,1.6,14
2023,13,Dutch_Grand_Prix,DEV,,,,17.0,17.33,18.0,18.33,0.0,0.0,,0.47,
2023,13,Dutch_Grand_Prix,GAS,Alpine,12.0,12.0,14.5,12.75,12.33,12.2,0.0,0.2,1.0,3.11,3
2023,13,Dutch_Grand_Prix,HAM,Mercedes,13.0,13.0,3.67,4.4,3.67,3.8,13.33,11.8,-1.0,1.85,6
2023,13,Dutch_Grand_Prix,HUL,Haas F1 Team,15.0,14.0,15.0,15.0,13.67,10.8,0.0,0.0,2.0,1.87,12
2023,13,Dutch_Grand_Prix,LAW,Racing Bulls,20.0,19.0,,,,,,,,,13
2023,13,Dutch_Grand_Prix,LEC,Ferrari,9.0,9.0,6.33,5.0,3.67,4.6,7.67,10.6,-2.0,2.61,R
2023,13,Dutch_Grand_Prix,MAG,Haas F1 Team,18.0,0.0,16.0,16.75,18.0,17.2,0.0,0.0,1.0,1.09,16
2023,13,Dutch_Grand_Prix,NOR,McLaren,2.0,2.0,3.67,5.6,4.0,4.6,14.0,10.8,0.0,4.13,7
2023,13,Dutch_Grand_Prix,OCO,Alpine,17.0,16.0,8.0,10.0,13.0,11.4,1.33,1.6,6.0,2.83,10
2023,13,Dutch_Grand_Prix,PER,Red Bull Racing,7.0,7.0,3.67,4.0,8.67,10.6,13.67,13.0,0.0,1.67,4
2023,13,Dutch_Grand_Prix,PIA,McLaren,8.0,8.0,4.5,9.0,4.0,6.6,7.33,4.4,,4.85,9
2023,13,Dutch_Grand_Prix,RIC,,,,14.5,14.5,16.0,16.0,0.0,0.0,3.0,1.5,
2023,13,Dutch_Grand_Prix,RUS,Mercedes,3.0,3.0,5.67,6.0,10.67,9.4,8.67,6.4,2.0,0.71,17
2023,13,Dutch_Grand_Prix,SAI,Ferrari,6.0,6.0,9.0,7.25,6.67,6.8,1.67,4.6,,1.92,5
2023,13,Dutch_Grand_Prix,SAR,Williams,10.0,10.0,15.33,14.75,17.33,17.6,0.0,0.0,1.0,2.86,R
2023,13,Dutch_Grand_Prix,STR,Aston Martin,11.0,11.0,11.0,10.2,12.0,11.6,1.0,1.4,1.0,1.94,11
2023,13,Dutch_Grand_Prix,TSU,Racing Bulls,14.0,17.0,13.67,14.8,14.67,15.8,0.33,0.2,1.0,2.93,15
2023,13,Dutch_Grand_Prix,VER,Red Bull Racing,1.0,1.0,1.0,1.0,3.0,2.2,25.67,25.6,5.0,0.0,1
2023,13,Dutch_Grand_Prix,ZHO,Audi,16.0,15.0,14.67,14.4,13.0,15.2,0.0,0.0,4.0,1.62,R
2023,14,Italian_Grand_Prix,ALB,Williams,6.0,6.0,11.0,10.4,11.67,10.6,1.33,1.6,-4.0,2.24,7
2023,14,Italian_Grand_Prix,ALO,Aston Martin,10.0,10.0,5.33,5.6,7.33,7.6,10.33,9.4,3.0,2.33,9
2023,14,Italian_Grand_Prix,BOT,Audi,14.0,14.0,12.67,13.0,12.67,14.4,0.0,0.0,4.0,1.26,10
2023,14,Italian_Grand_Prix,DEV,,,,,17.0,,19.0,,0.0,,0.0,
2023,14,Italian_Grand_Prix,GAS,Alpine,17.0,17.0,7.0,10.5,13.0,11.6,5.0,3.2,9.0,5.32,15
2023,14,Italian_Grand_Prix,HAM,Mercedes,8.0,8.0,4.67,5.0,5.67,5.8,11.0,10.4,7.0,1.79,6
2023,14,Italian_Grand_Prix,HUL,Haas F1 Team,13.0,13.0,14.67,14.25,14.67,12.6,0.0,0.0,2.0,2.28,17
2023,14,Italian_Grand_Prix,LAW,Racing Bulls,12.0,12.0,13.0,13.0,19.0,19.0,0.0,0.0,6.0,0.0,11
2023,14,Italian_Grand_Prix,LEC,Ferrari,3.0,3.0,5.0,5.25,5.33,4.4,7.0,8.2,,2.86,4
2023,14,Italian_Grand_Prix,MAG,Haas F1 Team,19.0,19.0,16.0,16.5,11.67,14.6,0.0,0.0,-16.0,1.12,18
2023,14,Italian_Grand_Prix,NOR,McLaren,9.0,9.0,5.33,4.4,4.0,3.6,10.0,12.0,-5.0,2.24,8
2023,14,Italian_Grand_Prix,OCO,Alpine,18.0,18.0,9.0,10.67,14.0,13.4,1.67,1.0,6.0,2.49,R
2023,14,Italian_Grand_Prix,PER,Red Bull Racing,5.0,5.0,3.0,3.6,6.0,9.6,15.0,13.6,3.0,1.36,2
2023,14,Italian_Grand_Prix,PIA,McLaren,7.0,7.0,7.0,8.5,5.67,6.6,4.0,4.8,-1.0,4.72,12
2023,14,Italian_Grand_Prix,RIC,,,,14.5,14.5,16.0,16.0,0.0,0.0,,1.5,
2023,14,Italian_Grand_Prix,RUS,Mercedes,4.0,4.0,9.67,8.2,9.67,9.2,5.33,6.4,-14.0,4.45,5
2023,14,Italian_Grand_Prix,SAI,Ferrari,1.0,1.0,6.5,7.25,7.0,5.8,4.67,4.6,1.0,1.92,3
2023,14,Italian_Grand_Prix,SAR,Williams,15.0,15.0,17.5,14.75,16.0,16.0,0.0,0.0,,2.86,13
2023,14,Italian_Grand_Prix,STR,Aston Martin,20.0,20.0,10.0,10.6,11.67,10.6,1.0,1.0,0.0,1.85,16
2023,14,Italian_Grand_Prix,TSU,Racing Bulls,11.0,11.0,13.33,15.0,15.0,15.4,0.33,0.2,2.0,2.9,W
2023,14,Italian_Grand_Prix,VER,Red Bull Racing,2.0,2.0,1.0,1.0,3.0,2.2,25.33,25.6,0.0,0.0,1
2023,14,Italian_Grand_Prix,ZHO,Audi,16.0,16.0,14.5,14.0,12.33,14.2,0.0,0.0,,1.58,14
2023,15,Singapore_Grand_Prix,ALB,Williams,14.0,14.0,9.67,9.6,8.33,9.8,3.33,2.8,-1.0,2.58,11
2023,15,Singapore_Grand_Prix,ALO,Aston Martin,7.0,7.0,5.33,6.4,8.0,8.2,10.33,7.8,1.0,2.65,15
2023,15,Singapore_Grand_Prix,BOT,Audi,16.0,16.0,12.0,12.0,15.0,14.4,0.33,0.2,4.0,1.26,R
2023,15,Singapore_Grand_Prix,DEV,,,,,17.0,,18.0,,0.0,,0.0,
2023,15,Singapore_Grand_Prix,GAS,Alpine,12.0,12.0,9.67,11.75,13.67,13.2,5.0,3.0,2.0,5.63,6
2023,15,Singapore_Grand_Prix,HAM,Mercedes,5.0,5.0,5.33,4.6,8.0,6.4,9.67,11.2,2.0,1.2,3
2023,15,Singapore_Grand_Prix,HUL,Haas F1 Team,9.0,9.0,15.67,14.8,15.67,13.6,0.0,0.0,-4.0,2.32,13
2023,15,Singapore_Grand_Prix,LAW,Racing Bulls,10.0,10.0,12.0,12.0,15.5,15.5,0.0,0.0,1.0,1.0,9
2023,15,Singapore_Grand_Prix,LEC,Ferrari,3.0,3.0,3.5,5.75,4.33,4.6,9.0,7.0,-1.0,2.38,4
2023,15,Singapore_Grand_Prix,MAG,Haas F1 Team,6.0,6.0,16.33,16.5,11.67,14.6,0.0,0.0,1.0,1.12,10
2023,15,Singapore_Grand_Prix,NOR,McLaren,4.0,4.0,7.33,5.2,6.0,4.6,5.33,10.4,1.0,2.64,2
2023,15,Singapore_Grand_Prix,OCO,Alpine,8.0,8.0,9.0,9.0,16.0,14.6,1.67,1.0,,1.0,R
2023,15,Singapore_Grand_Prix,PER,Red Bull Racing,13.0,13.0,2.67,3.4,4.67,7.6,16.0,14.2,3.0,1.5,8
2023,15,Singapore_Grand_Prix,PIA,McLaren,17.0,17.0,10.5,7.5,6.67,5.4,0.67,4.8,-5.0,3.2,7
2023,15,Singapore_Grand_Prix,RIC,,,,16.0,14.5,19.0,16.0,0.0,0.0,,1.5,
2023,15,Singapore_Grand_Prix,RUS,Mercedes,2.0,2.0,9.33,7.8,5.0,7.8,6.0,7.2,-1.0,4.62,16
2023,15,Singapore_Grand_Prix,SAI,Ferrari,1.0,1.0,4.0,6.5,3.67,5.4,8.33,6.0,-2.0,2.69,1
2023,15,Singapore_Grand_Prix,SAR,Williams,18.0,18.0,15.0,14.75,14.33,15.4,0.0,0.0,2.0,2.86,14
2023,15,Singapore_Grand_Prix,STR,Aston Martin,20.0,,12.0,12.0,13.67,13.4,0.67,0.6,4.0,2.61,W
2023,15,Singapore_Grand_Prix,TSU,Racing Bulls,15.0,15.0,12.5,14.0,13.0,14.4,0.33,0.2,,2.35,R
2023,15,Singapore_Grand_Prix,VER,Red Bull Racing,11.0,11.0,1.0,1.0,3.0,2.4,25.0,25.4,1.0,0.0,5
2023,15,Singapore_Grand_Prix,ZHO,Audi,19.0,19.0,13.5,14.5,16.0,14.0,0.0,0.0,2.0,1.12,12
2023,16,Japanese_Grand_Prix,ALB,Williams,13.0,13.0,8.67,10.2,8.0,11.0,3.33,2.0,3.0,2.48,R
2023,16,Japanese_Grand_Prix,ALO,Aston Martin,10.0,10.0,8.67,8.0,7.33,7.8,7.0,6.6,-8.0,4.38,8
2023,16,Japanese_Grand_Prix,BOT,Audi,16.0,16.0,12.0,12.0,16.0,13.6,0.33,0.2,,1.41,R
2023,16,Japanese_Grand_Prix,DEV,,,,,,,,,,,,
2023,16,Japanese_Grand_Prix,GAS,Alpine,12.0,12.0,8.0,8.75,13.67,13.6,7.67,4.6,6.0,4.6,10
2023,16,Japanese_Grand_Prix,HAM,Mercedes,7.0,7.0,5.0,4.6,8.67,6.0,10.67,11.4,2.0,1.2,5
2023,16,Japanese_Grand_Prix,HUL,Haas F1 Team,18.0,18.0,14.0,14.8,12.0,13.2,0.0,0.0,-4.0,2.32,14
2023,16,Japanese_Grand_Prix,LAW,Racing Bulls,11.0,11.0,11.0,11.0,13.67,13.67,0.67,0.67,1.0,1.63,11
2023,16,Japanese_Grand_Prix,LEC,Ferrari,4.0,4.0,4.0,4.5,5.0,4.4,8.0,9.0,-1.0,1.5,4
2023,16,Japanese_Grand_Prix,MAG,Haas F1 Team,15.0,15.0,14.67,15.2,8.33,12.0,0.33,0.2,-4.0,2.79,15
2023,16,Japanese_Grand_Prix,NOR,McLaren,3.0,3.0,5.67,5.2,5.0,5.0,9.33,10.4,2.0,2.64,2
2023,16,Japanese_Grand_Prix,OCO,Alpine,14.0,14.0,10.0,9.0,14.0,13.6,0.33,1.0,,1.0,9
2023,16,Japanese_Grand_Prix,PER,Red Bull Racing,5.0,5.0,4.67,3.8,8.33,7.2,11.33,13.4,5.0,2.23,R
2023,16,Japanese_Grand_Prix,PIA,McLaren,2.0,2.0,9.33,8.25,10.67,8.2,2.67,3.6,10.0,2.59,3
2023,16,Japanese_Grand_Prix,RIC,,,,,14.5,,16.0,,0.0,,1.5,
2023,16,Japanese_Grand_Prix,RUS,Mercedes,8.0,8.0,12.67,10.0,3.0,7.0,3.33,5.2,-14.0,5.33,7
2023,16,Japanese_Grand_Prix,SAI,Ferrari,6.0,6.0,3.0,4.25,2.67,4.6,16.67,10.8,0.0,2.59,6
2023,16,Japanese_Grand_Prix,SAR,Williams,20.0,20.0,13.5,15.5,14.33,16.2,0.0,0.0,4.0,2.06,R
2023,16,Japanese_Grand_Prix,STR,Aston Martin,17.0,17.0,13.5,11.5,15.5,13.75,0.0,0.6,,2.69,R
2023,16,Japanese_Grand_Prix,TSU,Racing Bulls,9.0,9.0,15.0,13.33,14.33,14.2,0.0,0.2,,2.36,12
2023,16,Japanese_Grand_Prix,VER,Red Bull Racing,1.0,1.0,2.33,1.8,4.67,4.4,20.0,22.2,6.0,1.6,1
2023,16,Japanese_Grand_Prix,ZHO,Audi,19.0,19.0,13.0,13.75,16.67,14.4,0.0,0.0,7.0,1.48,13
2023,17,Qatar_Grand_Prix,ALB,Williams,14.0,13.0,9.0,10.0,11.0,10.4,2.0,2.0,,2.74,13
2023,17,Qatar_Grand_Prix,ALO,Aston Martin,4.0,4.0,10.67,7.8,9.0,8.2,2.0,7.0,2.0,4.35,6
2023,17,Qatar_Grand_Prix,BOT,Audi,9.0,9.0,10.0,12.0,15.33,15.4,0.33,0.2,,1.63,8
2023,17,Qatar_Grand_Prix,DEV,,,,,,,,,,,,
2023,17,Qatar_Grand_Prix,GAS,Alpine,7.0,7.0,10.33,9.0,13.67,13.0,3.0,4.8,2.0,4.15,12
2023,17,Qatar_Grand_Prix,HAM,Mercedes,3.0,3.0,4.67,4.8,6.67,7.2,11.33,11.0,2.0,1.17,R
2023,17,Qatar_Grand_Prix,HUL,Haas F1 Team,15.0,14.0,14.67,14.8,13.33,14.8,0.0,0.0,4.0,2.32,16
2023,17,Qatar_Grand_Prix,LAW,Racing Bulls,18.0,17.0,10.33,11.0,11.0,13.0,0.67,0.5,0.0,1.41,17
2023,17,Qatar_Grand_Prix,LEC,Ferrari,5.0,5.0,4.0,3.75,3.33,4.0,12.0,10.2,0.0,0.43,5
2023,17,Qatar_Grand_Prix,MAG,Haas F1 Team,19.0,18.0,14.33,14.8,13.33,11.2,0.33,0.2,0.0,2.64,14
2023,17,Qatar_Grand_Prix,NOR,McLaren,10.0,10.0,4.0,5.2,5.33,5.0,13.33,10.4,1.0,2.64,3
2023,17,Qatar_Grand_Prix,OCO,Alpine,8.0,8.0,9.0,9.0,13.33,14.0,0.67,1.4,5.0,0.82,7
2023,17,Qatar_Grand_Prix,PER,Red Bull Racing,13.0,20.0,5.0,4.0,7.67,6.4,7.33,10.4,,2.45,10
2023,17,Qatar_Grand_Prix,PIA,McLaren,6.0,6.0,7.33,7.75,8.67,7.8,7.0,4.6,-1.0,3.27,2
2023,17,Qatar_Grand_Prix,RIC,,,,,16.0,,19.0,,0.0,,0.0,
2023,17,Qatar_Grand_Prix,RUS,Mercedes,2.0,2.0,9.33,10.2,4.67,5.0,5.33,4.8,1.0,5.19,4
2023,17,Qatar_Grand_Prix,SAI,Ferrari,12.0,12.0,3.33,3.75,2.67,3.6,16.0,11.6,0.0,1.92,W
2023,17,Qatar_Grand_Prix,SAR,Williams,16.0,15.0,13.5,14.67,17.67,16.2,0.0,0.0,,1.7,R
2023,17,Qatar_Grand_Prix,STR,Aston Martin,17.0,16.0,16.0,12.0,18.5,14.5,0.0,0.4,,2.94,11
2023,17,Qatar_Grand_Prix,TSU,Racing Bulls,11.0,11.0,12.0,12.33,11.67,12.6,0.0,0.2,-3.0,2.05,15
2023,17,Qatar_Grand_Prix,VER,Red Bull Racing,1.0,1.0,2.33,1.8,4.67,4.2,20.33,22.2,0.0,1.6,1
2023,17,Qatar_Grand_Prix,ZHO,Audi,20.0,19.0,13.0,13.0,18.0,17.2,0.0,0.0,6.0,0.71,9
2023,18,United_States_Grand_Prix,ALB,Williams,18.0,15.0,12.0,9.75,13.33,10.0,0.0,2.0,0.0,2.38,9
2023,18,United_States_Grand_Prix,ALO,Aston Martin,17.0,19.0,9.67,8.0,7.0,7.2,4.0,6.6,-2.0,4.24,R
2023,18,United_States_Grand_Prix,BOT,Audi,13.0,13.0,8.0,10.67,13.67,14.6,1.33,1.0,1.0,2.49,12
2023,18,United_States_Grand_Prix,DEV,,,,,,,,,,,,
2023,18,United_States_Grand_Prix,GAS,Alpine,7.0,7.0,9.33,9.2,10.33,12.0,3.0,4.8,-5.0,4.26,6
2023,18,United_States_Grand_Prix,HAM,Mercedes,3.0,3.0,4.0,5.0,5.0,7.2,8.67,8.4,,1.22,19
2023,18,United_States_Grand_Prix,HUL,Haas F1 Team,16.0,18.0,14.33,14.4,13.67,13.6,0.0,0.0,-2.0,1.85,11
2023,18,United_States_Grand_Prix,LAW,,,,12.33,12.2,12.67,13.8,0.67,0.4,0.0,2.71,
2023,18,United_States_Grand_Prix,LEC,Ferrari,1.0,1.0,4.33,4.25,4.0,4.8,11.33,9.2,0.0,0.43,20
2023,18,United_States_Grand_Prix,MAG,Haas F1 Team,14.0,17.0,13.0,14.6,13.0,11.6,0.33,0.2,4.0,2.65,14
2023,18,United_States_Grand_Prix,NOR,McLaren,2.0,2.0,2.33,4.4,5.67,5.6,17.0,12.2,7.0,2.58,2
2023,18,United_States_Grand_Prix,OCO,Alpine,8.0,8.0,8.0,8.67,10.0,12.8,2.67,1.8,1.0,1.25,R
2023,18,United_States_Grand_Prix,PER,Red Bull Racing,9.0,9.0,9.0,6.0,12.67,10.0,1.67,7.0,10.0,3.16,4
2023,18,United_States_Grand_Prix,PIA,McLaren,10.0,10.0,4.0,6.6,8.33,8.0,13.0,8.2,4.0,3.72,R
2023,18,United_States_Grand_Prix,RIC,Racing Bulls,15.0,14.0,,,,,,,,,15
2023,18,United_States_Grand_Prix,RUS,Mercedes,5.0,5.0,9.0,9.8,4.0,3.8,6.0,5.6,-2.0,5.56,5
2023,18,United_States_Grand_Prix,SAI,Ferrari,4.0,4.0,3.5,3.75,6.33,5.2,11.0,11.6,,1.92,3
2023,18,United_States_Grand_Prix,SAR,Williams,20.0,16.0,14.0,13.5,17.67,15.6,0.0,0.0,,0.5,10
2023,18,United_States_Grand_Prix,STR,Aston Martin,19.0,20.0,11.0,12.67,16.5,16.0,0.0,0.0,5.0,2.36,7
2023,18,United_States_Grand_Prix,TSU,Racing Bulls,11.0,11.0,13.5,14.0,11.67,12.6,0.0,0.0,-4.0,1.41,8
2023,18,United_States_Grand_Prix,VER,Red Bull Racing,6.0,6.0,2.33,1.8,4.33,3.2,20.67,22.4,0.0,1.6,1
2023,18,United_States_Grand_Prix,ZHO,Audi,12.0,12.0,11.33,12.0,19.0,17.6,0.67,0.4,10.0,1.87,13
2023,19,Mexico_City_Grand_Prix,ALB,Williams,14.0,14.0,11.0,10.0,13.67,12.2,0.67,1.6,6.0,2.24,9
2023,19,Mexico_City_Grand_Prix,ALO,Aston Martin,13.0,13.0,7.0,9.5,11.0,10.0,4.0,2.8,,3.35,W
2023,19,Mexico_City_Grand_Prix,BOT,Audi,9.0,9.0,10.0,10.0,12.67,13.6,1.33,1.0,1.0,1.63,15
2023,19,Mexico_City_Grand_Prix,DEV,,,,,,,,,,,,
2023,19,Mexico_City_Grand_Prix,GAS,Alpine,11.0,11.0,9.33,9.8,8.67,11.0,3.0,3.4,1.0,3.49,11
2023,19,Mexico_City_Grand_Prix,HAM,Mercedes,6.0,6.0,12.0,8.25,4.33,5.2,3.33,6.8,-16.0,6.3,2
2023,19,Mexico_City_Grand_Prix,HUL,Haas F1 Team,12.0,12.0,13.67,14.2,16.67,14.4,0.0,0.0,7.0,2.14,13
2023,19,Mexico_City_Grand_Prix,LAW,,,,14.0,12.0,14.0,12.5,0.0,0.5,,3.0,
2023,19,Mexico_City_Grand_Prix,LEC,Ferrari,1.0,1.0,9.67,7.4,3.33,3.2,7.33,9.2,-19.0,6.31,3
2023,19,Mexico_City_Grand_Prix,MAG,Haas F1 Team,17.0,16.0,14.33,14.2,16.67,15.0,0.0,0.2,3.0,2.56,R
2023,19,Mexico_City_Grand_Prix,NOR,McLaren,19.0,17.0,2.33,3.4,5.0,5.6,17.0,14.6,0.0,2.33,5
2023,19,Mexico_City_Grand_Prix,OCO,Alpine,16.0,15.0,8.0,8.0,10.0,11.2,2.67,1.6,,1.0,10
2023,19,Mexico_City_Grand_Prix,PER,Red Bull Racing,5.0,5.0,7.0,6.0,11.33,10.4,4.33,7.0,5.0,3.16,R
2023,19,Mexico_City_Grand_Prix,PIA,McLaren,7.0,7.0,2.5,6.0,6.0,8.4,11.0,7.8,,3.94,8
2023,19,Mexico_City_Grand_Prix,RIC,Racing Bulls,4.0,4.0,15.0,15.0,14.0,14.0,0.0,0.0,-1.0,0.0,7
2023,19,Mexico_City_Grand_Prix,RUS,Mercedes,8.0,8.0,5.33,7.4,5.0,4.2,9.33,7.6,0.0,4.41,6
2023,19,Mexico_City_Grand_Prix,SAI,Ferrari,2.0,2.0,4.5,3.25,7.33,4.8,7.67,12.6,1.0,1.79,4
2023,19,Mexico_City_Grand_Prix,SAR,Williams,20.0,19.0,10.0,12.33,17.0,16.8,0.33,0.2,6.0,1.7,16
2023,19,Mexico_City_Grand_Prix,STR,Aston Martin,18.0,0.0,9.0,11.33,17.67,18.25,2.0,1.2,13.0,3.68,17
2023,19,Mexico_City_Grand_Prix,TSU,Racing Bulls,15.0,18.0,11.67,11.67,10.33,11.4,1.67,1.0,3.0,2.87,12
2023,19,Mexico_City_Grand_Prix,VER,Red Bull Racing,3.0,3.0,1.0,1.8,2.67,4.2,25.67,22.4,5.0,1.6,1
2023,19,Mexico_City_Grand_Prix,ZHO,Audi,10.0,10.0,11.67,12.2,16.67,17.0,0.67,0.4,-1.0,1.72,14
2023,20,São_Paulo_Grand_Prix,ALB,Williams,15.0,13.0,10.33,10.5,14.0,13.8,1.33,0.8,5.0,1.66,R
2023,20,São_Paulo_Grand_Prix,ALO,Aston Martin,4.0,4.0,6.0,9.67,12.0,10.6,2.67,2.4,,3.86,3
2023,20,São_Paulo_Grand_Prix,BOT,Audi,18.0,18.0,11.67,11.67,10.33,12.6,1.33,0.8,-6.0,2.87,R
2023,20,São_Paulo_Grand_Prix,DEV,,,,,,,,,,,,
2023,20,São_Paulo_Grand_Prix,GAS,Alpine,13.0,15.0,9.67,9.0,8.33,9.8,2.67,3.4,0.0,2.53,7
2023,20,São_Paulo_Grand_Prix,HAM,Mercedes,5.0,5.0,10.5,7.25,4.0,4.8,6.33,9.0,4.0,6.87,8
2023,20,São_Paulo_Grand_Prix,HUL,Haas F1 Team,11.0,11.0,13.33,13.4,14.67,14.2,0.0,0.0,-1.0,1.62,12
2023,20,São_Paulo_Grand_Prix,LAW,,,,17.0,12.33,17.0,12.67,0.0,0.67,,3.4,
2023,20,São_Paulo_Grand_Prix,LEC,Ferrari,2.0,2.0,9.33,7.2,2.33,2.8,8.33,9.8,-2.0,6.43,W
2023,20,São_Paulo_Grand_Prix,MAG,Haas F1 Team,14.0,12.0,14.0,13.25,17.0,14.4,0.0,0.2,,1.92,R
2023,20,São_Paulo_Grand_Prix,NOR,McLaren,7.0,6.0,3.33,2.8,9.67,7.2,14.33,15.8,12.0,1.17,2
2023,20,São_Paulo_Grand_Prix,OCO,Alpine,12.0,14.0,8.5,8.67,10.33,10.6,2.33,1.8,5.0,1.25,10
2023,20,São_Paulo_Grand_Prix,PER,Red Bull Racing,9.0,9.0,7.0,7.33,11.33,10.4,4.33,3.4,,2.49,4
2023,20,São_Paulo_Grand_Prix,PIA,McLaren,10.0,10.0,5.0,5.0,7.67,8.4,7.33,8.6,-1.0,2.55,14
2023,20,São_Paulo_Grand_Prix,RIC,Racing Bulls,17.0,17.0,11.0,11.0,9.0,9.0,3.0,3.0,-3.0,4.0,13
2023,20,São_Paulo_Grand_Prix,RUS,Mercedes,6.0,8.0,5.0,7.6,5.0,5.0,10.0,7.2,2.0,4.32,R
2023,20,São_Paulo_Grand_Prix,SAI,Ferrari,8.0,7.0,3.5,3.5,6.0,5.0,9.0,12.0,-2.0,1.8,6
2023,20,São_Paulo_Grand_Prix,SAR,Williams,19.0,19.0,13.0,13.33,16.67,17.6,0.33,0.2,3.0,2.49,11
2023,20,São_Paulo_Grand_Prix,STR,Aston Martin,3.0,3.0,11.67,11.67,12.0,13.25,2.0,1.2,-17.0,4.11,5
2023,20,São_Paulo_Grand_Prix,TSU,Racing Bulls,16.0,16.0,11.67,11.75,13.33,12.8,1.67,1.0,6.0,2.49,9
2023,20,São_Paulo_Grand_Prix,VER,Red Bull Racing,1.0,1.0,1.0,1.8,3.33,4.4,25.33,22.4,2.0,1.6,1
2023,20,São_Paulo_Grand_Prix,ZHO,Audi,20.0,20.0,12.0,12.2,13.67,15.8,0.67,0.4,-4.0,1.72,R
2023,21,Las_Vegas_Grand_Prix,ALB,Williams,6.0,5.0,9.0,10.33,14.0,13.6,1.33,0.8,,1.89,12
2023,21,Las_Vegas_Grand_Prix,ALO,Aston Martin,10.0,9.0,3.0,5.67,12.0,10.0,5.0,5.4,1.0,2.05,9
2023,21,Las_Vegas_Grand_Prix,BOT,Audi,8.0,7.0,13.5,11.67,13.33,13.0,0.0,0.8,,2.87,17
2023,21,Las_Vegas_Grand_Prix,DEV,,,,,,,,,,,,
2023,21,Las_Vegas_Grand_Prix,GAS,Alpine,5.0,4.0,8.0,9.2,11.0,10.4,4.67,3.0,8.0,2.32,11
2023,21,Las_Vegas_Grand_Prix,HAM,Mercedes,11.0,10.0,9.67,8.5,4.67,4.8,7.67,6.6,-3.0,6.42,7
2023,21,Las_Vegas_Grand_Prix,HUL,Haas F1 Team,13.0,13.0,12.0,13.2,13.67,14.6,0.0,0.0,-1.0,1.72,19
2023,21,Las_Vegas_Grand_Prix,LAW,,,,,14.0,,14.0,,0.0,,3.0,
2023,21,Las_Vegas_Grand_Prix,LEC,Ferrari,1.0,1.0,11.5,8.0,1.33,2.6,5.0,7.4,,6.96,2
2023,21,Las_Vegas_Grand_Prix,MAG,Haas F1 Team,9.0,8.0,14.0,14.33,15.0,15.6,0.0,0.0,,0.47,13
2023,21,Las_Vegas_Grand_Prix,NOR,McLaren,16.0,15.0,3.0,2.8,8.33,7.6,15.67,16.0,4.0,1.17,R
2023,21,Las_Vegas_Grand_Prix,OCO,Alpine,17.0,16.0,10.0,9.0,12.33,11.8,0.67,2.0,4.0,1.22,4
2023,21,Las_Vegas_Grand_Prix,PER,Red Bull Racing,12.0,11.0,4.0,6.0,7.67,9.6,8.0,5.0,5.0,2.83,3
2023,21,Las_Vegas_Grand_Prix,PIA,McLaren,19.0,18.0,11.0,6.75,9.0,7.0,1.33,7.4,-4.0,4.76,10
2023,21,Las_Vegas_Grand_Prix,RIC,Racing Bulls,15.0,14.0,11.67,11.67,11.67,11.67,2.0,2.0,4.0,3.4,14
2023,21,Las_Vegas_Grand_Prix,RUS,Mercedes,4.0,3.0,5.5,5.5,7.0,6.2,6.0,7.2,,1.12,8
2023,21,Las_Vegas_Grand_Prix,SAI,Ferrari,2.0,12.0,4.33,4.75,4.33,6.2,11.67,8.6,1.0,1.3,6
2023,21,Las_Vegas_Grand_Prix,SAR,Williams,7.0,6.0,12.33,12.33,18.0,17.8,0.33,0.2,8.0,2.62,16
2023,21,Las_Vegas_Grand_Prix,STR,Aston Martin,14.0,19.0,9.67,10.0,7.67,11.2,5.33,3.2,-2.0,4.58,5
2023,21,Las_Vegas_Grand_Prix,TSU,Racing Bulls,20.0,20.0,9.67,11.2,15.0,13.0,2.33,1.4,7.0,2.48,18
2023,21,Las_Vegas_Grand_Prix,VER,Red Bull Racing,3.0,2.0,1.0,1.0,3.33,2.4,25.0,25.4,0.0,0.0,1
2023,21,Las_Vegas_Grand_Prix,ZHO,Audi,18.0,17.0,13.5,12.25,14.0,16.0,0.0,0.4,,1.92,15
2023,22,Abu_Dhabi_Grand_Prix,ALB,Williams,14.0,14.0,10.5,10.75,10.67,12.0,0.67,0.8,-7.0,1.79,14
2023,22,Abu_Dhabi_Grand_Prix,ALO,Aston Martin,7.0,7.0,6.0,6.0,8.67,9.8,5.67,5.0,0.0,2.45,7
2023,22,Abu_Dhabi_Grand_Prix,BOT,Audi,18.0,18.0,16.0,13.0,11.33,11.2,0.0,0.8,-10.0,3.39,19
2023,22,Abu_Dhabi_Grand_Prix,DEV,,,,,,,,,,,,
2023,22,Abu_Dhabi_Grand_Prix,GAS,Alpine,10.0,10.0,9.67,9.4,10.0,8.8,2.0,2.8,-7.0,2.42,13
2023,22,Abu_Dhabi_Grand_Prix,HAM,Mercedes,11.0,11.0,5.67,9.0,7.0,5.4,9.67,5.8,3.0,6.2,9
2023,22,Abu_Dhabi_Grand_Prix,HUL,Haas F1 Team,8.0,8.0,14.67,14.2,12.0,13.6,0.0,0.0,-6.0,2.93,15
2023,22,Abu_Dhabi_Grand_Prix,LAW,,,,,17.0,,17.0,,0.0,,0.0,
2023,22,Abu_Dhabi_Grand_Prix,LEC,Ferrari,2.0,2.0,2.5,7.5,1.33,2.0,11.0,8.6,-1.0,7.3,2
2023,22,Abu_Dhabi_Grand_Prix,MAG,Haas F1 Team,17.0,17.0,13.0,13.67,12.0,14.2,0.0,0.0,-5.0,0.47,20
2023,22,Abu_Dhabi_Grand_Prix,NOR,McLaren,5.0,5.0,3.5,3.0,12.67,10.0,9.67,12.4,,1.22,5
2023,22,Abu_Dhabi_Grand_Prix,OCO,Alpine,12.0,12.0,8.0,7.75,15.0,12.2,4.67,4.0,12.0,2.49,12
2023,22,Abu_Dhabi_Grand_Prix,PER,Red Bull Racing,9.0,9.0,3.5,5.25,8.33,10.8,9.0,8.0,8.0,2.77,4
2023,22,Abu_Dhabi_Grand_Prix,PIA,McLaren,3.0,3.0,10.67,8.5,11.67,10.2,2.0,4.8,8.0,4.33,6
2023,22,Abu_Dhabi_Grand_Prix,RIC,Racing Bulls,15.0,15.0,11.33,12.25,11.67,12.25,2.0,1.5,0.0,3.11,11
2023,22,Abu_Dhabi_Grand_Prix,RUS,Mercedes,4.0,4.0,7.0,5.75,6.33,5.2,4.0,6.8,-5.0,1.48,3
2023,22,Abu_Dhabi_Grand_Prix,SAI,Ferrari,16.0,16.0,5.33,4.75,7.0,7.4,9.33,8.6,6.0,1.3,18
2023,22,Abu_Dhabi_Grand_Prix,SAR,Williams,20.0,20.0,14.33,13.25,14.67,15.0,0.0,0.2,-10.0,2.77,16
2023,22,Abu_Dhabi_Grand_Prix,STR,Aston Martin,13.0,13.0,9.0,9.0,7.33,11.6,6.67,5.2,14.0,4.56,10
2023,22,Abu_Dhabi_Grand_Prix,TSU,Racing Bulls,6.0,6.0,13.0,12.4,18.0,15.2,0.67,1.4,2.0,3.72,8
2023,22,Abu_Dhabi_Grand_Prix,VER,Red Bull Racing,1.0,1.0,1.0,1.0,2.0,2.6,25.0,25.2,1.0,0.0,1
2023,22,Abu_Dhabi_Grand_Prix,ZHO,Audi,19.0,19.0,14.5,12.75,15.67,15.6,0.0,0.4,2.0,2.28,17
2024,1,Bahrain_Grand_Prix,ALB,Williams,13.0,13.0,13.0,11.0,10.67,12.2,0.0,0.8,0.0,2.12,15
2024,1,Bahrain_Grand_Prix,ALO,Aston Martin,6.0,6.0,6.33,6.33,6.67,10.4,7.67,4.6,0.0,2.49,9
2024,1,Bahrain_Grand_Prix,BEA,,,,,,,,,,,,
2024,1,Bahrain_Grand_Prix,BOT,Audi,16.0,16.0,18.0,15.75,14.33,13.0,0.0,0.0,-1.0,2.59,19
2024,1,Bahrain_Grand_Prix,COL,,,,,,,,,,,,
2024,1,Bahrain_Grand_Prix,DOO,,,,,,,,,,,,
2024,1,Bahrain_Grand_Prix,GAS,Alpine,20.0,20.0,10.33,9.6,9.67,9.4,2.0,2.8,-3.0,2.65,18
2024,1,Bahrain_Grand_Prix,HAM,Mercedes,9.0,9.0,8.0,9.0,8.67,7.0,4.0,6.2,2.0,5.55,7
2024,1,Bahrain_Grand_Prix,HUL,Haas F1 Team,10.0,10.0,15.33,14.0,10.67,12.4,0.0,0.0,-7.0,2.83,16
2024,1,Bahrain_Grand_Prix,LAW,,,,,,,,,,,,
2024,1,Bahrain_Grand_Prix,LEC,Ferrari,2.0,2.0,2.0,6.75,1.67,1.4,12.0,10.2,0.0,7.66,4
2024,1,Bahrain_Grand_Prix,MAG,Haas F1 Team,15.0,15.0,16.5,15.67,12.33,14.0,0.0,0.0,-3.0,3.09,12
2024,1,Bahrain_Grand_Prix,NOR,McLaren,7.0,7.0,3.5,3.5,8.67,9.0,9.67,11.4,0.0,1.5,6
2024,1,Bahrain_Grand_Prix,OCO,Alpine,19.0,19.0,8.67,9.0,14.0,13.0,4.33,2.8,0.0,3.0,17
2024,1,Bahrain_Grand_Prix,PER,Red Bull Racing,5.0,5.0,3.67,3.75,9.67,8.6,13.0,10.2,5.0,0.43,2
2024,1,Bahrain_Grand_Prix,PIA,McLaren,8.0,8.0,10.0,9.5,10.33,9.6,3.33,2.8,-3.0,2.96,8
2024,1,Bahrain_Grand_Prix,RIC,Racing Bulls,14.0,14.0,12.67,12.0,15.33,12.8,0.0,1.2,4.0,2.83,13
2024,1,Bahrain_Grand_Prix,RUS,Mercedes,3.0,3.0,5.5,5.5,5.0,5.6,6.33,7.4,1.0,1.8,5
2024,1,Bahrain_Grand_Prix,SAI,Ferrari,4.0,4.0,10.0,7.4,11.67,8.2,5.33,8.6,-2.0,5.43,3
2024,1,Bahrain_Grand_Prix,SAR,Williams,18.0,18.0,14.33,13.8,15.0,16.0,0.0,0.2,4.0,2.71,20
2024,1,Bahrain_Grand_Prix,STR,Aston Martin,12.0,12.0,6.67,8.8,11.67,11.0,7.0,5.4,3.0,4.49,10
2024,1,Bahrain_Grand_Prix,TSU,Racing Bulls,11.0,11.0,11.67,11.0,14.0,14.2,2.0,2.2,-2.0,3.79,14
2024,1,Bahrain_Grand_Prix,VER,Red Bull Racing,1.0,1.0,1.0,1.0,1.33,2.6,25.33,25.2,0.0,0.0,1
2024,1,Bahrain_Grand_Prix,ZHO,Audi,17.0,17.0,16.0,14.75,18.67,15.6,0.0,0.0,2.0,1.48,11
2024,2,Saudi_Arabian_Grand_Prix,ALB,Williams,12.0,12.0,13.67,12.5,10.67,11.8,0.0,0.4,-2.0,2.29,11
2024,2,Saudi_Arabian_Grand_Prix,ALO,Aston Martin,4.0,4.0,8.33,7.0,7.33,7.8,3.33,5.0,-3.0,2.45,5
2024,2,Saudi_Arabian_Grand_Prix,BEA,Ferrari,11.0,11.0,,,,,,,,,7
2024,2,Saudi_Arabian_Grand_Prix,BOT,Audi,16.0,16.0,18.33,17.5,13.67,13.6,0.0,0.0,-3.0,1.66,17
2024,2,Saudi_Arabian_Grand_Prix,COL,,,,,,,,,,,,
2024,2,Saudi_Arabian_Grand_Prix,DOO,,,,,,,,,,,,
2024,2,Saudi_Arabian_Grand_Prix,GAS,Alpine,18.0,18.0,14.0,12.0,11.33,12.0,0.0,1.2,2.0,3.58,R
2024,2,Saudi_Arabian_Grand_Prix,HAM,Mercedes,8.0,8.0,7.67,6.6,10.0,8.2,4.67,7.4,2.0,2.42,9
2024,2,Saudi_Arabian_Grand_Prix,HUL,Haas F1 Team,15.0,15.0,16.67,15.0,10.33,10.8,0.0,0.0,-6.0,2.45,10
2024,2,Saudi_Arabian_Grand_Prix,LAW,,,,,,,,,,,,
2024,2,Saudi_Arabian_Grand_Prix,LEC,Ferrari,2.0,2.0,2.67,2.75,1.67,1.6,16.0,12.6,-2.0,0.83,3
2024,2,Saudi_Arabian_Grand_Prix,MAG,Haas F1 Team,13.0,13.0,15.0,15.0,13.33,13.6,0.0,0.0,3.0,3.56,12
2024,2,Saudi_Arabian_Grand_Prix,NOR,McLaren,6.0,6.0,5.5,4.5,9.0,10.0,6.0,9.4,1.0,1.5,8
2024,2,Saudi_Arabian_Grand_Prix,OCO,Alpine,17.0,17.0,11.0,10.6,15.67,15.2,4.0,2.8,2.0,4.18,13
2024,2,Saudi_Arabian_Grand_Prix,PER,Red Bull Racing,3.0,3.0,3.0,3.25,8.33,7.8,15.0,11.4,3.0,0.83,2
2024,2,Saudi_Arabian_Grand_Prix,PIA,McLaren,5.0,5.0,8.0,9.2,9.67,9.2,4.67,3.6,0.0,2.71,4
2024,2,Saudi_Arabian_Grand_Prix,RIC,Racing Bulls,14.0,14.0,12.67,11.6,14.33,12.8,0.0,1.2,1.0,2.5,16
2024,2,Saudi_Arabian_Grand_Prix,RUS,Mercedes,7.0,7.0,5.33,5.5,3.33,5.2,9.67,7.4,-2.0,1.8,6
2024,2,Saudi_Arabian_Grand_Prix,SAI,,,,9.0,7.4,10.67,8.2,7.67,8.6,1.0,5.43,
2024,2,Saudi_Arabian_Grand_Prix,SAR,Williams,19.0,19.0,17.33,15.8,14.67,16.4,0.0,0.0,-2.0,2.86,14
2024,2,Saudi_Arabian_Grand_Prix,STR,Aston Martin,10.0,10.0,8.33,9.4,14.67,9.4,4.0,4.4,2.0,4.41,R
2024,2,Saudi_Arabian_Grand_Prix,TSU,Racing Bulls,9.0,9.0,13.33,12.2,12.33,14.2,1.33,1.2,-3.0,3.6,15
2024,2,Saudi_Arabian_Grand_Prix,VER,Red Bull Racing,1.0,1.0,1.0,1.0,1.33,1.6,25.67,25.4,0.0,0.0,1
2024,2,Saudi_Arabian_Grand_Prix,ZHO,Audi,20.0,20.0,14.33,14.25,17.67,16.6,0.0,0.0,6.0,2.17,18
2024,3,Australian_Grand_Prix,ALB,Williams,12.0,12.0,13.33,13.0,13.0,11.4,0.0,0.0,1.0,1.58,11
2024,3,Australian_Grand_Prix,ALO,Aston Martin,10.0,10.0,7.0,6.6,5.67,6.0,6.0,7.0,-1.0,2.33,8
2024,3,Australian_Grand_Prix,BEA,,,,7.0,7.0,11.0,11.0,6.0,6.0,4.0,0.0,
2024,3,Australian_Grand_Prix,BOT,Audi,13.0,13.0,18.33,18.0,16.67,15.0,0.0,0.0,-1.0,1.0,14
2024,3,Australian_Grand_Prix,COL,,,,,,,,,,,,
2024,3,Australian_Grand_Prix,DOO,,,,,,,,,,,,
2024,3,Australian_Grand_Prix,GAS,Alpine,17.0,17.0,15.5,12.25,16.0,13.4,0.0,1.2,,3.96,13
2024,3,Australian_Grand_Prix,HAM,Mercedes,11.0,11.0,8.33,8.0,9.33,8.6,3.33,4.0,-1.0,0.89,R
2024,3,Australian_Grand_Prix,HUL,Haas F1 Team,16.0,16.0,13.67,14.4,11.0,11.4,0.33,0.2,5.0,3.14,9
2024,3,Australian_Grand_Prix,LAW,,,,,,,,,,,,
2024,3,Australian_Grand_Prix,LEC,Ferrari,5.0,4.0,3.0,2.75,2.0,1.8,15.33,12.8,-1.0,0.83,2
2024,3,Australian_Grand_Prix,MAG,Haas F1 Team,14.0,14.0,14.67,14.25,15.0,13.0,0.0,0.0,1.0,3.34,10
2024,3,Australian_Grand_Prix,NOR,McLaren,4.0,3.0,6.33,5.25,6.0,7.8,7.33,8.2,-2.0,2.17,3
2024,3,Australian_Grand_Prix,OCO,Alpine,15.0,15.0,14.0,11.2,16.0,15.6,0.0,2.6,4.0,4.26,16
2024,3,Australian_Grand_Prix,PER,Red Bull Racing,3.0,6.0,2.67,3.0,5.67,7.4,16.0,15.0,1.0,0.89,5
2024,3,Australian_Grand_Prix,PIA,McLaren,6.0,5.0,6.0,8.4,5.33,8.8,8.0,5.2,1.0,3.44,4
2024,3,Australian_Grand_Prix,RIC,Racing Bulls,18.0,18.0,13.33,13.4,14.33,14.8,0.0,0.0,-2.0,1.62,12
2024,3,Australian_Grand_Prix,RUS,Mercedes,7.0,7.0,4.67,5.5,4.67,5.0,11.0,7.4,1.0,1.8,17
2024,3,Australian_Grand_Prix,SAI,Ferrari,2.0,2.0,10.5,8.25,10.0,9.75,7.5,7.75,,5.76,1
2024,3,Australian_Grand_Prix,SAR,,,,16.67,15.4,19.0,16.4,0.0,0.0,5.0,2.94,
2024,3,Australian_Grand_Prix,STR,Aston Martin,9.0,9.0,10.0,7.5,11.67,11.4,0.67,4.4,,2.5,6
2024,3,Australian_Grand_Prix,TSU,Racing Bulls,8.0,8.0,12.33,12.8,8.67,12.4,1.33,1.2,-6.0,3.76,7
2024,3,Australian_Grand_Prix,VER,Red Bull Racing,1.0,1.0,1.0,1.0,1.0,1.2,25.67,25.4,0.0,0.0,R
2024,3,Australian_Grand_Prix,ZHO,Audi,19.0,19.0,15.33,15.25,18.67,18.6,0.0,0.0,2.0,2.68,15
2024,4,Japanese_Grand_Prix,ALB,Williams,14.0,14.0,12.33,12.6,12.33,11.2,0.0,0.0,1.0,1.62,R
2024,4,Japanese_Grand_Prix,ALO,Aston Martin,5.0,5.0,7.33,7.6,6.67,7.2,5.33,4.8,2.0,1.5,6
2024,4,Japanese_Grand_Prix,BEA,,,,7.0,7.0,11.0,11.0,6.0,6.0,,0.0,
2024,4,Japanese_Grand_Prix,BOT,Audi,13.0,13.0,16.67,17.2,15.0,14.0,0.0,0.0,-1.0,1.83,14
2024,4,Japanese_Grand_Prix,COL,,,,,,,,,,,,
2024,4,Japanese_Grand_Prix,DOO,,,,,,,,,,,,
2024,4,Japanese_Grand_Prix,GAS,Alpine,17.0,17.0,15.5,13.75,18.33,13.8,0.0,0.0,4.0,2.59,16
2024,4,Japanese_Grand_Prix,HAM,Mercedes,7.0,7.0,8.0,8.0,9.33,9.8,2.67,3.2,,1.0,9
2024,4,Japanese_Grand_Prix,HUL,Haas F1 Team,12.0,12.0,11.67,13.8,13.67,12.4,1.0,0.6,7.0,3.76,11
2024,4,Japanese_Grand_Prix,LAW,,,,,,,,,,,,
2024,4,Japanese_Grand_Prix,LEC,Ferrari,8.0,8.0,3.0,2.6,2.67,2.2,15.67,16.6,2.0,0.8,4
2024,4,Japanese_Grand_Prix,MAG,Haas F1 Team,18.0,18.0,11.33,13.4,14.0,13.4,0.33,0.2,4.0,3.44,13
2024,4,Japanese_Grand_Prix,NOR,McLaren,3.0,3.0,5.67,5.5,5.33,7.2,9.0,7.4,0.0,1.8,5
2024,4,Japanese_Grand_Prix,OCO,Alpine,15.0,15.0,15.33,12.4,17.0,15.8,0.0,2.4,-1.0,4.59,15
2024,4,Japanese_Grand_Prix,PER,Red Bull Racing,2.0,2.0,3.0,3.2,4.67,6.8,15.33,14.6,1.0,1.17,2
2024,4,Japanese_Grand_Prix,PIA,McLaren,6.0,6.0,5.33,6.4,6.0,7.8,9.33,7.6,1.0,2.33,8
2024,4,Japanese_Grand_Prix,RIC,Racing Bulls,11.0,11.0,13.67,13.2,15.33,15.0,0.0,0.0,6.0,1.72,R
2024,4,Japanese_Grand_Prix,RUS,Mercedes,9.0,9.0,9.33,7.8,5.67,4.8,6.0,7.4,-10.0,4.87,7
2024,4,Japanese_Grand_Prix,SAI,Ferrari,4.0,4.0,2.0,7.0,3.0,8.5,20.0,12.0,1.0,6.6,3
2024,4,Japanese_Grand_Prix,SAR,Williams,19.0,19.0,17.0,16.5,18.5,15.75,0.0,0.0,,2.18,17
2024,4,Japanese_Grand_Prix,STR,Aston Martin,16.0,16.0,8.0,7.75,10.33,12.6,3.0,4.0,3.0,2.28,12
2024,4,Japanese_Grand_Prix,TSU,Racing Bulls,10.0,10.0,12.0,12.4,9.33,10.8,2.0,2.0,1.0,4.22,10
2024,4,Japanese_Grand_Prix,VER,Red Bull Racing,1.0,1.0,1.0,1.0,1.0,1.2,17.0,20.4,,0.0,1
2024,4,Japanese_Grand_Prix,ZHO,Audi,20.0,20.0,14.67,15.2,18.67,18.4,0.0,0.0,4.0,2.4,R
2024,5,Chinese_Grand_Prix,ALB,Williams,14.0,14.0,11.0,12.75,12.67,13.0,0.0,0.0,,1.79,12
2024,5,Chinese_Grand_Prix,ALO,Aston Martin,3.0,3.0,6.33,7.0,6.33,6.4,7.33,6.0,-1.0,1.41,7
2024,5,Chinese_Grand_Prix,BEA,,,,7.0,7.0,11.0,11.0,6.0,6.0,,0.0,
2024,5,Chinese_Grand_Prix,BOT,Audi,10.0,10.0,15.0,16.6,14.0,15.2,0.0,0.0,-1.0,2.24,R
2024,5,Chinese_Grand_Prix,COL,,,,,,,,,,,,
2024,5,Chinese_Grand_Prix,DOO,,,,,,,,,,,,
2024,5,Chinese_Grand_Prix,GAS,Alpine,15.0,15.0,14.5,15.0,17.33,16.4,0.0,0.0,1.0,2.12,13
2024,5,Chinese_Grand_Prix,HAM,Mercedes,18.0,18.0,9.0,8.5,8.67,9.2,1.33,2.4,-2.0,0.87,9
2024,5,Chinese_Grand_Prix,HUL,Haas F1 Team,9.0,9.0,10.0,12.2,14.33,12.2,1.0,0.6,1.0,2.79,10
2024,5,Chinese_Grand_Prix,LAW,,,,,,,,,,,,
2024,5,Chinese_Grand_Prix,LEC,Ferrari,6.0,6.0,3.0,3.0,4.67,3.6,15.67,15.4,4.0,0.89,4
2024,5,Chinese_Grand_Prix,MAG,Haas F1 Team,17.0,17.0,11.67,13.4,15.0,15.4,0.33,0.2,5.0,3.44,16
2024,5,Chinese_Grand_Prix,NOR,McLaren,4.0,4.0,5.33,5.4,4.0,4.8,9.67,9.4,-2.0,1.62,2
2024,5,Chinese_Grand_Prix,OCO,Alpine,13.0,13.0,14.67,14.6,15.67,15.6,0.0,0.0,0.0,1.85,11
2024,5,Chinese_Grand_Prix,PER,Red Bull Racing,2.0,2.0,3.0,3.0,3.67,5.0,15.33,15.2,0.0,1.26,3
2024,5,Chinese_Grand_Prix,PIA,McLaren,5.0,5.0,5.33,6.0,5.33,5.4,9.33,8.0,-2.0,1.79,8
2024,5,Chinese_Grand_Prix,RIC,Racing Bulls,12.0,12.0,14.0,13.0,14.33,14.4,0.0,0.0,,1.87,R
2024,5,Chinese_Grand_Prix,RUS,Mercedes,8.0,8.0,10.0,7.6,7.67,6.0,4.67,7.8,2.0,4.88,6
2024,5,Chinese_Grand_Prix,SAI,Ferrari,7.0,7.0,2.0,6.25,3.0,6.5,20.0,13.75,1.0,6.83,5
2024,5,Chinese_Grand_Prix,SAR,Williams,20.0,20.0,15.5,16.75,19.0,19.0,0.0,0.0,2.0,2.17,17
2024,5,Chinese_Grand_Prix,STR,Aston Martin,11.0,11.0,9.0,9.5,11.67,12.0,2.67,2.0,4.0,2.18,15
2024,5,Chinese_Grand_Prix,TSU,Racing Bulls,19.0,19.0,10.67,10.8,9.0,8.8,2.33,2.2,0.0,3.19,R
2024,5,Chinese_Grand_Prix,VER,Red Bull Racing,1.0,1.0,1.0,1.0,1.0,1.0,17.0,20.6,0.0,0.0,1
2024,5,Chinese_Grand_Prix,ZHO,Audi,16.0,16.0,16.5,15.25,19.67,19.0,0.0,0.0,,2.68,14
2024,6,Miami_Grand_Prix,ALB,Williams,14.0,14.0,11.5,12.25,13.33,13.0,0.0,0.0,2.0,1.64,18
2024,6,Miami_Grand_Prix,ALO,Aston Martin,15.0,15.0,7.0,7.0,6.0,5.6,6.33,6.2,-4.0,1.41,9
2024,6,Miami_Grand_Prix,BEA,,,,,7.0,,11.0,,6.0,,0.0,
2024,6,Miami_Grand_Prix,BOT,Audi,16.0,16.0,14.0,16.0,12.0,13.6,0.0,0.0,,2.12,16
2024,6,Miami_Grand_Prix,COL,,,,,,,,,,,,
2024,6,Miami_Grand_Prix,DOO,,,,,,,,,,,,
2024,6,Miami_Grand_Prix,GAS,Alpine,12.0,12.0,14.0,15.0,16.33,17.4,0.0,0.0,2.0,2.12,12
2024,6,Miami_Grand_Prix,HAM,Mercedes,8.0,8.0,9.0,8.5,12.0,10.6,1.33,2.4,9.0,0.87,6
2024,6,Miami_Grand_Prix,HUL,Haas F1 Team,9.0,9.0,10.0,11.2,12.33,12.4,1.0,0.8,-1.0,2.48,11
2024,6,Miami_Grand_Prix,LAW,,,,,,,,,,,,
2024,6,Miami_Grand_Prix,LEC,Ferrari,2.0,2.0,3.33,3.4,6.0,4.4,14.33,14.2,2.0,0.8,3
2024,6,Miami_Grand_Prix,MAG,Haas F1 Team,19.0,18.0,13.0,12.6,16.33,15.4,0.33,0.2,1.0,1.96,19
2024,6,Miami_Grand_Prix,NOR,McLaren,5.0,5.0,3.33,4.8,3.33,4.6,14.33,11.0,2.0,2.14,1
2024,6,Miami_Grand_Prix,OCO,Alpine,13.0,13.0,14.0,14.4,14.33,15.8,0.0,0.0,2.0,2.15,10
2024,6,Miami_Grand_Prix,PER,Red Bull Racing,4.0,4.0,3.33,2.8,3.33,3.6,14.33,15.8,-1.0,1.17,4
2024,6,Miami_Grand_Prix,PIA,McLaren,6.0,6.0,6.67,6.4,5.33,5.8,6.67,7.2,-3.0,1.96,13
2024,6,Miami_Grand_Prix,RIC,Racing Bulls,18.0,20.0,12.0,13.67,13.67,13.8,0.0,0.0,,1.7,15
2024,6,Miami_Grand_Prix,RUS,Mercedes,7.0,7.0,10.0,8.2,8.0,6.8,4.67,6.4,2.0,4.45,8
2024,6,Miami_Grand_Prix,SAI,Ferrari,3.0,3.0,3.0,3.0,4.33,4.25,16.67,16.25,2.0,1.41,5
2024,6,Miami_Grand_Prix,SAR,Williams,17.0,17.0,17.0,17.0,19.5,19.0,0.0,0.0,3.0,2.12,R
2024,6,Miami_Grand_Prix,STR,Aston Martin,11.0,11.0,11.0,10.75,12.0,11.6,2.67,1.8,-4.0,3.27,17
2024,6,Miami_Grand_Prix,TSU,Racing Bulls,10.0,10.0,8.5,11.5,12.33,11.4,2.33,1.4,,3.2,7
2024,6,Miami_Grand_Prix,VER,Red Bull Racing,1.0,1.0,1.0,1.0,1.0,1.0,17.0,20.4,0.0,0.0,2
2024,6,Miami_Grand_Prix,ZHO,Audi,20.0,19.0,14.5,14.5,18.33,18.4,0.0,0.0,2.0,2.5,14
2024,7,Emilia_Romagna_Grand_Prix,ALB,Williams,14.0,14.0,15.0,13.0,14.0,13.2,0.0,0.0,-4.0,2.92,R
2024,7,Emilia_Romagna_Grand_Prix,ALO,Aston Martin,19.0,20.0,7.33,7.0,7.67,7.4,5.67,6.2,6.0,1.41,19
2024,7,Emilia_Romagna_Grand_Prix,BEA,,,,,7.0,,11.0,,6.0,,0.0,
2024,7,Emilia_Romagna_Grand_Prix,BOT,Audi,16.0,16.0,15.0,15.25,13.0,13.6,0.0,0.0,0.0,1.3,18
2024,7,Emilia_Romagna_Grand_Prix,COL,,,,,,,,,,,,
2024,7,Emilia_Romagna_Grand_Prix,DOO,,,,,,,,,,,,
2024,7,Emilia_Romagna_Grand_Prix,GAS,Alpine,15.0,15.0,13.67,13.5,14.67,15.8,0.0,0.0,0.0,1.5,16
2024,7,Emilia_Romagna_Grand_Prix,HAM,Mercedes,8.0,8.0,8.0,8.25,11.0,10.4,4.0,2.8,2.0,1.3,6
2024,7,Emilia_Romagna_Grand_Prix,HUL,Haas F1 Team,10.0,10.0,10.67,10.2,10.0,12.2,0.33,0.8,-2.0,0.75,11
2024,7,Emilia_Romagna_Grand_Prix,LAW,,,,,,,,,,,,
2024,7,Emilia_Romagna_Grand_Prix,LEC,Ferrari,4.0,3.0,3.67,3.2,5.33,4.4,13.0,14.8,-1.0,0.75,3
2024,7,Emilia_Romagna_Grand_Prix,MAG,Haas F1 Team,18.0,18.0,16.0,14.0,17.67,16.0,0.0,0.2,-1.0,3.16,12
2024,7,Emilia_Romagna_Grand_Prix,NOR,McLaren,3.0,2.0,2.67,3.8,4.0,4.2,17.67,14.4,4.0,2.48,2
2024,7,Emilia_Romagna_Grand_Prix,OCO,Alpine,12.0,12.0,12.0,13.0,13.67,14.6,0.33,0.2,3.0,2.28,14
2024,7,Emilia_Romagna_Grand_Prix,PER,Red Bull Racing,11.0,11.0,3.0,3.2,2.67,3.4,15.0,14.6,0.0,1.17,8
2024,7,Emilia_Romagna_Grand_Prix,PIA,McLaren,2.0,5.0,9.67,7.4,5.67,5.4,2.67,6.4,-7.0,3.32,4
2024,7,Emilia_Romagna_Grand_Prix,RIC,Racing Bulls,9.0,9.0,15.0,14.33,14.33,15.0,0.0,0.0,5.0,1.7,13
2024,7,Emilia_Romagna_Grand_Prix,RUS,Mercedes,6.0,6.0,7.0,8.8,8.0,7.6,6.0,5.2,-1.0,4.17,7
2024,7,Emilia_Romagna_Grand_Prix,SAI,Ferrari,5.0,4.0,4.33,3.5,4.67,4.0,11.67,15.0,-2.0,1.66,5
2024,7,Emilia_Romagna_Grand_Prix,SAR,Williams,20.0,19.0,17.0,16.0,18.67,18.75,0.0,0.0,,1.41,17
2024,7,Emilia_Romagna_Grand_Prix,STR,Aston Martin,13.0,13.0,14.67,12.5,12.67,11.4,0.0,1.6,-6.0,4.15,9
2024,7,Emilia_Romagna_Grand_Prix,TSU,Racing Bulls,7.0,7.0,8.5,9.75,13.0,11.2,2.33,2.6,3.0,3.27,10
2024,7,Emilia_Romagna_Grand_Prix,VER,Red Bull Racing,1.0,1.0,1.33,1.25,1.0,1.0,23.0,18.8,-1.0,0.43,1
2024,7,Emilia_Romagna_Grand_Prix,ZHO,Audi,17.0,17.0,14.0,15.25,18.33,18.8,0.0,0.0,5.0,1.64,15
2024,8,Monaco_Grand_Prix,ALB,Williams,9.0,9.0,15.0,13.67,14.0,13.6,0.0,0.0,,3.09,9
2024,8,Monaco_Grand_Prix,ALO,Aston Martin,14.0,14.0,11.67,9.8,12.67,10.6,3.0,4.2,1.0,4.71,11
2024,8,Monaco_Grand_Prix,BEA,,,,,,,,,,,,
2024,8,Monaco_Grand_Prix,BOT,Audi,17.0,17.0,17.0,15.5,14.0,13.6,0.0,0.0,-2.0,1.66,13
2024,8,Monaco_Grand_Prix,COL,,,,,,,,,,,,
2024,8,Monaco_Grand_Prix,DOO,,,,,,,,,,,,
2024,8,Monaco_Grand_Prix,GAS,Alpine,10.0,10.0,13.67,14.0,14.0,15.2,0.0,0.0,-1.0,1.67,10
2024,8,Monaco_Grand_Prix,HAM,Mercedes,7.0,7.0,7.0,7.5,11.33,10.4,6.0,4.0,2.0,1.5,7
2024,8,Monaco_Grand_Prix,HUL,Haas F1 Team,14.0,19.0,10.67,10.4,9.33,11.2,0.33,0.6,-1.0,0.8,R
2024,8,Monaco_Grand_Prix,LAW,,,,,,,,,,,,
2024,8,Monaco_Grand_Prix,LEC,Ferrari,1.0,1.0,3.33,3.2,3.67,4.6,14.0,14.6,0.0,0.75,1
2024,8,Monaco_Grand_Prix,MAG,Haas F1 Team,15.0,20.0,15.67,14.0,17.67,17.0,0.0,0.2,6.0,3.16,R
2024,8,Monaco_Grand_Prix,NOR,McLaren,4.0,4.0,1.67,2.6,3.67,3.4,20.33,17.2,0.0,1.36,4
2024,8,Monaco_Grand_Prix,OCO,Alpine,11.0,11.0,11.67,13.2,12.67,13.6,0.33,0.2,-2.0,2.32,R
2024,8,Monaco_Grand_Prix,PER,Red Bull Racing,16.0,16.0,5.0,4.4,5.67,5.0,10.33,11.8,3.0,2.06,R
2024,8,Monaco_Grand_Prix,PIA,McLaren,2.0,2.0,8.33,7.4,5.33,5.4,5.33,6.4,1.0,3.32,2
2024,8,Monaco_Grand_Prix,RIC,Racing Bulls,12.0,12.0,14.0,13.33,13.67,14.0,0.0,0.0,-4.0,1.25,12
2024,8,Monaco_Grand_Prix,RUS,Mercedes,5.0,5.0,7.0,9.0,7.0,7.4,6.33,5.0,-1.0,4.05,5
2024,8,Monaco_Grand_Prix,SAI,Ferrari,3.0,3.0,5.0,3.8,4.67,4.0,10.0,14.0,-1.0,1.6,3
2024,8,Monaco_Grand_Prix,SAR,Williams,15.0,15.0,17.0,17.0,18.67,18.75,0.0,0.0,2.0,0.0,15
2024,8,Monaco_Grand_Prix,STR,Aston Martin,13.0,13.0,13.67,11.8,11.67,12.0,0.67,2.0,4.0,3.97,14
2024,8,Monaco_Grand_Prix,TSU,Racing Bulls,8.0,8.0,8.5,8.5,12.0,10.8,2.33,2.8,-3.0,1.5,8
2024,8,Monaco_Grand_Prix,VER,Red Bull Racing,6.0,6.0,1.33,1.25,1.0,1.0,22.67,18.8,0.0,0.43,6
2024,8,Monaco_Grand_Prix,ZHO,Audi,18.0,18.0,14.33,14.5,17.33,18.2,0.0,0.0,2.0,0.5,16
2024,9,Canadian_Grand_Prix,ALB,Williams,10.0,10.0,13.5,13.0,12.33,13.0,0.67,0.4,0.0,3.74,R
2024,9,Canadian_Grand_Prix,ALO,Aston Martin,6.0,6.0,13.0,10.4,16.33,11.4,0.67,3.4,3.0,4.63,6
2024,9,Canadian_Grand_Prix,BEA,,,,,,,,,,,,
2024,9,Canadian_Grand_Prix,BOT,Audi,17.0,19.0,15.67,15.25,16.33,14.4,0.0,0.0,4.0,1.92,13
2024,9,Canadian_Grand_Prix,COL,,,,,,,,,,,,
2024,9,Canadian_Grand_Prix,DOO,,,,,,,,,,,,
2024,9,Canadian_Grand_Prix,GAS,Alpine,15.0,15.0,12.67,13.4,12.33,13.8,0.33,0.2,0.0,2.33,9
2024,9,Canadian_Grand_Prix,HAM,Mercedes,7.0,7.0,6.33,7.4,7.67,9.6,7.67,5.4,0.0,1.36,4
2024,9,Canadian_Grand_Prix,HUL,Haas F1 Team,19.0,17.0,11.0,10.75,12.67,11.8,0.0,0.2,,0.43,11
2024,9,Canadian_Grand_Prix,LAW,,,,,,,,,,,,
2024,9,Canadian_Grand_Prix,LEC,Ferrari,11.0,11.0,2.33,3.0,2.0,4.0,18.33,15.8,0.0,1.1,R
2024,9,Canadian_Grand_Prix,MAG,Haas F1 Team,14.0,14.0,15.5,15.0,18.67,18.2,0.0,0.0,,2.74,12
2024,9,Canadian_Grand_Prix,NOR,McLaren,3.0,3.0,2.33,2.8,3.67,3.6,18.33,16.6,0.0,1.47,2
2024,9,Canadian_Grand_Prix,OCO,Alpine,18.0,18.0,12.0,12.5,12.0,12.8,0.33,0.2,,2.06,10
2024,9,Canadian_Grand_Prix,PER,Red Bull Racing,16.0,16.0,6.0,4.25,10.33,7.0,5.33,9.8,,2.28,R
2024,9,Canadian_Grand_Prix,PIA,McLaren,4.0,4.0,6.33,7.0,4.33,4.8,10.0,7.6,0.0,3.79,5
2024,9,Canadian_Grand_Prix,RIC,Racing Bulls,5.0,5.0,13.33,13.33,13.67,12.8,0.0,0.0,0.0,1.25,8
2024,9,Canadian_Grand_Prix,RUS,Mercedes,1.0,1.0,6.67,6.6,6.0,7.0,7.0,7.0,0.0,1.02,3
2024,9,Canadian_Grand_Prix,SAI,Ferrari,12.0,12.0,4.33,4.2,3.33,4.2,11.67,12.0,0.0,0.98,R
2024,9,Canadian_Grand_Prix,SAR,Williams,13.0,13.0,16.0,16.5,17.0,18.0,0.0,0.0,0.0,0.87,R
2024,9,Canadian_Grand_Prix,STR,Aston Martin,9.0,9.0,13.33,13.4,12.33,12.8,0.67,0.4,-1.0,2.73,7
2024,9,Canadian_Grand_Prix,TSU,Racing Bulls,8.0,8.0,8.33,8.75,8.33,10.8,3.67,2.4,0.0,1.3,14
2024,9,Canadian_Grand_Prix,VER,Red Bull Racing,2.0,2.0,3.0,2.2,2.67,2.0,17.0,20.4,0.0,1.94,1
2024,9,Canadian_Grand_Prix,ZHO,Audi,20.0,20.0,15.0,14.75,18.0,18.0,0.0,0.0,2.0,0.83,15
2024,10,Spanish_Grand_Prix,ALB,Williams,19.0,20.0,9.0,13.0,11.0,12.2,0.67,0.4,,3.74,18
2024,10,Spanish_Grand_Prix,ALO,Aston Martin,11.0,10.0,12.0,10.4,13.33,11.6,2.67,3.4,0.0,4.63,12
2024,10,Spanish_Grand_Prix,BEA,,,,,,,,,,,,
2024,10,Spanish_Grand_Prix,BOT,Audi,12.0,12.0,14.67,15.0,17.33,15.6,0.0,0.0,6.0,2.12,16
2024,10,Spanish_Grand_Prix,COL,,,,,,,,,,,,
2024,10,Spanish_Grand_Prix,DOO,,,,,,,,,,,,
2024,10,Spanish_Grand_Prix,GAS,Alpine,7.0,7.0,11.67,12.0,13.33,13.4,1.0,0.6,6.0,2.45,9
2024,10,Spanish_Grand_Prix,HAM,Mercedes,3.0,3.0,5.67,6.4,7.33,9.6,9.33,7.6,3.0,1.62,3
2024,10,Spanish_Grand_Prix,HUL,Haas F1 Team,13.0,13.0,11.0,10.75,15.33,12.8,0.0,0.2,6.0,0.43,11
2024,10,Spanish_Grand_Prix,LAW,,,,,,,,,,,,
2024,10,Spanish_Grand_Prix,LEC,Ferrari,5.0,5.0,2.0,2.75,5.0,4.6,13.33,13.4,,1.09,5
2024,10,Spanish_Grand_Prix,MAG,Haas F1 Team,16.0,16.0,12.0,14.75,17.33,17.4,0.0,0.0,2.0,2.95,17
2024,10,Spanish_Grand_Prix,NOR,McLaren,1.0,1.0,2.67,2.2,3.0,3.6,16.0,18.2,1.0,0.98,2
2024,10,Spanish_Grand_Prix,OCO,Alpine,9.0,8.0,12.0,11.25,13.67,13.4,0.33,0.4,8.0,1.64,10
2024,10,Spanish_Grand_Prix,PER,Red Bull Racing,8.0,11.0,8.0,5.0,14.33,9.8,1.33,6.2,,2.16,8
2024,10,Spanish_Grand_Prix,PIA,McLaren,10.0,9.0,3.67,6.4,3.67,4.4,13.33,8.8,-1.0,3.83,7
2024,10,Spanish_Grand_Prix,RIC,Racing Bulls,18.0,18.0,11.0,12.0,8.67,11.6,1.33,0.8,-3.0,2.55,15
2024,10,Spanish_Grand_Prix,RUS,Mercedes,4.0,4.0,5.0,5.8,4.0,5.4,10.67,8.8,-2.0,1.72,4
2024,10,Spanish_Grand_Prix,SAI,Ferrari,6.0,6.0,4.0,4.5,6.33,5.8,8.33,9.0,,0.87,6
2024,10,Spanish_Grand_Prix,SAR,Williams,20.0,19.0,16.0,16.33,15.67,16.8,0.0,0.0,,0.94,20
2024,10,Spanish_Grand_Prix,STR,Aston Martin,14.0,14.0,10.0,12.4,11.67,11.4,2.67,1.6,2.0,3.77,14
2024,10,Spanish_Grand_Prix,TSU,Racing Bulls,17.0,17.0,10.67,9.75,7.67,10.4,1.67,2.2,-6.0,2.68,19
2024,10,Spanish_Grand_Prix,VER,Red Bull Racing,2.0,2.0,2.67,2.2,3.0,2.2,19.33,20.2,1.0,1.94,1
2024,10,Spanish_Grand_Prix,ZHO,Audi,15.0,15.0,15.33,14.8,18.33,18.0,0.0,0.0,5.0,0.75,13
2024,11,Austrian_Grand_Prix,ALB,Williams,16.0,16.0,13.5,15.0,13.0,13.4,0.67,0.4,2.0,4.24,15
2024,11,Austrian_Grand_Prix,ALO,Aston Martin,15.0,15.0,9.67,11.4,10.0,13.0,2.67,2.0,-2.0,4.32,18
2024,11,Austrian_Grand_Prix,BEA,,,,,,,,,,,,
2024,11,Austrian_Grand_Prix,BOT,Audi,18.0,18.0,14.0,15.2,16.0,16.0,0.0,0.0,-4.0,1.94,16
2024,11,Austrian_Grand_Prix,COL,,,,,,,,,,,,
2024,11,Austrian_Grand_Prix,DOO,,,,,,,,,,,,
2024,11,Austrian_Grand_Prix,GAS,Alpine,13.0,13.0,9.33,11.2,10.67,11.8,1.67,1.0,-2.0,2.64,10
2024,11,Austrian_Grand_Prix,HAM,Mercedes,5.0,5.0,4.67,5.2,5.67,6.6,11.67,10.2,0.0,1.47,4
2024,11,Austrian_Grand_Prix,HUL,Haas F1 Team,9.0,9.0,11.0,11.0,16.33,13.6,0.0,0.0,2.0,0.0,6
2024,11,Austrian_Grand_Prix,LAW,,,,,,,,,,,,
2024,11,Austrian_Grand_Prix,LEC,Ferrari,6.0,6.0,3.0,3.0,5.67,4.4,11.67,13.0,0.0,1.41,11
2024,11,Austrian_Grand_Prix,MAG,Haas F1 Team,12.0,12.0,14.5,15.0,16.67,17.2,0.0,0.0,-1.0,3.08,8
2024,11,Austrian_Grand_Prix,NOR,McLaren,2.0,2.0,2.67,2.2,2.67,3.0,16.33,18.4,-1.0,0.98,20
2024,11,Austrian_Grand_Prix,OCO,Alpine,10.0,10.0,10.0,11.0,12.33,12.4,0.67,0.6,-2.0,1.73,12
2024,11,Austrian_Grand_Prix,PER,Red Bull Racing,8.0,8.0,8.0,6.67,14.33,11.6,1.33,4.0,3.0,1.89,7
2024,11,Austrian_Grand_Prix,PIA,McLaren,7.0,7.0,4.67,6.2,5.0,5.2,11.33,9.2,2.0,3.76,2
2024,11,Austrian_Grand_Prix,RIC,Racing Bulls,11.0,11.0,11.67,12.6,11.67,12.8,1.33,0.8,3.0,2.58,9
2024,11,Austrian_Grand_Prix,RUS,Mercedes,3.0,3.0,4.0,5.4,3.33,4.6,12.33,9.6,0.0,1.85,1
2024,11,Austrian_Grand_Prix,SAI,Ferrari,4.0,4.0,4.5,4.75,7.0,5.6,7.67,8.6,0.0,1.09,3
2024,11,Austrian_Grand_Prix,SAR,Williams,19.0,19.0,17.5,17.33,15.67,16.6,0.0,0.0,-1.0,2.05,19
2024,11,Austrian_Grand_Prix,STR,Aston Martin,17.0,17.0,11.67,12.2,12.0,12.0,2.0,1.6,0.0,3.66,13
2024,11,Austrian_Grand_Prix,TSU,Racing Bulls,14.0,14.0,13.67,11.6,11.0,10.0,1.33,2.2,-2.0,4.41,14
2024,11,Austrian_Grand_Prix,VER,Red Bull Racing,1.0,1.0,2.67,2.2,3.33,2.4,19.33,20.2,1.0,1.94,5
2024,11,Austrian_Grand_Prix,ZHO,Audi,20.0,20.0,14.67,14.6,17.67,17.8,0.0,0.0,2.0,1.02,17
2024,12,British_Grand_Prix,ALB,Williams,9.0,9.0,16.5,14.0,15.33,13.8,0.0,0.4,1.0,3.74,9
2024,12,British_Grand_Prix,ALO,Aston Martin,10.0,10.0,12.0,13.2,10.33,13.0,2.67,1.6,-3.0,4.79,8
2024,12,British_Grand_Prix,BEA,,,,,,,,,,,,
2024,12,British_Grand_Prix,BOT,Audi,16.0,16.0,15.0,15.2,16.33,16.4,0.0,0.0,2.0,1.94,15
2024,12,British_Grand_Prix,COL,,,,,,,,,,,,
2024,12,British_Grand_Prix,DOO,,,,,,,,,,,,
2024,12,British_Grand_Prix,GAS,Alpine,20.0,19.0,9.33,10.8,11.67,12.0,1.67,1.2,3.0,2.64,W
2024,12,British_Grand_Prix,HAM,Mercedes,2.0,2.0,3.67,4.8,5.0,6.0,13.33,11.0,1.0,1.47,1
2024,12,British_Grand_Prix,HUL,Haas F1 Team,6.0,6.0,9.33,9.75,13.0,13.6,2.67,1.6,3.0,2.17,6
2024,12,British_Grand_Prix,LAW,,,,,,,,,,,,
2024,12,British_Grand_Prix,LEC,Ferrari,11.0,11.0,8.0,5.0,7.33,5.2,3.33,10.0,-5.0,3.74,14
2024,12,British_Grand_Prix,MAG,Haas F1 Team,17.0,17.0,12.33,12.25,14.0,16.0,1.33,0.8,4.0,3.19,12
2024,12,British_Grand_Prix,NOR,McLaren,3.0,3.0,8.0,6.0,2.0,2.4,12.33,13.4,-18.0,7.04,3
2024,12,British_Grand_Prix,OCO,Alpine,18.0,18.0,10.67,11.5,12.0,11.8,0.67,0.4,-2.0,1.66,16
2024,12,British_Grand_Prix,PER,Red Bull Racing,19.0,20.0,7.5,7.67,11.67,12.4,3.33,2.8,1.0,0.47,17
2024,12,British_Grand_Prix,PIA,McLaren,5.0,5.0,4.67,4.0,6.67,5.4,11.33,12.8,5.0,1.9,4
2024,12,British_Grand_Prix,RIC,Racing Bulls,15.0,15.0,10.67,11.4,11.33,11.0,2.0,1.2,2.0,2.58,13
2024,12,British_Grand_Prix,RUS,Mercedes,1.0,1.0,2.67,4.0,2.67,3.8,17.33,13.8,2.0,2.0,R
2024,12,British_Grand_Prix,SAI,Ferrari,7.0,7.0,4.5,4.25,7.33,5.8,7.67,9.6,1.0,1.3,5
2024,12,British_Grand_Prix,SAR,Williams,12.0,12.0,19.5,17.75,17.0,17.0,0.0,0.0,0.0,1.92,11
2024,12,British_Grand_Prix,STR,Aston Martin,8.0,8.0,11.33,11.4,13.33,13.2,2.0,1.6,4.0,2.87,7
2024,12,British_Grand_Prix,TSU,Racing Bulls,13.0,13.0,15.67,13.0,13.0,10.8,0.0,1.0,0.0,3.79,10
2024,12,British_Grand_Prix,VER,Red Bull Racing,4.0,4.0,2.33,2.8,1.67,2.4,20.0,18.6,-4.0,2.23,2
2024,12,British_Grand_Prix,ZHO,Audi,14.0,14.0,15.0,15.2,18.33,18.0,0.0,0.0,3.0,1.33,18
2024,13,Hungarian_Grand_Prix,ALB,Williams,13.0,13.0,14.0,12.75,15.0,12.8,0.67,0.8,0.0,3.9,14
2024,13,Hungarian_Grand_Prix,ALO,Aston Martin,7.0,7.0,12.67,11.0,11.67,11.0,1.33,2.4,2.0,4.1,11
2024,13,Hungarian_Grand_Prix,BEA,,,,,,,,,,,,
2024,13,Hungarian_Grand_Prix,BOT,Audi,12.0,12.0,15.67,14.6,15.33,16.4,0.0,0.0,1.0,1.36,16
2024,13,Hungarian_Grand_Prix,COL,,,,,,,,,,,,
2024,13,Hungarian_Grand_Prix,DOO,,,,,,,,,,,,
2024,13,Hungarian_Grand_Prix,GAS,Alpine,20.0,20.0,9.5,9.5,13.0,12.8,1.0,1.2,,0.5,R
2024,13,Hungarian_Grand_Prix,HAM,Mercedes,5.0,5.0,2.67,3.8,3.33,4.8,17.33,14.4,1.0,1.94,3
2024,13,Hungarian_Grand_Prix,HUL,Haas F1 Team,11.0,11.0,7.67,8.5,9.33,12.8,5.33,3.2,0.0,2.5,13
2024,13,Hungarian_Grand_Prix,LAW,,,,,,,,,,,,
2024,13,Hungarian_Grand_Prix,LEC,Ferrari,6.0,6.0,10.0,7.75,7.33,6.8,3.33,7.0,-3.0,5.07,4
2024,13,Hungarian_Grand_Prix,MAG,Haas F1 Team,15.0,15.0,12.33,12.25,15.0,15.8,1.33,0.8,5.0,3.19,15
2024,13,Hungarian_Grand_Prix,NOR,McLaren,1.0,1.0,8.33,6.2,2.0,2.6,11.33,12.8,0.0,6.94,2
2024,13,Hungarian_Grand_Prix,OCO,Alpine,19.0,19.0,12.67,12.0,12.0,13.0,0.33,0.4,2.0,2.45,18
2024,13,Hungarian_Grand_Prix,PER,Red Bull Racing,16.0,16.0,10.67,10.67,13.0,14.2,3.33,2.0,3.0,4.5,7
2024,13,Hungarian_Grand_Prix,PIA,McLaren,2.0,2.0,4.33,4.0,7.0,5.4,12.0,12.8,1.0,1.9,1
2024,13,Hungarian_Grand_Prix,RIC,Racing Bulls,9.0,9.0,12.33,11.4,14.67,12.2,0.67,1.2,2.0,2.58,12
2024,13,Hungarian_Grand_Prix,RUS,Mercedes,17.0,17.0,2.5,3.25,2.67,2.8,12.33,12.4,,1.48,8
2024,13,Hungarian_Grand_Prix,SAI,Ferrari,4.0,4.0,4.67,4.25,5.67,6.4,11.33,9.8,2.0,1.3,6
2024,13,Hungarian_Grand_Prix,SAR,Williams,14.0,14.0,16.67,16.25,16.67,15.6,0.0,0.0,1.0,3.56,17
2024,13,Hungarian_Grand_Prix,STR,Aston Martin,8.0,8.0,11.33,11.0,13.0,12.2,2.0,2.4,1.0,3.29,10
2024,13,Hungarian_Grand_Prix,TSU,Racing Bulls,10.0,10.0,14.33,13.0,14.67,12.0,0.33,1.0,3.0,3.79,9
2024,13,Hungarian_Grand_Prix,VER,Red Bull Racing,3.0,3.0,2.67,3.0,2.33,3.0,17.67,17.2,2.0,2.1,5
2024,13,Hungarian_Grand_Prix,ZHO,Audi,18.0,18.0,16.0,15.8,16.33,17.4,0.0,0.0,-4.0,1.72,19
2024,14,Belgian_Grand_Prix,ALB,Williams,11.0,10.0,12.67,14.0,12.67,13.6,0.67,0.4,-1.0,3.24,12
2024,14,Belgian_Grand_Prix,ALO,Aston Martin,9.0,8.0,12.33,11.0,10.67,9.6,1.33,2.4,-4.0,4.1,8
2024,14,Belgian_Grand_Prix,BEA,,,,,,,,,,,,
2024,14,Belgian_Grand_Prix,BOT,Audi,14.0,14.0,15.67,15.2,15.33,15.4,0.0,0.0,-4.0,1.17,15
2024,14,Belgian_Grand_Prix,COL,,,,,,,,,,,,
2024,14,Belgian_Grand_Prix,DOO,,,,,,,,,,,,
2024,14,Belgian_Grand_Prix,GAS,Alpine,12.0,12.0,10.0,9.33,17.33,14.8,0.33,1.0,,0.47,13
2024,14,Belgian_Grand_Prix,HAM,Mercedes,4.0,3.0,2.67,3.0,4.0,4.4,17.33,16.0,2.0,1.1,1
2024,14,Belgian_Grand_Prix,HUL,Haas F1 Team,16.0,16.0,8.33,9.4,8.67,11.2,5.33,3.2,-2.0,2.87,18
2024,14,Belgian_Grand_Prix,LAW,,,,,,,,,,,,
2024,14,Belgian_Grand_Prix,LEC,Ferrari,2.0,1.0,9.67,8.5,7.67,7.8,4.0,4.4,2.0,4.15,3
2024,14,Belgian_Grand_Prix,MAG,Haas F1 Team,17.0,17.0,11.67,12.8,14.67,14.8,1.33,0.8,0.0,3.06,14
2024,14,Belgian_Grand_Prix,NOR,McLaren,5.0,4.0,8.33,5.8,2.0,2.0,11.0,14.0,-1.0,7.11,5
2024,14,Belgian_Grand_Prix,OCO,Alpine,10.0,9.0,15.33,13.2,15.67,14.6,0.0,0.4,1.0,3.25,9
2024,14,Belgian_Grand_Prix,PER,Red Bull Racing,3.0,2.0,10.33,9.75,14.67,14.2,4.0,3.2,9.0,4.21,7
2024,14,Belgian_Grand_Prix,PIA,McLaren,6.0,5.0,2.33,3.8,4.67,5.4,18.33,14.2,1.0,2.14,2
2024,14,Belgian_Grand_Prix,RIC,Racing Bulls,13.0,13.0,11.33,11.4,11.67,11.6,0.67,1.2,-3.0,2.58,10
2024,14,Belgian_Grand_Prix,RUS,Mercedes,7.0,6.0,4.5,4.0,7.0,5.2,10.0,11.4,9.0,2.55,20
2024,14,Belgian_Grand_Prix,SAI,Ferrari,8.0,7.0,4.67,5.0,5.0,6.6,11.33,8.4,-2.0,1.22,6
2024,14,Belgian_Grand_Prix,SAR,Williams,19.0,18.0,15.67,16.75,15.0,15.4,0.0,0.0,-3.0,3.49,17
2024,14,Belgian_Grand_Prix,STR,Aston Martin,15.0,15.0,10.0,10.2,11.0,11.2,2.33,2.6,-2.0,2.93,11
2024,14,Belgian_Grand_Prix,TSU,Racing Bulls,18.0,20.0,11.0,13.2,12.33,12.4,1.0,0.6,1.0,3.54,16
2024,14,Belgian_Grand_Prix,VER,Red Bull Racing,1.0,11.0,4.0,2.8,2.67,2.4,12.67,17.6,-2.0,1.83,4
2024,14,Belgian_Grand_Prix,ZHO,Audi,20.0,19.0,18.0,16.4,17.33,17.4,0.0,0.0,-1.0,2.15,R
2024,15,Dutch_Grand_Prix,ALB,Williams,10.0,19.0,11.67,13.6,10.67,13.6,0.67,0.4,-2.0,3.01,14
2024,15,Dutch_Grand_Prix,ALO,Aston Martin,7.0,7.0,9.0,11.4,8.33,10.0,2.67,1.6,0.0,3.67,10
2024,15,Dutch_Grand_Prix,BEA,,,,,,,,,,,,
2024,15,Dutch_Grand_Prix,BOT,Audi,17.0,16.0,15.33,15.6,14.0,14.4,0.0,0.0,-1.0,0.49,19
2024,15,Dutch_Grand_Prix,COL,,,,,,,,,,,,
2024,15,Dutch_Grand_Prix,DOO,,,,,,,,,,,,
2024,15,Dutch_Grand_Prix,GAS,Alpine,9.0,9.0,13.0,10.67,17.0,14.2,0.0,0.6,-1.0,1.7,9
2024,15,Dutch_Grand_Prix,HAM,Mercedes,11.0,14.0,1.67,2.4,3.33,3.6,21.67,18.4,2.0,1.2,8
2024,15,Dutch_Grand_Prix,HUL,Haas F1 Team,13.0,12.0,12.33,10.8,11.0,11.0,2.67,3.2,-2.0,4.53,11
2024,15,Dutch_Grand_Prix,LAW,,,,,,,,,,,,
2024,15,Dutch_Grand_Prix,LEC,Ferrari,6.0,6.0,7.0,7.4,6.0,5.8,9.0,7.4,-2.0,4.32,3
2024,15,Dutch_Grand_Prix,MAG,Haas F1 Team,14.0,20.0,13.67,13.2,16.33,15.4,0.0,0.8,3.0,3.06,18
2024,15,Dutch_Grand_Prix,NOR,McLaren,1.0,1.0,3.33,6.4,2.67,2.2,14.33,12.4,-1.0,6.89,1
2024,15,Dutch_Grand_Prix,OCO,Alpine,16.0,15.0,14.33,13.0,15.33,12.8,0.67,0.6,0.0,3.46,15
2024,15,Dutch_Grand_Prix,PER,Red Bull Racing,5.0,5.0,10.33,9.2,12.67,11.4,4.33,4.6,-5.0,3.92,6
2024,15,Dutch_Grand_Prix,PIA,McLaren,3.0,3.0,2.33,3.2,4.0,5.6,18.33,15.8,3.0,2.14,4
2024,15,Dutch_Grand_Prix,RIC,Racing Bulls,15.0,13.0,11.67,11.8,12.33,13.2,0.33,0.6,3.0,2.14,12
2024,15,Dutch_Grand_Prix,RUS,Mercedes,4.0,4.0,14.0,8.25,8.0,6.2,1.67,8.4,-14.0,7.22,7
2024,15,Dutch_Grand_Prix,SAI,Ferrari,10.0,10.0,5.67,5.2,6.0,5.6,9.0,10.0,1.0,1.17,5
2024,15,Dutch_Grand_Prix,SAR,Williams,20.0,18.0,15.0,16.8,14.67,16.4,0.0,0.0,1.0,3.12,16
2024,15,Dutch_Grand_Prix,STR,Aston Martin,8.0,8.0,9.33,11.0,10.33,12.4,2.33,1.4,4.0,2.45,13
2024,15,Dutch_Grand_Prix,TSU,Racing Bulls,12.0,11.0,11.67,13.6,14.33,14.8,1.0,0.6,4.0,3.72,17
2024,15,Dutch_Grand_Prix,VER,Red Bull Racing,2.0,2.0,3.67,3.4,6.0,4.2,13.33,15.0,7.0,1.62,2
2024,15,Dutch_Grand_Prix,ZHO,Audi,18.0,17.0,18.5,16.75,17.0,17.2,0.0,0.0,,2.28,20
2024,16,Italian_Grand_Prix,ALB,Williams,9.0,9.0,13.33,12.8,14.0,13.4,0.0,0.4,5.0,2.14,9
2024,16,Italian_Grand_Prix,ALO,Aston Martin,11.0,11.0,9.67,11.0,7.33,9.4,1.67,1.8,-3.0,3.69,11
2024,16,Italian_Grand_Prix,BEA,,,,,,,,,,,,
2024,16,Italian_Grand_Prix,BOT,Audi,19.0,19.0,16.67,16.2,14.0,15.2,0.0,0.0,-3.0,1.47,16
2024,16,Italian_Grand_Prix,COL,Williams,18.0,18.0,,,,,,,,,12
2024,16,Italian_Grand_Prix,DOO,,,,,,,,,,,,
2024,16,Italian_Grand_Prix,GAS,Alpine,14.0,14.0,11.0,10.67,13.67,14.6,0.67,0.6,0.0,1.7,15
2024,16,Italian_Grand_Prix,HAM,Mercedes,6.0,6.0,4.0,3.4,7.33,5.8,14.67,16.2,6.0,2.58,5
2024,16,Italian_Grand_Prix,HUL,Haas F1 Team,10.0,10.0,14.0,10.8,13.0,10.8,0.0,3.2,1.0,4.53,17
2024,16,Italian_Grand_Prix,LAW,,,,,,,,,,,,
2024,16,Italian_Grand_Prix,LEC,Ferrari,4.0,4.0,3.33,7.0,4.33,6.0,14.0,8.4,3.0,4.6,1
2024,16,Italian_Grand_Prix,MAG,Haas F1 Team,13.0,13.0,15.67,13.4,17.33,16.2,0.0,0.8,2.0,3.32,10
2024,16,Italian_Grand_Prix,NOR,McLaren,1.0,1.0,2.67,6.2,2.0,2.2,18.0,13.8,0.0,7.03,3
2024,16,Italian_Grand_Prix,OCO,Alpine,15.0,15.0,14.0,14.0,14.33,14.2,0.67,0.4,0.0,3.16,14
2024,16,Italian_Grand_Prix,PER,Red Bull Racing,8.0,8.0,6.67,8.8,7.67,10.2,7.0,5.4,-1.0,4.12,8
2024,16,Italian_Grand_Prix,PIA,McLaren,2.0,2.0,2.33,2.6,3.33,4.4,18.33,17.0,-1.0,1.2,2
2024,16,Italian_Grand_Prix,RIC,Racing Bulls,12.0,12.0,11.33,11.2,11.67,12.2,0.33,0.6,1.0,1.47,13
2024,16,Italian_Grand_Prix,RUS,Mercedes,3.0,3.0,11.67,9.0,9.0,6.2,3.67,7.2,-3.0,6.89,7
2024,16,Italian_Grand_Prix,SAI,Ferrari,5.0,5.0,5.67,5.0,7.0,6.4,8.67,10.4,5.0,1.1,4
2024,16,Italian_Grand_Prix,SAR,,,,16.67,16.0,16.67,16.2,0.0,0.0,2.0,2.68,
2024,16,Italian_Grand_Prix,STR,Aston Martin,17.0,17.0,11.33,10.8,10.33,11.2,0.33,1.4,-5.0,2.23,19
2024,16,Italian_Grand_Prix,TSU,Racing Bulls,16.0,16.0,14.0,13.2,13.67,13.6,0.67,0.6,-6.0,3.19,R
2024,16,Italian_Grand_Prix,VER,Red Bull Racing,7.0,7.0,3.67,3.6,5.33,4.2,13.33,13.6,0.0,1.36,6
2024,16,Italian_Grand_Prix,ZHO,Audi,20.0,20.0,19.5,18.5,18.0,17.6,0.0,0.0,-3.0,1.12,18
2024,17,Azerbaijan_Grand_Prix,ALB,Williams,10.0,9.0,11.67,11.6,12.67,12.0,0.67,0.8,0.0,2.24,7
2024,17,Azerbaijan_Grand_Prix,ALO,Aston Martin,8.0,7.0,9.67,9.6,8.67,8.6,1.67,1.8,0.0,1.36,6
2024,17,Azerbaijan_Grand_Prix,BEA,Haas F1 Team,11.0,10.0,,,,,,,,,10
2024,17,Azerbaijan_Grand_Prix,BOT,Audi,17.0,16.0,16.67,16.2,16.33,15.4,0.0,0.0,3.0,1.47,16
2024,17,Azerbaijan_Grand_Prix,COL,Williams,9.0,8.0,12.0,12.0,18.0,18.0,0.0,0.0,6.0,0.0,8
2024,17,Azerbaijan_Grand_Prix,DOO,,,,,,,,,,,,
2024,17,Azerbaijan_Grand_Prix,GAS,Alpine,15.0,18.0,12.33,12.33,11.67,14.8,0.67,0.4,-1.0,2.49,12
2024,17,Azerbaijan_Grand_Prix,HAM,Mercedes,7.0,19.0,4.67,3.6,7.67,6.0,13.0,15.8,1.0,2.65,9
2024,17,Azerbaijan_Grand_Prix,HUL,Haas F1 Team,13.0,12.0,15.33,13.0,12.67,11.0,0.0,1.6,-7.0,4.34,11
2024,17,Azerbaijan_Grand_Prix,LAW,,,,,,,,,,,,
2024,17,Azerbaijan_Grand_Prix,LEC,Ferrari,1.0,1.0,2.33,5.0,3.67,5.6,18.33,13.4,3.0,4.6,2
2024,17,Azerbaijan_Grand_Prix,MAG,,,,14.0,13.8,16.67,16.4,0.33,0.2,3.0,2.71,
2024,17,Azerbaijan_Grand_Prix,NOR,McLaren,16.0,15.0,3.0,2.8,2.0,2.0,17.33,17.0,-2.0,1.33,4
2024,17,Azerbaijan_Grand_Prix,OCO,Alpine,19.0,20.0,12.67,14.4,13.0,15.2,0.67,0.4,1.0,3.01,15
2024,17,Azerbaijan_Grand_Prix,PER,Red Bull Racing,4.0,4.0,7.0,9.0,5.0,10.2,6.33,5.0,0.0,4.05,17
2024,17,Azerbaijan_Grand_Prix,PIA,McLaren,2.0,2.0,2.67,2.6,3.33,3.4,16.0,17.0,0.0,1.2,1
2024,17,Azerbaijan_Grand_Prix,RIC,Racing Bulls,15.0,14.0,11.67,12.0,12.67,12.4,0.33,0.2,-1.0,1.1,13
2024,17,Azerbaijan_Grand_Prix,RUS,Mercedes,5.0,5.0,11.33,10.5,4.33,6.2,4.0,3.4,-4.0,5.5,3
2024,17,Azerbaijan_Grand_Prix,SAI,Ferrari,3.0,3.0,5.0,5.2,7.33,6.6,10.0,9.8,1.0,0.75,18
2024,17,Azerbaijan_Grand_Prix,SAR,,,,16.5,15.25,18.0,15.5,0.0,0.0,,2.49,
2024,17,Azerbaijan_Grand_Prix,STR,Aston Martin,14.0,13.0,14.33,12.0,13.33,11.2,0.0,1.4,-2.0,4.0,19
2024,17,Azerbaijan_Grand_Prix,TSU,Racing Bulls,12.0,11.0,16.5,13.0,15.67,14.0,0.0,0.6,,3.54,R
2024,17,Azerbaijan_Grand_Prix,VER,Red Bull Racing,6.0,6.0,4.0,3.8,6.67,5.4,12.67,13.2,1.0,1.6,5
2024,17,Azerbaijan_Grand_Prix,ZHO,Audi,18.0,17.0,19.0,18.75,18.67,17.6,0.0,0.0,2.0,0.83,14
2024,18,Singapore_Grand_Prix,ALB,Williams,11.0,11.0,10.0,11.2,12.33,12.0,2.67,1.6,2.0,2.79,R
2024,18,Singapore_Grand_Prix,ALO,Aston Martin,7.0,7.0,9.0,9.2,8.33,8.0,3.0,2.6,1.0,1.94,8
2024,18,Singapore_Grand_Prix,BEA,,,,10.0,10.0,10.0,10.0,1.0,1.0,0.0,0.0,
2024,18,Singapore_Grand_Prix,BOT,Audi,19.0,19.0,17.0,16.4,17.0,15.4,0.0,0.0,0.0,1.36,16
2024,18,Singapore_Grand_Prix,COL,Williams,12.0,12.0,10.0,10.0,13.0,13.0,2.0,2.0,0.0,2.0,11
2024,18,Singapore_Grand_Prix,DOO,,,,,,,,,,,,
2024,18,Singapore_Grand_Prix,GAS,Alpine,18.0,18.0,12.0,12.25,13.67,14.6,0.67,0.4,6.0,2.17,17
2024,18,Singapore_Grand_Prix,HAM,Mercedes,3.0,3.0,7.33,5.2,13.0,9.4,5.33,11.2,10.0,2.99,6
2024,18,Singapore_Grand_Prix,HUL,Haas F1 Team,6.0,6.0,13.0,14.0,11.33,12.2,0.0,0.0,1.0,2.97,9
2024,18,Singapore_Grand_Prix,LAW,,,,,,,,,,,,
2024,18,Singapore_Grand_Prix,LEC,Ferrari,9.0,9.0,2.0,2.6,3.67,3.6,19.33,17.0,-1.0,1.02,5
2024,18,Singapore_Grand_Prix,MAG,Haas F1 Team,14.0,14.0,14.0,14.25,16.5,16.25,0.5,0.25,,2.86,19
2024,18,Singapore_Grand_Prix,NOR,McLaren,1.0,1.0,2.67,3.0,5.67,4.4,18.33,16.6,11.0,1.41,1
2024,18,Singapore_Grand_Prix,OCO,Alpine,15.0,15.0,14.67,14.2,16.67,15.6,0.0,0.4,5.0,2.93,13
2024,18,Singapore_Grand_Prix,PER,Red Bull Racing,13.0,13.0,10.33,9.0,5.67,7.0,4.0,5.0,-13.0,4.05,10
2024,18,Singapore_Grand_Prix,PIA,McLaren,5.0,5.0,2.33,2.0,2.33,2.8,18.33,19.6,1.0,1.1,3
2024,18,Singapore_Grand_Prix,RIC,Racing Bulls,16.0,16.0,12.67,12.0,13.0,12.2,0.0,0.2,1.0,1.1,18
2024,18,Singapore_Grand_Prix,RUS,Mercedes,4.0,4.0,5.67,9.0,4.0,7.0,9.0,6.4,2.0,5.76,4
2024,18,Singapore_Grand_Prix,SAI,Ferrari,10.0,10.0,9.0,7.8,6.0,5.8,7.33,7.6,-15.0,5.15,7
2024,18,Singapore_Grand_Prix,SAR,,,,16.0,16.67,18.0,16.67,0.0,0.0,,0.47,
2024,18,Singapore_Grand_Prix,STR,Aston Martin,17.0,17.0,17.0,14.4,12.67,12.2,0.0,0.2,-6.0,3.88,14
2024,18,Singapore_Grand_Prix,TSU,Racing Bulls,8.0,8.0,17.0,14.0,12.67,13.6,0.0,0.4,,3.56,12
2024,18,Singapore_Grand_Prix,VER,Red Bull Racing,2.0,2.0,4.33,4.4,5.0,5.8,12.0,11.6,1.0,1.36,2
2024,18,Singapore_Grand_Prix,ZHO,Audi,20.0,20.0,17.33,17.75,18.0,18.2,0.0,0.0,3.0,2.28,15
2024,19,United_States_Grand_Prix,ALB,Williams,16.0,14.0,8.0,10.5,9.67,11.6,2.67,1.6,,2.69,16
2024,19,United_States_Grand_Prix,ALO,Aston Martin,8.0,7.0,8.33,8.6,8.33,8.0,4.0,3.4,-1.0,1.74,13
2024,19,United_States_Grand_Prix,BEA,,,,10.0,10.0,10.0,10.0,1.0,1.0,,0.0,
2024,19,United_States_Grand_Prix,BOT,Audi,18.0,16.0,16.0,16.4,18.0,16.8,0.0,0.0,3.0,1.36,17
2024,19,United_States_Grand_Prix,COL,Williams,17.0,15.0,10.33,10.33,12.67,12.67,1.33,1.33,1.0,1.7,10
2024,19,United_States_Grand_Prix,DOO,,,,,,,,,,,,
2024,19,United_States_Grand_Prix,GAS,Alpine,7.0,6.0,14.67,13.2,16.67,14.2,0.0,0.4,1.0,2.71,12
2024,19,United_States_Grand_Prix,HAM,Mercedes,19.0,17.0,6.67,5.8,9.33,9.0,6.67,9.8,-3.0,2.79,R
2024,19,United_States_Grand_Prix,HUL,Haas F1 Team,12.0,11.0,12.33,13.2,9.33,11.2,0.67,0.4,-3.0,3.6,8
2024,19,United_States_Grand_Prix,LAW,Racing Bulls,15.0,19.0,,,,,,,,,9
2024,19,United_States_Grand_Prix,LEC,Ferrari,4.0,4.0,2.67,2.8,4.67,4.2,17.67,16.6,4.0,1.33,1
2024,19,United_States_Grand_Prix,MAG,Haas F1 Team,9.0,8.0,14.5,15.25,13.5,16.0,0.5,0.25,-5.0,3.56,11
2024,19,United_States_Grand_Prix,NOR,McLaren,1.0,1.0,2.67,2.8,5.67,4.4,18.0,18.0,0.0,1.6,4
2024,19,United_States_Grand_Prix,OCO,Alpine,13.0,12.0,14.0,13.2,16.67,14.8,0.0,0.4,2.0,2.23,18
2024,19,United_States_Grand_Prix,PER,Red Bull Racing,10.0,9.0,11.67,9.6,8.33,6.4,1.67,4.0,3.0,3.93,7
2024,19,United_States_Grand_Prix,PIA,McLaren,5.0,5.0,2.0,2.4,3.0,3.4,19.33,17.6,2.0,1.02,5
2024,19,United_States_Grand_Prix,RIC,,,,14.67,13.2,14.0,13.6,0.0,0.2,-2.0,2.64,
2024,19,United_States_Grand_Prix,RUS,Mercedes,6.0,20.0,4.67,8.2,4.0,4.4,11.0,7.8,0.0,6.11,6
2024,19,United_States_Grand_Prix,SAI,Ferrari,3.0,3.0,9.67,8.0,6.0,7.0,6.0,7.2,3.0,5.1,2
2024,19,United_States_Grand_Prix,SAR,,,,,16.5,,18.0,,0.0,,0.5,
2024,19,United_States_Grand_Prix,STR,Aston Martin,14.0,13.0,17.33,15.2,15.67,14.0,0.0,0.0,3.0,3.25,15
2024,19,United_States_Grand_Prix,TSU,Racing Bulls,11.0,10.0,12.0,15.0,11.67,13.2,0.0,0.0,-4.0,2.16,14
2024,19,United_States_Grand_Prix,VER,Red Bull Racing,2.0,2.0,4.33,3.8,5.0,5.6,12.0,13.2,0.0,1.6,3
2024,19,United_States_Grand_Prix,ZHO,Audi,20.0,18.0,15.67,16.75,19.0,18.6,0.0,0.0,5.0,2.38,19
2024,20,Mexico_City_Grand_Prix,ALB,Williams,9.0,9.0,11.5,11.5,11.33,12.4,2.0,1.6,-2.0,3.64,R
2024,20,Mexico_City_Grand_Prix,ALO,Aston Martin,13.0,13.0,9.0,9.6,7.0,7.8,4.0,2.6,-6.0,2.42,R
2024,20,Mexico_City_Grand_Prix,BEA,,,,10.0,10.0,10.0,10.0,1.0,1.0,,0.0,
2024,20,Mexico_City_Grand_Prix,BOT,Audi,15.0,15.0,16.33,16.8,17.0,17.2,0.0,0.0,-1.0,1.17,14
2024,20,Mexico_City_Grand_Prix,COL,Williams,16.0,16.0,9.67,10.25,11.67,13.25,1.67,1.25,5.0,1.48,12
2024,20,Mexico_City_Grand_Prix,DOO,,,,,,,,,,,,
2024,20,Mexico_City_Grand_Prix,GAS,Alpine,8.0,8.0,13.67,13.0,14.0,13.0,0.0,0.4,-6.0,2.76,10
2024,20,Mexico_City_Grand_Prix,HAM,Mercedes,6.0,6.0,7.5,7.0,13.0,11.8,3.33,4.8,,1.58,4
2024,20,Mexico_City_Grand_Prix,HUL,Haas F1 Team,10.0,10.0,9.33,11.2,9.67,10.2,2.0,1.2,3.0,3.12,9
2024,20,Mexico_City_Grand_Prix,LAW,Racing Bulls,12.0,12.0,9.0,9.0,19.0,19.0,2.0,2.0,10.0,0.0,16
2024,20,Mexico_City_Grand_Prix,LEC,Ferrari,4.0,4.0,2.67,2.4,4.67,4.8,17.67,18.6,3.0,1.5,3
2024,20,Mexico_City_Grand_Prix,MAG,Haas F1 Team,7.0,7.0,15.0,14.5,11.0,13.75,0.0,0.25,-3.0,4.03,7
2024,20,Mexico_City_Grand_Prix,NOR,McLaren,3.0,3.0,3.0,2.6,5.67,3.8,16.67,18.4,-3.0,1.36,2
2024,20,Mexico_City_Grand_Prix,OCO,Alpine,19.0,0.0,15.33,15.0,15.67,15.4,0.0,0.0,-6.0,1.67,13
2024,20,Mexico_City_Grand_Prix,PER,Red Bull Racing,18.0,18.0,11.33,9.6,8.67,7.8,2.33,3.8,2.0,3.93,17
2024,20,Mexico_City_Grand_Prix,PIA,McLaren,17.0,17.0,3.0,3.0,4.0,3.4,16.67,16.0,0.0,1.41,8
2024,20,Mexico_City_Grand_Prix,RIC,,,,15.5,14.0,15.0,13.75,0.0,0.0,,2.35,
2024,20,Mexico_City_Grand_Prix,RUS,Mercedes,5.0,5.0,4.33,5.4,9.67,7.2,11.67,9.4,14.0,1.62,5
2024,20,Mexico_City_Grand_Prix,SAI,Ferrari,1.0,1.0,9.0,7.2,5.33,6.2,8.0,9.2,1.0,5.64,1
2024,20,Mexico_City_Grand_Prix,SAR,,,,,16.0,,18.0,,0.0,,0.0,
2024,20,Mexico_City_Grand_Prix,STR,Aston Martin,14.0,14.0,16.0,16.0,14.33,13.6,0.0,0.0,-2.0,2.53,11
2024,20,Mexico_City_Grand_Prix,TSU,Racing Bulls,11.0,11.0,13.0,14.33,9.67,11.2,0.0,0.0,-4.0,2.05,R
2024,20,Mexico_City_Grand_Prix,VER,Red Bull Racing,2.0,2.0,3.33,3.6,3.33,3.8,14.33,13.8,-1.0,1.62,6
2024,20,Mexico_City_Grand_Prix,ZHO,Audi,20.0,19.0,16.0,17.2,18.33,18.4,0.0,0.0,-1.0,2.32,15
2024,21,São_Paulo_Grand_Prix,ALB,Williams,7.0,7.0,16.0,10.67,11.33,10.4,0.0,1.6,,3.86,W
2024,21,São_Paulo_Grand_Prix,ALO,Aston Martin,9.0,9.0,10.5,9.5,9.0,9.0,1.33,2.4,,2.69,14
2024,21,São_Paulo_Grand_Prix,BEA,Haas F1 Team,17.0,15.0,,10.0,,10.0,,1.0,,0.0,12
2024,21,São_Paulo_Grand_Prix,BOT,Audi,11.0,11.0,15.67,15.8,16.67,17.0,0.0,0.0,1.0,0.98,13
2024,21,São_Paulo_Grand_Prix,COL,Williams,18.0,16.0,11.0,10.6,14.33,13.8,0.33,1.0,4.0,1.5,R
2024,21,São_Paulo_Grand_Prix,DOO,,,,,,,,,,,,
2024,21,São_Paulo_Grand_Prix,GAS,Alpine,15.0,13.0,13.0,13.2,10.67,12.8,0.33,0.2,-2.0,2.48,3
2024,21,São_Paulo_Grand_Prix,HAM,Mercedes,16.0,14.0,5.0,6.0,8.67,10.2,6.67,6.4,2.0,1.87,10
2024,21,São_Paulo_Grand_Prix,HUL,Haas F1 Team,19.0,18.0,8.67,10.8,9.0,9.8,2.67,1.6,1.0,3.25,D
2024,21,São_Paulo_Grand_Prix,LAW,Racing Bulls,5.0,5.0,12.5,12.5,15.5,15.5,1.0,1.0,-4.0,3.5,9
2024,21,São_Paulo_Grand_Prix,LEC,Ferrari,6.0,6.0,3.0,2.4,5.67,4.4,17.0,18.8,1.0,1.5,5
2024,21,São_Paulo_Grand_Prix,MAG,,,,12.33,11.75,9.67,10.5,2.0,1.75,0.0,4.44,
2024,21,São_Paulo_Grand_Prix,NOR,McLaren,1.0,1.0,2.33,2.8,1.67,4.2,18.33,16.8,1.0,1.17,6
2024,21,São_Paulo_Grand_Prix,OCO,Alpine,4.0,4.0,14.67,14.6,9.0,12.4,0.0,0.0,-13.0,1.85,2
2024,21,São_Paulo_Grand_Prix,PER,Red Bull Racing,13.0,12.0,11.33,11.8,13.33,10.4,2.33,2.2,1.0,4.35,11
2024,21,São_Paulo_Grand_Prix,PIA,McLaren,8.0,8.0,5.33,3.8,9.0,6.2,9.67,14.4,9.0,2.48,8
2024,21,São_Paulo_Grand_Prix,RIC,,,,18.0,14.67,16.0,14.0,0.0,0.0,,2.36,
2024,21,São_Paulo_Grand_Prix,RUS,Mercedes,2.0,2.0,5.0,5.0,9.67,7.4,10.0,10.2,0.0,1.41,4
2024,21,São_Paulo_Grand_Prix,SAI,Ferrari,14.0,20.0,3.33,6.4,4.67,4.4,16.33,12.2,0.0,6.15,R
2024,21,São_Paulo_Grand_Prix,SAR,,,,,,,,,,,,
2024,21,São_Paulo_Grand_Prix,STR,Aston Martin,10.0,10.0,13.33,15.6,14.67,14.8,0.0,0.0,3.0,3.07,W
2024,21,São_Paulo_Grand_Prix,TSU,Racing Bulls,3.0,3.0,13.0,13.0,9.67,11.2,0.0,0.0,,1.0,7
2024,21,São_Paulo_Grand_Prix,VER,Red Bull Racing,12.0,17.0,3.67,4.4,2.0,3.8,13.67,11.8,-4.0,1.62,1
2024,21,São_Paulo_Grand_Prix,ZHO,Audi,20.0,19.0,16.33,16.2,19.0,18.8,0.0,0.0,4.0,1.94,15
2024,22,Las_Vegas_Grand_Prix,ALB,Williams,18.0,17.0,16.0,11.5,10.0,10.0,0.0,1.2,,4.5,R
2024,22,Las_Vegas_Grand_Prix,ALO,Aston Martin,17.0,16.0,13.5,10.25,9.67,8.6,0.0,2.4,-5.0,3.34,11
2024,22,Las_Vegas_Grand_Prix,BEA,,,,12.0,11.0,15.0,12.5,0.0,0.5,3.0,1.0,
2024,22,Las_Vegas_Grand_Prix,BOT,Audi,19.0,19.0,14.67,15.2,14.0,15.4,0.0,0.0,-2.0,1.47,18
2024,22,Las_Vegas_Grand_Prix,COL,Williams,14.0,20.0,11.0,10.25,15.67,13.4,0.33,1.0,,1.48,14
2024,22,Las_Vegas_Grand_Prix,DOO,,,,,,,,,,,,
2024,22,Las_Vegas_Grand_Prix,GAS,Alpine,3.0,3.0,8.33,10.8,9.0,12.6,5.33,3.2,10.0,4.53,R
2024,22,Las_Vegas_Grand_Prix,HAM,Mercedes,10.0,10.0,7.0,7.25,12.33,11.8,4.33,4.6,4.0,2.38,2
2024,22,Las_Vegas_Grand_Prix,HUL,Haas F1 Team,9.0,9.0,8.5,9.25,13.0,11.4,2.0,1.6,,1.09,8
2024,22,Las_Vegas_Grand_Prix,LAW,Racing Bulls,15.0,14.0,11.33,11.33,12.0,12.0,1.33,1.33,-4.0,3.3,16
2024,22,Las_Vegas_Grand_Prix,LEC,Ferrari,4.0,4.0,3.0,3.2,4.67,4.8,17.0,15.8,1.0,1.6,4
2024,22,Las_Vegas_Grand_Prix,MAG,Haas F1 Team,12.0,12.0,9.0,12.33,7.5,9.67,3.0,2.0,,4.99,12
2024,22,Las_Vegas_Grand_Prix,NOR,McLaren,6.0,6.0,4.0,3.4,1.67,4.2,12.67,15.2,-5.0,1.74,6
2024,22,Las_Vegas_Grand_Prix,OCO,Alpine,11.0,11.0,11.0,12.2,5.33,10.2,6.0,3.6,2.0,5.42,17
2024,22,Las_Vegas_Grand_Prix,PER,Red Bull Racing,16.0,15.0,11.67,12.4,13.0,11.2,2.0,1.4,1.0,3.98,10
2024,22,Las_Vegas_Grand_Prix,PIA,McLaren,8.0,8.0,7.0,5.0,10.0,7.4,6.0,11.6,0.0,2.76,7
2024,22,Las_Vegas_Grand_Prix,RIC,,,,,15.5,,15.0,,0.0,,2.5,
2024,22,Las_Vegas_Grand_Prix,RUS,Mercedes,1.0,1.0,5.0,4.4,9.0,7.2,10.0,11.4,-2.0,1.02,1
2024,22,Las_Vegas_Grand_Prix,SAI,Ferrari,2.0,2.0,1.5,7.0,8.0,7.4,14.33,9.8,,6.75,3
2024,22,Las_Vegas_Grand_Prix,SAR,,,,,,,,,,,,
2024,22,Las_Vegas_Grand_Prix,STR,Aston Martin,20.0,18.0,13.0,14.75,12.33,13.4,0.0,0.0,,2.86,15
2024,22,Las_Vegas_Grand_Prix,TSU,Racing Bulls,7.0,7.0,10.5,11.0,8.0,8.6,2.0,1.2,-4.0,2.94,9
2024,22,Las_Vegas_Grand_Prix,VER,Red Bull Racing,5.0,5.0,3.33,3.4,7.0,5.8,16.33,15.4,16.0,1.85,5
2024,22,Las_Vegas_Grand_Prix,ZHO,Audi,13.0,13.0,16.33,15.6,18.67,18.6,0.0,0.0,4.0,1.74,13
2024,23,Qatar_Grand_Prix,ALB,Williams,16.0,16.0,,16.0,11.0,11.6,0.0,0.0,,0.0,15
2024,23,Qatar_Grand_Prix,ALO,Aston Martin,8.0,8.0,12.5,11.5,12.67,10.4,0.0,0.8,5.0,2.29,7
2024,23,Qatar_Grand_Prix,BEA,,,,12.0,12.0,15.0,15.0,0.0,0.0,,0.0,
2024,23,Qatar_Grand_Prix,BOT,Audi,13.0,13.0,15.0,15.6,15.0,16.0,0.0,0.0,1.0,1.85,11
2024,23,Qatar_Grand_Prix,COL,Williams,19.0,19.0,13.0,11.75,17.33,15.8,0.0,0.2,6.0,1.48,R
2024,23,Qatar_Grand_Prix,DOO,,,,,,,,,,,,
2024,23,Qatar_Grand_Prix,GAS,Alpine,11.0,11.0,6.5,10.5,8.0,9.6,5.33,3.2,,5.02,5
2024,23,Qatar_Grand_Prix,HAM,Mercedes,6.0,6.0,5.33,5.5,10.0,10.0,10.33,7.8,8.0,2.96,12
2024,23,Qatar_Grand_Prix,HUL,Haas F1 Team,18.0,18.0,8.5,8.5,12.33,10.8,2.0,2.4,1.0,0.5,R
2024,23,Qatar_Grand_Prix,LAW,Racing Bulls,17.0,17.0,13.67,12.5,10.33,12.5,0.67,1.0,-2.0,3.5,14
2024,23,Qatar_Grand_Prix,LEC,Ferrari,5.0,5.0,4.0,3.6,4.67,5.4,12.67,14.6,0.0,1.5,2
2024,23,Qatar_Grand_Prix,MAG,Haas F1 Team,10.0,10.0,9.5,12.25,9.5,10.25,3.0,1.5,0.0,4.32,9
2024,23,Qatar_Grand_Prix,NOR,McLaren,3.0,3.0,4.67,3.8,3.33,2.4,11.67,14.4,0.0,2.04,10
2024,23,Qatar_Grand_Prix,OCO,Alpine,20.0,20.0,10.67,12.6,5.0,8.4,6.0,3.6,-6.0,5.68,R
2024,23,Qatar_Grand_Prix,PER,Red Bull Racing,9.0,9.0,12.67,11.0,15.0,13.4,0.33,1.6,5.0,3.29,R
2024,23,Qatar_Grand_Prix,PIA,McLaren,4.0,4.0,7.67,6.2,11.0,8.6,4.67,7.8,1.0,1.94,3
2024,23,Qatar_Grand_Prix,RIC,,,,,18.0,,16.0,,0.0,,0.0,
2024,23,Qatar_Grand_Prix,RUS,Mercedes,2.0,1.0,3.33,4.0,2.67,6.4,15.67,13.4,0.0,1.67,4
2024,23,Qatar_Grand_Prix,SAI,Ferrari,7.0,7.0,2.0,3.25,7.67,7.2,13.33,12.8,-1.0,2.28,6
2024,23,Qatar_Grand_Prix,SAR,,,,,,,,,,,,
2024,23,Qatar_Grand_Prix,STR,Aston Martin,15.0,15.0,13.0,13.75,14.0,14.4,0.0,0.0,3.0,1.64,R
2024,23,Qatar_Grand_Prix,TSU,Racing Bulls,14.0,14.0,8.0,10.5,7.0,7.8,2.67,1.6,-2.0,2.69,13
2024,23,Qatar_Grand_Prix,VER,Red Bull Racing,1.0,2.0,4.0,3.4,8.0,5.6,14.67,15.4,0.0,1.85,1
2024,23,Qatar_Grand_Prix,ZHO,Audi,12.0,12.0,14.33,15.4,17.0,17.8,0.0,0.0,0.0,1.96,8
2024,24,Abu_Dhabi_Grand_Prix,ALB,Williams,16.0,18.0,15.0,15.5,13.33,12.6,0.0,0.0,1.0,0.5,11
2024,24,Abu_Dhabi_Grand_Prix,ALO,Aston Martin,8.0,8.0,10.67,11.25,11.0,10.6,2.0,1.2,1.0,2.68,9
2024,24,Abu_Dhabi_Grand_Prix,BEA,,,,12.0,12.0,15.0,15.0,0.0,0.0,,0.0,
2024,24,Abu_Dhabi_Grand_Prix,BOT,Audi,9.0,9.0,14.0,14.6,14.33,14.8,0.0,0.0,2.0,2.58,R
2024,24,Abu_Dhabi_Grand_Prix,COL,Williams,19.0,20.0,14.0,12.0,18.33,17.2,0.0,0.2,,1.63,R
2024,24,Abu_Dhabi_Grand_Prix,DOO,Alpine,20.0,17.0,,,,,,,,,15
2024,24,Abu_Dhabi_Grand_Prix,GAS,Alpine,6.0,5.0,4.0,7.5,9.0,8.2,8.33,5.2,6.0,3.64,7
2024,24,Abu_Dhabi_Grand_Prix,HAM,Mercedes,18.0,16.0,8.0,7.0,10.0,10.6,6.33,6.2,-6.0,4.12,4
2024,24,Abu_Dhabi_Grand_Prix,HUL,Haas F1 Team,4.0,7.0,8.0,8.33,15.0,13.2,1.33,2.0,,0.47,8
2024,24,Abu_Dhabi_Grand_Prix,LAW,Racing Bulls,12.0,12.0,13.0,12.8,12.0,13.4,0.67,0.8,3.0,3.19,17
2024,24,Abu_Dhabi_Grand_Prix,LEC,Ferrari,14.0,19.0,3.67,3.0,5.0,4.6,13.33,16.2,3.0,1.41,3
2024,24,Abu_Dhabi_Grand_Prix,MAG,Haas F1 Team,15.0,14.0,10.5,9.75,11.0,9.25,1.0,2.0,1.0,1.92,16
2024,24,Abu_Dhabi_Grand_Prix,NOR,McLaren,1.0,1.0,7.33,5.6,3.33,2.8,6.33,9.8,-7.0,2.65,1
2024,24,Abu_Dhabi_Grand_Prix,OCO,,,,9.5,12.5,11.67,9.4,6.0,3.6,,6.34,
2024,24,Abu_Dhabi_Grand_Prix,PER,Red Bull Racing,10.0,10.0,10.5,11.25,12.0,12.6,0.33,1.4,,3.63,R
2024,24,Abu_Dhabi_Grand_Prix,PIA,McLaren,2.0,2.0,6.0,6.2,6.67,8.4,8.33,7.8,1.0,1.94,10
2024,24,Abu_Dhabi_Grand_Prix,RIC,,,,,,,,,,,,
2024,24,Abu_Dhabi_Grand_Prix,RUS,Mercedes,7.0,6.0,3.0,4.0,1.33,5.8,16.33,13.4,-3.0,1.67,5
2024,24,Abu_Dhabi_Grand_Prix,SAI,Ferrari,3.0,3.0,4.5,3.0,9.67,6.6,7.67,13.2,1.0,1.87,2
2024,24,Abu_Dhabi_Grand_Prix,SAR,,,,,,,,,,,,
2024,24,Abu_Dhabi_Grand_Prix,STR,Aston Martin,13.0,13.0,15.0,13.67,14.33,14.0,0.0,0.0,,1.89,14
2024,24,Abu_Dhabi_Grand_Prix,TSU,Racing Bulls,11.0,11.0,9.67,10.75,8.0,9.0,2.67,1.6,1.0,2.86,12
2024,24,Abu_Dhabi_Grand_Prix,VER,Red Bull Racing,5.0,4.0,2.33,3.2,8.0,5.6,20.33,16.8,1.0,2.04,6
2024,24,Abu_Dhabi_Grand_Prix,ZHO,Audi,17.0,15.0,12.0,14.0,14.67,16.2,1.33,0.8,4.0,3.58,13
2025,1,Australian_Grand_Prix,ALB,Williams,6.0,6.0,13.0,13.0,17.0,13.4,0.0,0.0,7.0,2.0,5
2025,1,Australian_Grand_Prix,ALO,Aston Martin,12.0,12.0,9.0,10.25,10.67,10.8,2.67,1.6,-1.0,2.59,R
2025,1,Australian_Grand_Prix,ANT,Mercedes,16.0,16.0,,,,,,,,,4
2025,1,Australian_Grand_Prix,BEA,Haas F1 Team,20.0,20.0,,12.0,,15.0,,0.0,,0.0,14
2025,1,Australian_Grand_Prix,BOR,Audi,15.0,15.0,,,,,,,,,R
2025,1,Australian_Grand_Prix,COL,,,,14.0,13.0,19.67,18.2,0.0,0.0,,1.0,
2025,1,Australian_Grand_Prix,DOO,Alpine,14.0,14.0,15.0,15.0,17.0,17.0,0.0,0.0,2.0,0.0,R
2025,1,Australian_Grand_Prix,GAS,Alpine,9.0,9.0,6.0,6.25,6.33,8.0,5.33,6.4,-2.0,2.59,11
2025,1,Australian_Grand_Prix,HAD,Racing Bulls,11.0,11.0,,,,,,,,,R
2025,1,Australian_Grand_Prix,HAM,Ferrari,8.0,8.0,6.0,6.4,10.67,10.4,10.0,8.6,12.0,3.88,10
2025,1,Australian_Grand_Prix,HUL,Audi,17.0,17.0,8.0,8.33,11.33,12.4,2.67,2.0,-1.0,0.47,7
2025,1,Australian_Grand_Prix,LAW,Red Bull Racing,18.0,18.0,15.67,14.4,14.33,12.0,0.0,0.4,-5.0,2.87,R
2025,1,Australian_Grand_Prix,LEC,Ferrari,7.0,7.0,3.0,3.4,9.33,7.6,15.0,14.2,16.0,1.02,8
2025,1,Australian_Grand_Prix,NOR,McLaren,1.0,1.0,5.67,5.0,3.33,2.8,12.0,12.4,0.0,3.22,1
2025,1,Australian_Grand_Prix,OCO,Haas F1 Team,19.0,19.0,17.0,10.67,15.5,8.75,0.0,4.5,,6.34,13
2025,1,Australian_Grand_Prix,PIA,McLaren,2.0,2.0,6.67,7.2,4.67,7.8,7.33,6.0,-8.0,2.32,9
2025,1,Australian_Grand_Prix,RUS,Mercedes,4.0,4.0,3.33,3.8,2.67,3.0,15.67,13.8,1.0,1.47,3
2025,1,Australian_Grand_Prix,SAI,Williams,10.0,10.0,3.67,3.0,4.0,6.6,13.67,13.2,1.0,1.87,R
2025,1,Australian_Grand_Prix,STR,Aston Martin,13.0,13.0,14.5,13.33,15.33,14.0,0.0,0.0,-1.0,1.7,6
2025,1,Australian_Grand_Prix,TSU,Racing Bulls,5.0,5.0,11.33,10.25,10.67,9.2,0.67,1.6,-1.0,2.38,12
2025,1,Australian_Grand_Prix,VER,Red Bull Racing,3.0,3.0,4.0,3.8,3.67,6.0,14.33,15.4,-2.0,2.32,2
2025,2,Chinese_Grand_Prix,ALB,Williams,10.0,10.0,10.33,10.33,13.33,12.8,3.33,2.0,1.0,4.11,7
2025,2,Chinese_Grand_Prix,ALO,Aston Martin,13.0,13.0,8.0,10.25,9.33,10.6,2.67,1.6,,2.59,R
2025,2,Chinese_Grand_Prix,ANT,Mercedes,8.0,8.0,4.0,4.0,16.0,16.0,12.0,12.0,12.0,0.0,6
2025,2,Chinese_Grand_Prix,BEA,Haas F1 Team,17.0,17.0,14.0,13.0,20.0,17.5,0.0,0.0,6.0,1.0,8
2025,2,Chinese_Grand_Prix,BOR,Audi,19.0,19.0,,,15.0,15.0,0.0,0.0,,,14
2025,2,Chinese_Grand_Prix,COL,,,,,14.0,19.5,18.75,0.0,0.0,,0.0,
2025,2,Chinese_Grand_Prix,DOO,Alpine,18.0,18.0,15.0,15.0,15.5,15.5,0.0,0.0,,0.0,13
2025,2,Chinese_Grand_Prix,GAS,Alpine,16.0,16.0,7.67,6.5,8.33,8.2,5.33,6.2,-2.0,2.96,D
2025,2,Chinese_Grand_Prix,HAD,Racing Bulls,7.0,7.0,,,11.0,11.0,0.0,0.0,,,11
2025,2,Chinese_Grand_Prix,HAM,Ferrari,5.0,5.0,8.67,7.6,10.0,10.8,4.33,6.4,-2.0,3.88,D
2025,2,Chinese_Grand_Prix,HUL,Audi,12.0,12.0,7.5,7.67,14.0,13.8,3.33,2.8,10.0,0.47,15
2025,2,Chinese_Grand_Prix,LAW,Red Bull Racing,20.0,20.0,15.5,14.0,15.67,13.2,0.0,0.4,,3.08,12
2025,2,Chinese_Grand_Prix,LEC,Ferrari,6.0,6.0,4.33,4.4,10.33,8.2,12.33,11.8,-1.0,2.06,D
2025,2,Chinese_Grand_Prix,NOR,McLaren,3.0,3.0,4.0,4.8,1.67,2.4,17.33,13.8,0.0,3.43,2
2025,2,Chinese_Grand_Prix,OCO,Haas F1 Team,11.0,11.0,13.0,10.67,19.5,13.5,0.0,4.5,6.0,6.34,5
2025,2,Chinese_Grand_Prix,PIA,McLaren,1.0,1.0,7.33,7.4,2.67,4.8,6.0,5.6,-7.0,2.42,1
2025,2,Chinese_Grand_Prix,RUS,Mercedes,2.0,2.0,4.0,3.4,3.67,2.8,12.33,14.8,1.0,1.36,3
2025,2,Chinese_Grand_Prix,SAI,Williams,15.0,15.0,4.0,3.67,6.67,8.4,8.67,8.2,,1.7,10
2025,2,Chinese_Grand_Prix,STR,Aston Martin,14.0,14.0,10.0,11.67,13.67,13.8,2.67,1.6,7.0,4.03,9
2025,2,Chinese_Grand_Prix,TSU,Racing Bulls,9.0,9.0,12.33,10.6,10.0,8.0,0.0,1.6,-7.0,2.24,16
2025,2,Chinese_Grand_Prix,VER,Red Bull Racing,4.0,4.0,3.0,3.0,3.0,6.2,17.0,17.4,1.0,2.1,4
2025,3,Japanese_Grand_Prix,ALB,Williams,9.0,9.0,7.67,9.5,11.33,13.4,5.33,3.2,3.0,3.84,9
2025,3,Japanese_Grand_Prix,ALO,Aston Martin,13.0,12.0,9.0,9.0,11.0,11.4,0.67,1.6,,1.63,11
2025,3,Japanese_Grand_Prix,ANT,Mercedes,6.0,6.0,5.0,5.0,12.0,12.0,10.0,10.0,2.0,1.0,6
2025,3,Japanese_Grand_Prix,BEA,Haas F1 Team,10.0,10.0,11.0,11.0,18.5,18.5,2.0,2.0,9.0,3.0,10
2025,3,Japanese_Grand_Prix,BOR,Audi,17.0,17.0,14.0,14.0,17.0,17.0,0.0,0.0,5.0,0.0,19
2025,3,Japanese_Grand_Prix,COL,,,,,14.0,20.0,19.67,0.0,0.0,,0.0,
2025,3,Japanese_Grand_Prix,DOO,Alpine,19.0,19.0,14.0,14.0,16.33,16.33,0.0,0.0,5.0,1.0,15
2025,3,Japanese_Grand_Prix,GAS,Alpine,11.0,11.0,9.0,7.67,10.0,8.8,2.0,3.2,,2.49,13
2025,3,Japanese_Grand_Prix,HAD,Racing Bulls,7.0,7.0,11.0,11.0,9.0,9.0,0.0,0.0,-4.0,0.0,8
2025,3,Japanese_Grand_Prix,HAM,Ferrari,8.0,8.0,7.0,7.0,9.67,9.0,4.33,6.2,,4.12,7
2025,3,Japanese_Grand_Prix,HUL,Audi,16.0,16.0,10.0,9.5,12.0,12.6,3.33,2.8,-3.0,3.2,16
2025,3,Japanese_Grand_Prix,LAW,Racing Bulls,14.0,13.0,14.5,14.75,16.67,16.2,0.0,0.0,8.0,1.92,17
2025,3,Japanese_Grand_Prix,LEC,Ferrari,4.0,4.0,5.5,4.25,10.67,8.2,6.33,9.8,,2.28,4
2025,3,Japanese_Grand_Prix,NOR,McLaren,2.0,2.0,1.33,4.0,1.67,2.8,22.67,15.8,1.0,3.52,2
2025,3,Japanese_Grand_Prix,OCO,Haas F1 Team,18.0,18.0,9.0,11.67,15.0,15.25,5.0,2.5,6.0,4.99,18
2025,3,Japanese_Grand_Prix,PIA,McLaren,3.0,3.0,6.67,6.0,1.67,3.4,9.33,9.8,0.0,3.46,3
2025,3,Japanese_Grand_Prix,RUS,Mercedes,5.0,5.0,3.67,3.2,4.0,2.8,13.33,15.4,-1.0,1.33,5
2025,3,Japanese_Grand_Prix,SAI,Williams,12.0,15.0,6.0,5.25,9.33,7.4,6.33,8.4,5.0,3.11,14
2025,3,Japanese_Grand_Prix,STR,Aston Martin,20.0,20.0,9.67,11.0,13.33,14.6,3.33,2.0,5.0,3.67,20
2025,3,Japanese_Grand_Prix,TSU,Red Bull Racing,15.0,14.0,13.33,12.4,8.33,9.2,0.0,0.4,-7.0,2.24,12
2025,3,Japanese_Grand_Prix,VER,Red Bull Racing,1.0,1.0,4.0,3.6,3.67,3.6,12.67,14.6,0.0,1.85,1
2025,4,Bahrain_Grand_Prix,ALB,Williams,15.0,15.0,7.0,9.4,8.33,11.8,6.0,3.6,0.0,3.44,12
2025,4,Bahrain_Grand_Prix,ALO,Aston Martin,13.0,13.0,11.0,9.0,12.33,10.6,0.0,1.6,1.0,1.63,15
2025,4,Bahrain_Grand_Prix,ANT,Mercedes,4.0,5.0,5.33,5.33,10.0,10.0,9.33,9.33,0.0,0.94,11
2025,4,Bahrain_Grand_Prix,BEA,Haas F1 Team,20.0,20.0,10.67,10.67,15.67,15.67,1.67,1.67,0.0,2.49,10
2025,4,Bahrain_Grand_Prix,BOR,Audi,18.0,18.0,16.5,16.5,17.0,17.0,0.0,0.0,-2.0,2.5,18
2025,4,Bahrain_Grand_Prix,COL,,,,,,,19.5,,0.0,,,
2025,4,Bahrain_Grand_Prix,DOO,Alpine,11.0,11.0,14.0,14.33,17.0,17.0,0.0,0.0,4.0,0.94,14
2025,4,Bahrain_Grand_Prix,GAS,Alpine,5.0,4.0,12.0,9.0,12.0,10.4,0.0,3.2,-2.0,3.16,7
2025,4,Bahrain_Grand_Prix,HAD,Racing Bulls,12.0,12.0,9.5,9.5,8.33,8.33,1.33,1.33,-1.0,1.5,13
2025,4,Bahrain_Grand_Prix,HAM,Ferrari,9.0,9.0,8.5,8.25,7.0,8.6,2.33,3.8,1.0,3.03,5
2025,4,Bahrain_Grand_Prix,HUL,Audi,16.0,16.0,12.67,11.5,15.0,14.0,2.0,2.0,0.0,4.03,D
2025,4,Bahrain_Grand_Prix,LAW,Racing Bulls,17.0,17.0,14.5,15.0,17.0,16.0,0.0,0.0,-4.0,2.12,16
2025,4,Bahrain_Grand_Prix,LEC,Ferrari,3.0,2.0,6.0,4.25,5.67,8.2,5.33,9.8,0.0,2.28,4
2025,4,Bahrain_Grand_Prix,NOR,McLaren,6.0,6.0,1.67,3.2,2.0,2.0,20.33,17.6,0.0,3.43,3
2025,4,Bahrain_Grand_Prix,OCO,Haas F1 Team,14.0,14.0,12.0,12.0,16.0,17.0,3.33,2.5,0.0,5.35,8
2025,4,Bahrain_Grand_Prix,PIA,McLaren,1.0,1.0,4.33,5.2,2.0,2.4,14.0,11.6,0.0,3.6,1
2025,4,Bahrain_Grand_Prix,RUS,Mercedes,2.0,3.0,3.67,4.0,3.67,3.6,13.33,12.4,0.0,0.89,2
2025,4,Bahrain_Grand_Prix,SAI,Williams,8.0,8.0,12.0,8.0,13.33,10.0,0.33,5.4,1.0,4.47,R
2025,4,Bahrain_Grand_Prix,STR,Aston Martin,19.0,19.0,11.67,12.25,15.67,15.0,3.33,2.0,0.0,5.31,17
2025,4,Bahrain_Grand_Prix,TSU,Red Bull Racing,10.0,10.0,13.33,13.0,9.33,10.6,0.0,0.0,2.0,1.55,9
2025,4,Bahrain_Grand_Prix,VER,Red Bull Racing,7.0,7.0,2.33,2.8,2.67,2.8,18.33,17.6,0.0,1.94,6
2025,5,Saudi_Arabian_Grand_Prix,ALB,Williams,11.0,11.0,9.33,8.8,11.33,11.6,2.67,3.6,3.0,2.56,9
2025,5,Saudi_Arabian_Grand_Prix,ALO,Aston Martin,13.0,13.0,13.0,11.67,12.67,11.6,0.0,0.4,-2.0,2.49,11
2025,5,Saudi_Arabian_Grand_Prix,ANT,Mercedes,5.0,5.0,7.67,6.75,6.33,8.75,5.33,7.0,-6.0,2.59,6
2025,5,Saudi_Arabian_Grand_Prix,BEA,Haas F1 Team,15.0,15.0,9.33,10.5,15.67,16.75,2.0,1.5,10.0,2.18,13
2025,5,Saudi_Arabian_Grand_Prix,BOR,Audi,20.0,20.0,17.0,17.0,18.0,17.25,0.0,0.0,0.0,2.16,18
2025,5,Saudi_Arabian_Grand_Prix,COL,,,,,,,20.0,,0.0,,,
2025,5,Saudi_Arabian_Grand_Prix,DOO,Alpine,17.0,17.0,14.0,14.25,16.0,15.8,0.0,0.0,-3.0,0.83,17
2025,5,Saudi_Arabian_Grand_Prix,GAS,Alpine,9.0,9.0,10.0,9.5,10.33,9.0,2.0,2.4,-3.0,2.6,R
2025,5,Saudi_Arabian_Grand_Prix,HAD,Racing Bulls,14.0,14.0,10.67,10.67,8.67,9.25,1.33,1.0,-1.0,2.05,10
2025,5,Saudi_Arabian_Grand_Prix,HAM,Ferrari,7.0,7.0,6.0,6.5,7.33,9.2,5.33,5.8,4.0,2.29,7
2025,5,Saudi_Arabian_Grand_Prix,HUL,Audi,18.0,18.0,15.5,11.5,14.67,13.6,0.0,2.0,,4.03,15
2025,5,Saudi_Arabian_Grand_Prix,LAW,Racing Bulls,12.0,12.0,15.0,15.5,16.67,16.0,0.0,0.0,1.0,2.06,12
2025,5,Saudi_Arabian_Grand_Prix,LEC,Ferrari,4.0,4.0,4.0,4.75,4.0,7.6,8.0,8.6,-2.0,1.92,3
2025,5,Saudi_Arabian_Grand_Prix,NOR,McLaren,10.0,10.0,2.33,1.8,3.67,2.6,17.0,20.2,3.0,0.75,4
2025,5,Saudi_Arabian_Grand_Prix,OCO,Haas F1 Team,19.0,19.0,10.33,11.0,14.33,15.5,4.67,3.5,6.0,4.95,14
2025,5,Saudi_Arabian_Grand_Prix,PIA,McLaren,2.0,2.0,1.67,4.8,1.67,1.8,21.67,13.6,0.0,3.92,1
2025,5,Saudi_Arabian_Grand_Prix,RUS,Mercedes,3.0,3.0,3.33,3.6,3.33,4.0,14.33,13.6,1.0,1.2,5
2025,5,Saudi_Arabian_Grand_Prix,SAI,Williams,6.0,6.0,12.0,8.67,12.67,10.2,0.33,3.8,,4.99,8
2025,5,Saudi_Arabian_Grand_Prix,STR,Aston Martin,16.0,16.0,15.33,13.2,17.67,15.8,0.67,2.0,2.0,5.11,16
2025,5,Saudi_Arabian_Grand_Prix,TSU,Red Bull Racing,8.0,8.0,12.33,12.2,11.0,9.8,0.67,0.4,1.0,2.23,R
2025,5,Saudi_Arabian_Grand_Prix,VER,Red Bull Racing,1.0,1.0,3.67,3.8,4.0,3.8,15.0,14.2,1.0,2.04,2
2025,6,Miami_Grand_Prix,ALB,Williams,7.0,7.0,10.0,8.4,11.67,10.2,1.33,4.0,2.0,2.33,5
2025,6,Miami_Grand_Prix,ALO,Aston Martin,17.0,17.0,12.33,12.33,12.67,12.6,0.0,0.0,2.0,1.89,15
2025,6,Miami_Grand_Prix,ANT,Mercedes,3.0,3.0,7.67,6.6,5.33,8.0,5.33,7.2,-1.0,2.33,6
2025,6,Miami_Grand_Prix,BEA,Haas F1 Team,20.0,19.0,11.0,11.0,15.0,16.4,0.67,1.2,2.0,2.19,R
2025,6,Miami_Grand_Prix,BOR,Audi,13.0,13.0,18.33,17.25,18.33,17.8,0.0,0.0,2.0,1.92,R
2025,6,Miami_Grand_Prix,COL,,,,,,,,,,,,
2025,6,Miami_Grand_Prix,DOO,Alpine,14.0,14.0,15.33,14.75,15.67,15.8,0.0,0.0,0.0,1.48,R
2025,6,Miami_Grand_Prix,GAS,Alpine,18.0,20.0,10.0,10.33,8.0,9.8,2.0,1.2,,2.49,13
2025,6,Miami_Grand_Prix,HAD,Racing Bulls,11.0,11.0,10.33,10.5,11.0,10.2,1.67,1.0,4.0,1.8,11
2025,6,Miami_Grand_Prix,HAM,Ferrari,12.0,12.0,6.33,7.25,8.0,7.4,7.33,4.6,0.0,1.79,8
2025,6,Miami_Grand_Prix,HUL,Audi,16.0,16.0,15.5,13.25,16.67,15.8,0.0,1.2,3.0,3.63,14
2025,6,Miami_Grand_Prix,LAW,Racing Bulls,15.0,15.0,15.0,14.25,14.0,16.0,0.0,0.0,0.0,2.28,R
2025,6,Miami_Grand_Prix,LEC,Ferrari,8.0,8.0,3.67,4.75,3.33,4.6,13.0,8.6,1.0,1.92,7
2025,6,Miami_Grand_Prix,NOR,McLaren,2.0,2.0,3.0,2.4,6.0,4.4,15.0,17.6,6.0,1.02,2
2025,6,Miami_Grand_Prix,OCO,Haas F1 Team,9.0,9.0,13.33,11.6,17.0,16.2,1.33,2.8,5.0,4.59,12
2025,6,Miami_Grand_Prix,PIA,McLaren,4.0,4.0,1.67,3.0,2.0,1.8,21.67,18.4,1.0,3.1,1
2025,6,Miami_Grand_Prix,RUS,Mercedes,5.0,5.0,4.0,3.6,3.67,3.4,12.67,13.6,-2.0,1.2,3
2025,6,Miami_Grand_Prix,SAI,Williams,6.0,6.0,11.0,10.67,9.67,10.8,1.33,1.0,-2.0,2.49,9
2025,6,Miami_Grand_Prix,STR,Aston Martin,19.0,18.0,17.67,13.6,18.33,16.4,0.0,2.0,0.0,5.24,16
2025,6,Miami_Grand_Prix,TSU,Red Bull Racing,10.0,10.0,10.5,12.25,10.67,9.2,0.67,0.4,,2.49,10
2025,6,Miami_Grand_Prix,VER,Red Bull Racing,1.0,1.0,3.0,3.0,3.0,3.2,17.0,16.2,-1.0,1.79,4
2025,7,Emilia_Romagna_Grand_Prix,ALB,Williams,7.0,7.0,8.67,8.4,11.0,10.4,4.0,4.0,2.0,2.33,5
2025,7,Emilia_Romagna_Grand_Prix,ALO,Aston Martin,5.0,5.0,13.67,13.0,14.33,13.6,0.0,0.0,2.0,2.0,11
2025,7,Emilia_Romagna_Grand_Prix,ANT,Mercedes,13.0,13.0,7.67,7.0,4.33,5.4,5.33,6.4,-3.0,2.0,R
2025,7,Emilia_Romagna_Grand_Prix,BEA,Haas F1 Team,19.0,19.0,11.5,10.25,18.0,16.2,0.33,1.2,,1.79,17
2025,7,Emilia_Romagna_Grand_Prix,BOR,Audi,14.0,14.0,18.0,17.25,17.0,17.4,0.0,0.0,,1.92,18
2025,7,Emilia_Romagna_Grand_Prix,COL,Alpine,15.0,16.0,,,,,,,,,16
2025,7,Emilia_Romagna_Grand_Prix,DOO,,,,15.5,14.75,14.0,15.8,0.0,0.0,,1.48,
2025,7,Emilia_Romagna_Grand_Prix,GAS,Alpine,10.0,10.0,10.0,11.0,11.0,12.0,2.0,1.2,7.0,2.83,13
2025,7,Emilia_Romagna_Grand_Prix,HAD,Racing Bulls,9.0,9.0,11.33,10.6,12.33,10.2,0.33,1.0,0.0,1.62,9
2025,7,Emilia_Romagna_Grand_Prix,HAM,Ferrari,12.0,12.0,6.67,6.75,9.33,8.2,6.67,5.2,4.0,1.09,4
2025,7,Emilia_Romagna_Grand_Prix,HUL,Audi,17.0,17.0,14.5,15.0,16.67,15.6,0.0,0.0,2.0,0.71,12
2025,7,Emilia_Romagna_Grand_Prix,LAW,Racing Bulls,16.0,15.0,14.0,14.25,14.67,15.4,0.0,0.0,,2.28,14
2025,7,Emilia_Romagna_Grand_Prix,LEC,Ferrari,11.0,11.0,4.67,4.5,4.67,4.8,11.0,9.0,1.0,1.5,6
2025,7,Emilia_Romagna_Grand_Prix,NOR,McLaren,4.0,4.0,3.0,2.6,6.0,4.6,15.0,16.2,0.0,0.8,2
2025,7,Emilia_Romagna_Grand_Prix,OCO,Haas F1 Team,18.0,18.0,11.33,11.4,14.0,14.2,1.33,2.8,-3.0,4.54,R
2025,7,Emilia_Romagna_Grand_Prix,PIA,McLaren,1.0,1.0,1.0,1.4,2.33,2.2,25.0,23.0,3.0,0.8,3
2025,7,Emilia_Romagna_Grand_Prix,RUS,Mercedes,3.0,3.0,3.33,3.6,3.67,3.6,14.33,13.6,2.0,1.2,7
2025,7,Emilia_Romagna_Grand_Prix,SAI,Williams,6.0,6.0,8.5,10.25,6.67,10.0,2.0,1.4,-3.0,2.28,8
2025,7,Emilia_Romagna_Grand_Prix,STR,Aston Martin,8.0,8.0,16.33,15.6,17.67,17.4,0.0,0.4,2.0,3.61,15
2025,7,Emilia_Romagna_Grand_Prix,TSU,Red Bull Racing,20.0,20.0,9.5,11.75,9.33,10.2,1.0,0.6,0.0,2.68,10
2025,7,Emilia_Romagna_Grand_Prix,VER,Red Bull Racing,2.0,2.0,4.0,3.4,3.0,2.8,12.67,15.0,-3.0,1.74,1
2025,8,Monaco_Grand_Prix,ALB,Williams,10.0,10.0,6.33,8.0,8.33,9.8,7.33,4.8,2.0,2.68,9
2025,8,Monaco_Grand_Prix,ALO,Aston Martin,7.0,6.0,12.33,12.6,11.67,12.0,0.0,0.0,-6.0,1.96,R
2025,8,Monaco_Grand_Prix,ANT,Mercedes,15.0,15.0,6.0,7.25,7.0,6.4,5.33,4.8,,2.17,18
2025,8,Monaco_Grand_Prix,BEA,Haas F1 Team,17.0,20.0,15.0,12.5,17.67,16.6,0.0,0.4,2.0,2.87,12
2025,8,Monaco_Grand_Prix,BOR,Audi,16.0,16.0,18.0,18.25,15.67,16.4,0.0,0.0,-4.0,0.43,14
2025,8,Monaco_Grand_Prix,COL,Alpine,20.0,18.0,16.0,16.0,16.0,16.0,0.0,0.0,0.0,0.0,13
2025,8,Monaco_Grand_Prix,DOO,,,,17.0,15.33,15.5,15.25,0.0,0.0,,1.25,
2025,8,Monaco_Grand_Prix,GAS,Alpine,18.0,17.0,13.0,11.5,13.0,10.8,0.0,1.2,-3.0,2.6,R
2025,8,Monaco_Grand_Prix,HAD,Racing Bulls,6.0,5.0,10.0,10.2,11.33,10.6,1.0,1.4,0.0,1.72,6
2025,8,Monaco_Grand_Prix,HAM,Ferrari,4.0,7.0,6.33,6.2,10.33,9.6,7.33,7.6,8.0,1.47,5
2025,8,Monaco_Grand_Prix,HUL,Audi,13.0,13.0,13.67,14.25,17.0,16.6,0.0,0.0,5.0,1.48,16
2025,8,Monaco_Grand_Prix,LAW,Racing Bulls,9.0,9.0,13.0,14.75,14.0,14.4,0.0,0.0,1.0,1.92,8
2025,8,Monaco_Grand_Prix,LEC,Ferrari,2.0,2.0,5.33,4.8,7.67,5.8,9.67,10.6,5.0,1.47,2
2025,8,Monaco_Grand_Prix,NOR,McLaren,1.0,1.0,2.67,2.6,5.33,4.8,16.0,16.2,2.0,0.8,1
2025,8,Monaco_Grand_Prix,OCO,Haas F1 Team,8.0,8.0,13.0,13.0,15.33,15.6,0.0,0.8,,3.61,7
2025,8,Monaco_Grand_Prix,PIA,McLaren,3.0,3.0,1.67,1.8,2.33,2.2,21.67,21.0,-2.0,0.98,3
2025,8,Monaco_Grand_Prix,RUS,Mercedes,14.0,14.0,5.0,4.4,3.67,3.8,10.33,11.8,-4.0,1.74,11
2025,8,Monaco_Grand_Prix,SAI,Williams,11.0,11.0,8.33,9.75,6.0,8.2,3.33,2.0,-2.0,2.49,10
2025,8,Monaco_Grand_Prix,STR,Aston Martin,19.0,19.0,15.67,16.8,14.0,16.2,0.0,0.0,-7.0,1.72,15
2025,8,Monaco_Grand_Prix,TSU,Red Bull Racing,12.0,12.0,10.0,10.25,12.67,12.4,0.67,0.8,10.0,1.09,17
2025,8,Monaco_Grand_Prix,VER,Red Bull Racing,5.0,4.0,2.33,2.8,1.33,2.4,18.33,17.6,1.0,1.94,4
2025,9,Spanish_Grand_Prix,ALB,Williams,11.0,11.0,6.33,8.0,8.0,10.0,7.33,4.8,1.0,2.68,R
2025,9,Spanish_Grand_Prix,ALO,Aston Martin,10.0,10.0,13.0,13.0,9.33,10.8,0.0,0.0,,2.0,9
2025,9,Spanish_Grand_Prix,ANT,Mercedes,6.0,6.0,12.0,10.25,10.33,8.2,2.67,3.2,-3.0,4.92,R
2025,9,Spanish_Grand_Prix,BEA,Haas F1 Team,15.0,14.0,14.5,13.0,19.33,18.6,0.0,0.2,8.0,2.55,17
2025,9,Spanish_Grand_Prix,BOR,Audi,12.0,12.0,16.0,17.0,14.33,16.2,0.0,0.0,2.0,1.73,12
2025,9,Spanish_Grand_Prix,COL,Alpine,19.0,18.0,14.5,14.5,17.0,17.0,0.0,0.0,5.0,1.5,15
2025,9,Spanish_Grand_Prix,DOO,,,,,15.5,14.0,14.0,0.0,0.0,,1.5,
2025,9,Spanish_Grand_Prix,GAS,Alpine,8.0,8.0,13.0,11.0,15.67,12.0,0.0,1.2,,2.83,8
2025,9,Spanish_Grand_Prix,HAD,Racing Bulls,9.0,9.0,8.67,9.8,8.33,10.2,3.33,2.2,-1.0,2.32,7
2025,9,Spanish_Grand_Prix,HAM,Ferrari,5.0,5.0,5.67,5.8,10.33,9.4,8.67,8.4,2.0,1.47,6
2025,9,Spanish_Grand_Prix,HUL,Audi,16.0,15.0,14.0,14.25,15.33,16.0,0.0,0.0,-3.0,1.48,5
2025,9,Spanish_Grand_Prix,LAW,Racing Bulls,13.0,13.0,11.0,12.5,13.0,13.6,1.33,0.8,1.0,2.96,11
2025,9,Spanish_Grand_Prix,LEC,Ferrari,7.0,7.0,5.0,4.4,7.0,5.4,10.67,11.8,0.0,1.85,3
2025,9,Spanish_Grand_Prix,NOR,McLaren,2.0,2.0,1.67,2.4,2.33,4.6,20.33,17.6,0.0,1.02,2
2025,9,Spanish_Grand_Prix,OCO,Haas F1 Team,17.0,16.0,9.5,10.25,11.67,13.6,2.0,2.0,1.0,2.86,16
2025,9,Spanish_Grand_Prix,PIA,McLaren,1.0,1.0,2.33,1.8,2.67,2.2,18.33,21.0,0.0,0.98,1
2025,9,Spanish_Grand_Prix,RUS,Mercedes,4.0,4.0,7.0,5.6,7.33,5.6,7.0,9.8,3.0,3.2,4
2025,9,Spanish_Grand_Prix,SAI,Williams,18.0,17.0,9.0,8.75,7.67,7.4,2.33,2.2,1.0,0.83,14
2025,9,Spanish_Grand_Prix,STR,,,,15.33,15.8,15.0,16.0,0.0,0.0,4.0,0.75,
2025,9,Spanish_Grand_Prix,TSU,Red Bull Racing,20.0,19.0,12.33,11.5,14.0,12.0,0.67,0.8,-5.0,3.2,13
2025,9,Spanish_Grand_Prix,VER,Red Bull Racing,3.0,3.0,3.0,3.4,2.33,3.0,16.33,15.0,0.0,1.74,10
2025,10,Canadian_Grand_Prix,ALB,Williams,10.0,9.0,7.0,7.0,9.33,9.2,4.0,4.8,,2.0,R
2025,10,Canadian_Grand_Prix,ALO,Aston Martin,6.0,6.0,10.0,11.5,7.0,10.2,0.67,0.4,1.0,2.18,7
2025,10,Canadian_Grand_Prix,ANT,Mercedes,4.0,4.0,18.0,10.0,11.33,8.4,0.0,3.2,,5.66,3
2025,10,Canadian_Grand_Prix,BEA,Haas F1 Team,14.0,13.0,15.33,14.75,17.67,17.4,0.0,0.0,-3.0,2.28,11
2025,10,Canadian_Grand_Prix,BOR,Audi,16.0,15.0,14.67,15.5,14.0,15.0,0.0,0.0,0.0,2.6,14
2025,10,Canadian_Grand_Prix,COL,Alpine,12.0,10.0,14.67,14.67,17.33,17.33,0.0,0.0,3.0,1.25,13
2025,10,Canadian_Grand_Prix,DOO,,,,,17.0,,15.5,,0.0,,0.0,
2025,10,Canadian_Grand_Prix,GAS,Alpine,20.0,20.0,10.5,11.33,11.67,12.8,1.33,0.8,0.0,2.36,15
2025,10,Canadian_Grand_Prix,HAD,Racing Bulls,9.0,12.0,7.33,8.6,7.67,9.6,5.33,3.4,2.0,1.85,16
2025,10,Canadian_Grand_Prix,HAM,Ferrari,5.0,5.0,5.0,6.0,8.0,8.6,10.0,8.0,-1.0,1.41,6
2025,10,Canadian_Grand_Prix,HUL,Audi,13.0,11.0,11.0,12.4,15.0,15.8,3.33,2.0,10.0,3.93,8
2025,10,Canadian_Grand_Prix,LAW,Racing Bulls,19.0,19.0,11.0,11.25,12.33,12.8,1.33,0.8,2.0,2.17,R
2025,10,Canadian_Grand_Prix,LEC,Ferrari,8.0,8.0,3.67,4.2,6.67,6.4,13.67,12.4,4.0,1.94,5
2025,10,Canadian_Grand_Prix,NOR,McLaren,7.0,7.0,1.67,2.2,2.33,3.8,20.33,18.2,0.0,0.98,18
2025,10,Canadian_Grand_Prix,OCO,Haas F1 Team,15.0,14.0,11.5,12.25,14.0,14.0,2.0,1.2,0.0,3.34,9
2025,10,Canadian_Grand_Prix,PIA,McLaren,3.0,3.0,2.33,1.8,1.67,2.2,18.33,21.0,0.0,0.98,4
2025,10,Canadian_Grand_Prix,RUS,Mercedes,1.0,1.0,7.33,6.0,7.0,5.8,6.0,8.6,0.0,2.83,1
2025,10,Canadian_Grand_Prix,SAI,Williams,17.0,16.0,10.67,9.8,11.33,9.2,1.67,2.2,3.0,2.23,10
2025,10,Canadian_Grand_Prix,STR,Aston Martin,18.0,17.0,15.0,15.5,13.5,15.25,0.0,0.0,,0.5,17
2025,10,Canadian_Grand_Prix,TSU,Red Bull Racing,11.0,18.0,13.33,12.5,17.0,13.8,0.33,0.4,6.0,2.87,12
2025,10,Canadian_Grand_Prix,VER,Red Bull Racing,2.0,2.0,5.0,4.2,3.0,2.2,12.67,13.6,-7.0,3.12,2
2025,11,Austrian_Grand_Prix,ALB,Williams,12.0,12.0,9.0,6.33,10.0,8.8,0.67,4.4,,1.89,R
2025,11,Austrian_Grand_Prix,ALO,Aston Martin,11.0,11.0,8.0,10.5,7.33,8.8,2.67,1.6,-1.0,2.96,7
2025,11,Austrian_Grand_Prix,ANT,Mercedes,9.0,9.0,10.5,9.0,8.33,8.2,5.0,4.6,1.0,6.48,R
2025,11,Austrian_Grand_Prix,BEA,Haas F1 Team,15.0,15.0,13.33,14.25,15.67,17.0,0.0,0.0,2.0,2.77,11
2025,11,Austrian_Grand_Prix,BOR,Audi,8.0,8.0,13.33,14.5,14.33,14.0,0.0,0.0,1.0,2.18,8
2025,11,Austrian_Grand_Prix,COL,Alpine,14.0,14.0,13.67,14.25,15.33,15.5,0.0,0.0,-3.0,1.3,15
2025,11,Austrian_Grand_Prix,DOO,,,,,,,14.0,,0.0,,,
2025,11,Austrian_Grand_Prix,GAS,Alpine,10.0,10.0,11.5,12.25,15.0,15.0,1.33,0.8,5.0,2.59,13
2025,11,Austrian_Grand_Prix,HAD,Racing Bulls,13.0,13.0,9.67,9.8,8.67,9.2,4.67,3.2,-4.0,3.54,12
2025,11,Austrian_Grand_Prix,HAM,Ferrari,4.0,4.0,5.67,5.8,5.67,8.2,8.67,8.4,-1.0,1.33,4
2025,11,Austrian_Grand_Prix,HUL,Audi,20.0,20.0,9.67,11.0,13.0,14.4,4.67,2.8,3.0,4.0,9
2025,11,Austrian_Grand_Prix,LAW,Racing Bulls,6.0,6.0,9.5,11.0,13.67,14.2,1.33,0.8,,2.45,6
2025,11,Austrian_Grand_Prix,LEC,Ferrari,2.0,2.0,3.33,4.6,5.67,7.2,14.33,11.4,3.0,1.85,3
2025,11,Austrian_Grand_Prix,NOR,McLaren,1.0,1.0,7.0,5.0,3.33,3.2,14.33,15.8,-11.0,6.51,1
2025,11,Austrian_Grand_Prix,OCO,Haas F1 Team,17.0,17.0,10.67,11.0,12.67,13.0,2.67,1.6,5.0,3.39,10
2025,11,Austrian_Grand_Prix,PIA,McLaren,3.0,3.0,2.67,2.4,2.33,2.4,17.33,18.4,-1.0,1.2,2
2025,11,Austrian_Grand_Prix,RUS,Mercedes,5.0,5.0,5.33,5.2,6.33,5.4,12.33,11.6,0.0,3.49,5
2025,11,Austrian_Grand_Prix,SAI,Williams,19.0,19.0,11.33,10.2,14.67,11.2,0.67,1.6,6.0,2.04,W
2025,11,Austrian_Grand_Prix,STR,Aston Martin,16.0,16.0,16.0,15.75,18.0,15.5,0.0,0.0,0.0,0.83,14
2025,11,Austrian_Grand_Prix,TSU,Red Bull Racing,18.0,18.0,14.0,12.4,16.33,15.8,0.0,0.4,6.0,2.58,16
2025,11,Austrian_Grand_Prix,VER,Red Bull Racing,7.0,7.0,5.33,4.2,3.0,2.4,10.33,13.6,0.0,3.12,R
2025,12,British_Grand_Prix,ALB,Williams,14.0,13.0,,7.0,10.67,9.8,0.0,2.4,,2.0,8
2025,12,British_Grand_Prix,ALO,Aston Martin,9.0,7.0,7.67,8.5,9.0,7.6,4.67,2.8,4.0,1.66,9
2025,12,British_Grand_Prix,ANT,Mercedes,7.0,10.0,3.0,10.5,6.33,9.4,5.0,3.0,,7.5,R
2025,12,British_Grand_Prix,BEA,Haas F1 Team,8.0,18.0,13.0,13.6,14.0,16.2,0.0,0.0,4.0,2.8,11
2025,12,British_Grand_Prix,BOR,Audi,17.0,16.0,11.33,13.2,11.67,13.0,1.33,0.8,0.0,3.25,R
2025,12,British_Grand_Prix,COL,Alpine,20.0,20.0,14.33,14.4,14.0,15.2,0.0,0.0,-1.0,1.2,W
2025,12,British_Grand_Prix,DOO,,,,,,,,,,,,
2025,12,British_Grand_Prix,GAS,Alpine,10.0,8.0,12.0,12.25,12.67,13.0,1.33,0.8,-3.0,2.59,6
2025,12,British_Grand_Prix,HAD,Racing Bulls,13.0,12.0,11.67,10.0,11.33,9.6,2.0,3.2,1.0,3.63,R
2025,12,British_Grand_Prix,HAM,Ferrari,5.0,5.0,5.33,5.0,4.67,6.6,9.33,10.0,0.0,0.89,4
2025,12,British_Grand_Prix,HUL,Audi,19.0,19.0,7.33,10.0,15.33,15.2,5.33,3.2,11.0,3.74,3
2025,12,British_Grand_Prix,LAW,Racing Bulls,16.0,15.0,8.5,9.75,12.67,12.4,2.67,2.4,0.0,3.03,R
2025,12,British_Grand_Prix,LEC,Ferrari,6.0,6.0,3.67,3.8,5.67,6.0,13.33,13.2,-1.0,1.47,14
2025,12,British_Grand_Prix,NOR,McLaren,3.0,3.0,7.0,4.8,3.33,3.0,14.33,17.2,0.0,6.62,1
2025,12,British_Grand_Prix,OCO,Haas F1 Team,15.0,14.0,11.67,10.5,15.67,14.6,1.0,1.8,7.0,3.35,13
2025,12,British_Grand_Prix,PIA,McLaren,2.0,2.0,2.33,2.6,2.33,2.2,18.33,17.0,1.0,1.02,2
2025,12,British_Grand_Prix,RUS,Mercedes,4.0,4.0,3.33,5.6,3.33,5.4,15.67,10.6,0.0,3.32,10
2025,12,British_Grand_Prix,SAI,Williams,11.0,9.0,12.0,10.5,17.33,13.8,0.33,1.2,,2.18,12
2025,12,British_Grand_Prix,STR,Aston Martin,18.0,17.0,15.5,15.25,16.5,15.0,0.0,0.0,2.0,1.09,7
2025,12,British_Grand_Prix,TSU,Red Bull Racing,12.0,11.0,13.67,13.6,18.33,17.4,0.0,0.2,2.0,2.58,15
2025,12,British_Grand_Prix,VER,Red Bull Racing,1.0,1.0,6.0,4.25,4.0,3.6,6.33,11.2,,3.49,5
2025,13,Belgian_Grand_Prix,ALB,Williams,5.0,5.0,8.0,8.5,11.33,11.0,1.33,1.2,5.0,0.5,6
2025,13,Belgian_Grand_Prix,ALO,Aston Martin,19.0,20.0,7.67,8.0,8.0,8.0,4.67,3.2,-2.0,1.0,17
2025,13,Belgian_Grand_Prix,ANT,Mercedes,18.0,19.0,3.0,10.5,7.67,8.8,5.0,3.0,,7.5,16
2025,13,Belgian_Grand_Prix,BEA,Haas F1 Team,12.0,12.0,11.0,12.4,15.33,16.0,0.0,0.0,7.0,2.33,11
2025,13,Belgian_Grand_Prix,BOR,Audi,10.0,10.0,11.0,12.0,13.0,13.4,1.33,0.8,,2.45,9
2025,13,Belgian_Grand_Prix,COL,Alpine,17.0,15.0,14.0,14.0,14.67,16.0,0.0,0.0,,1.0,19
2025,13,Belgian_Grand_Prix,DOO,,,,,,,,,,,,
2025,13,Belgian_Grand_Prix,GAS,Alpine,13.0,13.0,11.33,10.5,12.67,12.6,2.67,2.4,2.0,3.64,10
2025,13,Belgian_Grand_Prix,HAD,Racing Bulls,8.0,8.0,14.0,10.25,12.33,10.2,0.0,2.8,,4.02,20
2025,13,Belgian_Grand_Prix,HAM,Ferrari,16.0,18.0,4.67,5.0,4.67,5.2,10.67,10.0,1.0,0.89,7
2025,13,Belgian_Grand_Prix,HUL,Audi,14.0,14.0,6.67,8.2,16.67,15.6,7.0,6.2,16.0,4.45,12
2025,13,Belgian_Grand_Prix,LAW,Racing Bulls,9.0,9.0,6.0,8.33,13.33,12.4,2.67,2.4,,2.05,8
2025,13,Belgian_Grand_Prix,LEC,Ferrari,3.0,3.0,7.33,5.4,5.33,5.0,8.33,11.6,-8.0,4.41,3
2025,13,Belgian_Grand_Prix,NOR,McLaren,1.0,1.0,6.67,4.6,3.67,2.8,16.67,18.6,2.0,6.71,2
2025,13,Belgian_Grand_Prix,OCO,Haas F1 Team,11.0,11.0,10.67,11.0,15.0,13.8,1.0,1.8,1.0,3.16,15
2025,13,Belgian_Grand_Prix,PIA,McLaren,2.0,2.0,2.67,2.4,2.67,2.4,16.0,17.6,0.0,1.02,1
2025,13,Belgian_Grand_Prix,RUS,Mercedes,6.0,6.0,5.33,6.2,3.33,5.6,12.0,9.6,-6.0,3.76,5
2025,13,Belgian_Grand_Prix,SAI,Williams,15.0,17.0,11.0,11.5,14.67,14.4,0.33,0.4,-3.0,1.66,18
2025,13,Belgian_Grand_Prix,STR,Aston Martin,20.0,16.0,12.67,13.25,16.67,17.25,2.0,1.5,10.0,3.77,14
2025,13,Belgian_Grand_Prix,TSU,Red Bull Racing,7.0,7.0,14.33,14.6,15.67,15.6,0.0,0.0,-4.0,1.85,13
2025,13,Belgian_Grand_Prix,VER,Red Bull Racing,4.0,4.0,3.5,5.25,3.33,3.4,9.33,8.2,-4.0,2.95,4
2025,14,Hungarian_Grand_Prix,ALB,Williams,20.0,19.0,7.0,7.0,10.0,10.0,4.0,2.4,-1.0,1.0,15
2025,14,Hungarian_Grand_Prix,ALO,Aston Martin,5.0,5.0,11.0,9.8,12.67,10.8,2.67,3.2,3.0,3.71,5
2025,14,Hungarian_Grand_Prix,ANT,Mercedes,15.0,15.0,16.0,9.5,12.67,9.6,0.0,3.0,3.0,6.5,10
2025,14,Hungarian_Grand_Prix,BEA,Haas F1 Team,11.0,11.0,11.0,12.2,15.0,14.4,0.0,0.0,1.0,2.4,R
2025,14,Hungarian_Grand_Prix,BOR,Audi,7.0,7.0,8.5,10.75,11.33,12.2,2.0,1.2,1.0,2.38,6
2025,14,Hungarian_Grand_Prix,COL,Alpine,14.0,14.0,17.0,15.5,16.33,15.4,0.0,0.0,-4.0,2.18,18
2025,14,Hungarian_Grand_Prix,DOO,,,,,,,,,,,,
2025,14,Hungarian_Grand_Prix,GAS,Alpine,17.0,16.0,9.67,10.4,10.33,11.8,3.0,2.6,3.0,3.26,19
2025,14,Hungarian_Grand_Prix,HAD,Racing Bulls,10.0,10.0,16.0,13.75,11.0,10.8,0.0,1.2,-12.0,4.82,11
2025,14,Hungarian_Grand_Prix,HAM,Ferrari,12.0,12.0,5.0,5.4,9.0,7.4,10.0,9.2,11.0,1.2,12
2025,14,Hungarian_Grand_Prix,HUL,Audi,19.0,18.0,8.0,7.4,17.67,15.8,5.67,6.2,2.0,3.14,13
2025,14,Hungarian_Grand_Prix,LAW,Racing Bulls,9.0,9.0,7.0,8.33,10.0,12.4,4.0,2.4,1.0,2.05,8
2025,14,Hungarian_Grand_Prix,LEC,Ferrari,1.0,1.0,6.67,5.6,3.67,5.2,10.0,11.0,0.0,4.27,4
2025,14,Hungarian_Grand_Prix,NOR,McLaren,3.0,3.0,1.33,4.8,1.67,2.8,22.67,17.2,-1.0,6.62,1
2025,14,Hungarian_Grand_Prix,OCO,Haas F1 Team,18.0,17.0,12.67,12.6,14.0,14.4,0.33,0.6,-4.0,2.73,16
2025,14,Hungarian_Grand_Prix,PIA,McLaren,2.0,2.0,1.67,2.0,2.33,2.2,20.33,19.6,1.0,1.1,2
2025,14,Hungarian_Grand_Prix,RUS,Mercedes,4.0,4.0,6.67,5.0,5.0,4.0,7.0,11.6,1.0,2.9,3
2025,14,Hungarian_Grand_Prix,SAI,Williams,13.0,13.0,15.0,13.5,15.0,15.6,0.0,0.2,-1.0,2.96,14
2025,14,Hungarian_Grand_Prix,STR,Aston Martin,6.0,6.0,11.67,13.0,16.33,16.5,2.0,1.5,2.0,3.67,7
2025,14,Hungarian_Grand_Prix,TSU,Red Bull Racing,16.0,20.0,14.67,13.8,12.0,14.6,0.0,0.0,-6.0,1.47,17
2025,14,Hungarian_Grand_Prix,VER,Red Bull Racing,8.0,8.0,4.5,5.25,4.0,3.4,7.33,8.2,0.0,2.95,9
2025,15,Dutch_Grand_Prix,ALB,Williams,15.0,15.0,9.67,9.67,12.33,11.6,4.0,2.4,4.0,3.86,5
2025,15,Dutch_Grand_Prix,ALO,Aston Martin,10.0,10.0,10.33,9.0,10.67,9.8,4.0,4.8,0.0,4.2,8
2025,15,Dutch_Grand_Prix,ANT,Mercedes,11.0,11.0,13.0,9.67,14.67,11.4,0.33,3.2,5.0,5.31,16
2025,15,Dutch_Grand_Prix,BEA,Haas F1 Team,19.0,20.0,11.0,11.0,13.67,13.8,0.0,0.0,,0.0,6
2025,15,Dutch_Grand_Prix,BOR,Audi,13.0,13.0,7.5,9.25,11.0,11.2,3.33,2.8,1.0,2.95,15
2025,15,Dutch_Grand_Prix,COL,Alpine,16.0,16.0,18.5,16.25,16.33,14.6,0.0,0.0,-4.0,2.38,11
2025,15,Dutch_Grand_Prix,DOO,,,,,,,,,,,,
2025,15,Dutch_Grand_Prix,GAS,Alpine,14.0,14.0,11.67,12.6,12.33,13.4,3.0,1.8,-3.0,4.41,17
2025,15,Dutch_Grand_Prix,HAD,Racing Bulls,4.0,4.0,15.5,14.75,10.0,11.0,0.0,0.0,-1.0,3.56,3
2025,15,Dutch_Grand_Prix,HAM,Ferrari,7.0,7.0,7.67,6.6,11.67,8.8,6.0,7.6,0.0,2.94,R
2025,15,Dutch_Grand_Prix,HUL,Audi,17.0,17.0,9.33,9.0,17.0,16.4,5.0,4.2,5.0,3.52,14
2025,15,Dutch_Grand_Prix,LAW,Racing Bulls,8.0,8.0,8.0,7.33,11.0,11.6,2.67,3.2,1.0,0.94,12
2025,15,Dutch_Grand_Prix,LEC,Ferrari,6.0,6.0,7.0,5.8,3.33,4.0,9.0,10.4,-3.0,4.17,R
2025,15,Dutch_Grand_Prix,NOR,McLaren,2.0,2.0,1.33,4.6,2.33,3.0,22.67,18.6,2.0,6.71,18
2025,15,Dutch_Grand_Prix,OCO,Haas F1 Team,18.0,18.0,14.67,12.6,14.0,14.6,0.0,0.6,1.0,2.73,10
2025,15,Dutch_Grand_Prix,PIA,McLaren,1.0,1.0,1.67,2.2,2.0,2.4,20.33,18.2,0.0,0.98,1
2025,15,Dutch_Grand_Prix,RUS,Mercedes,5.0,5.0,6.0,4.8,4.67,4.0,8.67,12.2,1.0,2.99,4
2025,15,Dutch_Grand_Prix,SAI,Williams,9.0,9.0,14.67,13.5,13.0,14.8,0.0,0.2,-1.0,2.96,13
2025,15,Dutch_Grand_Prix,STR,Aston Martin,20.0,19.0,9.33,11.8,13.0,14.4,4.0,2.4,-1.0,4.07,7
2025,15,Dutch_Grand_Prix,TSU,Red Bull Racing,12.0,12.0,15.0,14.6,12.67,14.8,0.0,0.0,3.0,1.85,9
2025,15,Dutch_Grand_Prix,VER,Red Bull Racing,3.0,3.0,6.0,5.0,4.33,4.4,8.0,8.4,-1.0,2.55,2
2025,16,Italian_Grand_Prix,ALB,Williams,14.0,14.0,8.67,8.5,13.0,12.8,6.0,4.4,10.0,3.91,7
2025,16,Italian_Grand_Prix,ALO,Aston Martin,9.0,8.0,10.0,9.2,11.67,10.6,4.67,4.4,2.0,4.12,R
2025,16,Italian_Grand_Prix,ANT,Mercedes,7.0,6.0,14.0,14.0,15.0,12.8,0.33,0.2,-5.0,2.83,9
2025,16,Italian_Grand_Prix,BEA,Haas F1 Team,11.0,11.0,8.5,9.75,14.33,15.2,2.67,1.6,14.0,2.17,12
2025,16,Italian_Grand_Prix,BOR,Audi,8.0,7.0,10.0,9.5,10.0,10.8,3.33,2.8,-2.0,3.35,8
2025,16,Italian_Grand_Prix,COL,Alpine,18.0,17.0,16.0,15.75,15.0,15.8,0.0,0.0,5.0,3.11,17
2025,16,Italian_Grand_Prix,DOO,,,,,,,,,,,,
2025,16,Italian_Grand_Prix,GAS,Alpine,19.0,20.0,15.33,13.0,14.33,12.2,0.33,1.8,-3.0,4.69,16
2025,16,Italian_Grand_Prix,HAD,Racing Bulls,16.0,19.0,11.33,11.5,7.33,9.4,5.0,3.0,1.0,6.02,10
2025,16,Italian_Grand_Prix,HAM,Ferrari,5.0,10.0,9.5,6.75,12.33,9.2,2.0,6.0,,3.27,6
2025,16,Italian_Grand_Prix,HUL,Audi,12.0,12.0,13.0,10.2,16.33,17.6,0.0,3.4,3.0,3.97,W
2025,16,Italian_Grand_Prix,LAW,Racing Bulls,20.0,18.0,9.33,8.5,8.67,9.4,2.67,3.2,-4.0,2.18,14
2025,16,Italian_Grand_Prix,LEC,Ferrari,4.0,4.0,3.5,6.0,3.33,3.6,9.0,8.4,,4.64,4
2025,16,Italian_Grand_Prix,NOR,McLaren,2.0,2.0,7.0,4.6,2.0,2.0,14.33,18.6,-16.0,6.71,2
2025,16,Italian_Grand_Prix,OCO,Haas F1 Team,15.0,15.0,13.67,12.8,15.33,15.4,0.33,0.4,8.0,2.48,15
2025,16,Italian_Grand_Prix,PIA,McLaren,3.0,3.0,1.33,1.6,1.67,2.0,22.67,20.8,0.0,0.49,3
2025,16,Italian_Grand_Prix,RUS,Mercedes,6.0,5.0,4.0,5.4,5.0,4.8,12.33,9.6,1.0,2.42,5
2025,16,Italian_Grand_Prix,SAI,Williams,13.0,13.0,15.0,14.25,13.0,13.4,0.0,0.0,-4.0,2.28,11
2025,16,Italian_Grand_Prix,STR,Aston Martin,17.0,16.0,9.33,9.8,13.67,14.8,4.0,3.6,12.0,3.43,18
2025,16,Italian_Grand_Prix,TSU,Red Bull Racing,10.0,9.0,13.0,14.0,13.0,13.6,0.67,0.4,3.0,2.83,13
2025,16,Italian_Grand_Prix,VER,Red Bull Racing,1.0,1.0,5.0,5.0,5.0,4.6,10.67,8.4,1.0,2.55,1
2025,17,Azerbaijan_Grand_Prix,ALB,Williams,19.0,19.0,9.0,8.2,16.0,13.2,5.33,5.6,7.0,3.54,13
2025,17,Azerbaijan_Grand_Prix,ALO,Aston Martin,11.0,11.0,6.5,9.75,7.67,10.0,4.67,3.2,,4.44,15
2025,17,Azerbaijan_Grand_Prix,ANT,Mercedes,4.0,4.0,11.67,12.75,10.67,12.2,1.0,0.6,-3.0,3.27,4
2025,17,Azerbaijan_Grand_Prix,BEA,Haas F1 Team,15.0,15.0,9.0,10.0,14.0,14.4,2.67,1.6,-1.0,2.35,12
2025,17,Azerbaijan_Grand_Prix,BOR,Audi,13.0,13.0,9.67,9.5,9.0,10.6,4.0,2.8,-1.0,3.35,11
2025,17,Azerbaijan_Grand_Prix,COL,Alpine,16.0,16.0,15.33,16.25,15.67,16.4,0.0,0.0,0.0,3.11,19
2025,17,Azerbaijan_Grand_Prix,DOO,,,,,,,,,,,,
2025,17,Azerbaijan_Grand_Prix,GAS,Alpine,18.0,18.0,17.33,13.6,16.67,14.2,0.0,1.8,4.0,4.84,18
2025,17,Azerbaijan_Grand_Prix,HAD,Racing Bulls,8.0,8.0,8.0,11.0,11.0,10.6,5.33,3.2,9.0,6.04,10
2025,17,Azerbaijan_Grand_Prix,HAM,Ferrari,12.0,12.0,9.0,7.25,9.67,10.4,2.67,5.2,4.0,2.95,8
2025,17,Azerbaijan_Grand_Prix,HUL,Audi,17.0,17.0,13.5,10.5,15.67,16.0,0.0,3.0,,4.39,16
2025,17,Azerbaijan_Grand_Prix,LAW,Racing Bulls,3.0,3.0,11.33,10.5,11.67,11.8,1.33,1.6,4.0,2.6,5
2025,17,Azerbaijan_Grand_Prix,LEC,Ferrari,10.0,10.0,4.0,6.25,3.67,4.0,8.0,7.8,0.0,4.49,9
2025,17,Azerbaijan_Grand_Prix,NOR,McLaren,7.0,7.0,7.0,4.8,2.33,2.2,14.33,17.2,0.0,6.62,7
2025,17,Azerbaijan_Grand_Prix,OCO,Haas F1 Team,20.0,20.0,13.67,13.8,16.67,15.0,0.33,0.2,0.0,2.14,14
2025,17,Azerbaijan_Grand_Prix,PIA,McLaren,9.0,9.0,2.0,1.8,2.0,2.0,19.33,20.2,0.0,0.75,R
2025,17,Azerbaijan_Grand_Prix,RUS,Mercedes,5.0,5.0,4.0,5.4,4.67,4.8,12.33,9.6,0.0,2.42,2
2025,17,Azerbaijan_Grand_Prix,SAI,Williams,2.0,2.0,12.67,13.6,11.67,12.2,0.0,0.0,2.0,2.42,3
2025,17,Azerbaijan_Grand_Prix,STR,Aston Martin,14.0,14.0,10.67,10.6,13.67,14.8,4.0,3.6,-2.0,4.59,17
2025,17,Azerbaijan_Grand_Prix,TSU,Red Bull Racing,6.0,6.0,13.0,13.4,13.67,11.8,0.67,0.4,-4.0,2.65,6
2025,17,Azerbaijan_Grand_Prix,VER,Red Bull Racing,1.0,1.0,4.0,4.2,4.0,3.4,15.0,13.4,0.0,2.79,1
2025,18,Singapore_Grand_Prix,ALB,Williams,19.0,20.0,8.33,9.2,16.0,14.4,5.33,4.8,6.0,4.02,14
2025,18,Singapore_Grand_Prix,ALO,Aston Martin,10.0,10.0,11.5,11.25,9.67,10.8,1.33,2.8,-4.0,4.92,7
2025,18,Singapore_Grand_Prix,ANT,Mercedes,4.0,4.0,9.67,11.0,7.0,11.0,4.67,3.0,0.0,4.56,5
2025,18,Singapore_Grand_Prix,BEA,Haas F1 Team,9.0,9.0,10.0,10.25,15.33,13.8,2.67,1.6,3.0,2.49,9
2025,18,Singapore_Grand_Prix,BOR,Audi,14.0,14.0,11.33,9.8,11.0,10.0,1.33,2.8,2.0,3.06,17
2025,18,Singapore_Grand_Prix,COL,Alpine,16.0,16.0,15.67,16.8,16.33,15.6,0.0,0.0,-3.0,2.99,16
2025,18,Singapore_Grand_Prix,DOO,,,,,,,,,,,,
2025,18,Singapore_Grand_Prix,GAS,Alpine,18.0,19.0,17.0,16.0,17.33,16.2,0.0,0.2,0.0,3.16,19
2025,18,Singapore_Grand_Prix,HAD,Racing Bulls,8.0,8.0,7.67,10.8,10.33,9.8,5.67,3.4,-2.0,5.42,11
2025,18,Singapore_Grand_Prix,HAM,Ferrari,6.0,6.0,7.0,8.25,9.67,11.8,4.0,3.6,4.0,2.28,8
2025,18,Singapore_Grand_Prix,HUL,Audi,11.0,11.0,15.0,13.75,15.33,15.6,0.0,0.0,1.0,1.48,20
2025,18,Singapore_Grand_Prix,LAW,Racing Bulls,12.0,12.0,10.33,9.4,9.67,9.4,3.33,3.6,-2.0,3.2,15
2025,18,Singapore_Grand_Prix,LEC,Ferrari,7.0,7.0,6.5,5.0,6.67,4.8,4.67,8.2,1.0,2.35,6
2025,18,Singapore_Grand_Prix,NOR,McLaren,5.0,5.0,9.0,6.0,3.67,3.0,8.0,13.4,0.0,6.36,3
2025,18,Singapore_Grand_Prix,OCO,Haas F1 Team,17.0,17.0,13.0,14.0,17.67,16.2,0.33,0.2,6.0,2.1,18
2025,18,Singapore_Grand_Prix,PIA,McLaren,3.0,3.0,2.0,1.75,4.33,3.4,13.33,16.6,,0.83,4
2025,18,Singapore_Grand_Prix,RUS,Mercedes,1.0,1.0,3.67,3.8,5.0,5.0,13.33,13.0,3.0,1.17,1
2025,18,Singapore_Grand_Prix,SAI,Williams,20.0,18.0,9.0,11.8,8.0,10.8,5.0,3.0,-1.0,4.96,10
2025,18,Singapore_Grand_Prix,STR,Aston Martin,15.0,15.0,14.0,12.6,16.33,14.2,2.0,2.4,-3.0,4.76,13
2025,18,Singapore_Grand_Prix,TSU,Red Bull Racing,13.0,13.0,9.33,11.6,9.0,10.8,3.33,2.0,0.0,3.77,12
2025,18,Singapore_Grand_Prix,VER,Red Bull Racing,2.0,2.0,1.33,3.4,1.67,3.4,22.67,16.4,0.0,3.01,2
2025,19,United_States_Grand_Prix,ALB,Williams,19.0,18.0,11.33,10.8,17.67,17.4,2.0,3.2,6.0,4.02,14
2025,19,United_States_Grand_Prix,ALO,Aston Martin,10.0,10.0,11.0,8.75,9.67,8.8,2.0,4.0,3.0,3.77,10
2025,19,United_States_Grand_Prix,ANT,Mercedes,7.0,7.0,6.0,8.8,4.67,8.0,8.0,5.0,-1.0,4.26,13
2025,19,United_States_Grand_Prix,BEA,Haas F1 Team,8.0,8.0,11.0,9.75,11.67,13.2,0.67,2.0,0.0,2.49,9
2025,19,United_States_Grand_Prix,BOR,Audi,16.0,16.0,12.0,11.4,11.33,10.8,1.33,2.4,-3.0,4.13,18
2025,19,United_States_Grand_Prix,COL,Alpine,15.0,15.0,17.33,16.2,16.33,15.8,0.0,0.0,0.0,2.79,17
2025,19,United_States_Grand_Prix,DOO,,,,,,,,,,,,
2025,19,United_States_Grand_Prix,GAS,Alpine,14.0,14.0,17.67,17.8,19.0,17.4,0.0,0.0,0.0,1.17,19
2025,19,United_States_Grand_Prix,HAD,Racing Bulls,20.0,20.0,10.33,9.0,11.67,9.8,0.67,3.4,-3.0,3.03,16
2025,19,United_States_Grand_Prix,HAM,Ferrari,5.0,5.0,7.33,8.5,9.33,9.4,5.33,3.2,-2.0,2.18,4
2025,19,United_States_Grand_Prix,HUL,Audi,11.0,11.0,18.0,15.75,13.33,15.0,0.0,0.0,-9.0,2.68,8
2025,19,United_States_Grand_Prix,LAW,Racing Bulls,12.0,12.0,11.33,10.8,11.0,10.0,3.33,2.8,-3.0,3.76,11
2025,19,United_States_Grand_Prix,LEC,Ferrari,3.0,3.0,6.33,5.75,7.0,5.6,7.33,6.8,1.0,2.05,3
2025,19,United_States_Grand_Prix,NOR,McLaren,2.0,2.0,4.0,6.2,4.67,3.8,13.0,12.8,2.0,6.24,2
2025,19,United_States_Grand_Prix,OCO,Haas F1 Team,17.0,17.0,15.67,14.6,17.33,17.4,0.0,0.2,-1.0,2.65,15
2025,19,United_States_Grand_Prix,PIA,McLaren,6.0,6.0,3.5,2.5,5.0,3.6,9.0,14.0,-1.0,1.12,5
2025,19,United_States_Grand_Prix,RUS,Mercedes,4.0,4.0,2.67,3.0,3.67,4.0,17.67,16.0,0.0,1.41,6
2025,19,United_States_Grand_Prix,SAI,Williams,9.0,9.0,8.0,10.2,11.0,11.0,5.33,3.2,8.0,3.87,R
2025,19,United_States_Grand_Prix,STR,Aston Martin,18.0,19.0,16.0,12.4,15.0,14.0,0.0,2.4,2.0,4.72,12
2025,19,United_States_Grand_Prix,TSU,Red Bull Racing,13.0,13.0,10.33,11.4,9.33,12.0,2.67,2.0,1.0,3.72,7
2025,19,United_States_Grand_Prix,VER,Red Bull Racing,1.0,1.0,1.33,3.0,1.33,3.0,22.67,17.6,0.0,3.03,1
2025,20,Mexico_City_Grand_Prix,ALB,Williams,17.0,17.0,13.67,10.6,19.0,17.2,0.0,3.2,4.0,3.83,12
2025,20,Mexico_City_Grand_Prix,ALO,Aston Martin,14.0,14.0,10.67,10.0,10.33,9.8,2.33,2.2,0.0,3.08,R
2025,20,Mexico_City_Grand_Prix,ANT,Mercedes,6.0,6.0,7.33,9.4,5.0,6.4,7.33,4.8,-6.0,4.59,6
2025,20,Mexico_City_Grand_Prix,BEA,Haas F1 Team,10.0,9.0,10.0,9.6,10.67,12.6,1.33,2.4,-1.0,2.24,4
2025,20,Mexico_City_Grand_Prix,BOR,Audi,16.0,16.0,15.33,13.8,14.33,12.6,0.0,0.8,-2.0,3.76,10
2025,20,Mexico_City_Grand_Prix,COL,Alpine,20.0,20.0,17.33,16.0,15.67,16.0,0.0,0.0,-2.0,2.68,16
2025,20,Mexico_City_Grand_Prix,DOO,,,,,,,,,,,,
2025,20,Mexico_City_Grand_Prix,GAS,Alpine,18.0,18.0,18.67,17.8,17.0,17.0,0.0,0.0,-5.0,1.17,15
2025,20,Mexico_City_Grand_Prix,HAD,Racing Bulls,9.0,8.0,12.33,10.0,12.0,11.8,0.33,3.4,4.0,4.15,13
2025,20,Mexico_City_Grand_Prix,HAM,Ferrari,3.0,3.0,6.67,6.5,7.67,8.0,6.67,5.6,1.0,1.66,8
2025,20,Mexico_City_Grand_Prix,HUL,Audi,13.0,13.0,14.67,14.5,13.0,13.6,1.33,0.8,3.0,4.33,R
2025,20,Mexico_City_Grand_Prix,LAW,Racing Bulls,15.0,15.0,10.33,11.4,9.0,10.6,3.33,2.0,1.0,3.5,R
2025,20,Mexico_City_Grand_Prix,LEC,Ferrari,2.0,2.0,6.0,5.5,6.67,6.0,8.33,7.4,0.0,2.29,2
2025,20,Mexico_City_Grand_Prix,NOR,McLaren,1.0,1.0,4.0,6.4,4.67,3.6,13.0,11.4,0.0,6.09,1
2025,20,Mexico_City_Grand_Prix,OCO,Haas F1 Team,12.0,11.0,15.67,14.4,18.0,17.4,0.0,0.2,2.0,2.58,9
2025,20,Mexico_City_Grand_Prix,PIA,McLaren,8.0,7.0,4.5,3.25,6.0,4.4,7.33,12.4,1.0,1.48,5
2025,20,Mexico_City_Grand_Prix,RUS,Mercedes,4.0,4.0,3.0,3.6,3.33,4.0,17.0,14.6,-2.0,1.85,7
2025,20,Mexico_City_Grand_Prix,SAI,Williams,7.0,12.0,6.5,9.25,9.67,10.2,5.33,3.2,,3.77,17
2025,20,Mexico_City_Grand_Prix,STR,Aston Martin,19.0,19.0,14.0,13.4,16.0,16.6,0.0,1.2,7.0,3.93,14
2025,20,Mexico_City_Grand_Prix,TSU,Red Bull Racing,11.0,10.0,8.33,9.4,10.67,10.6,4.67,3.2,6.0,2.73,11
2025,20,Mexico_City_Grand_Prix,VER,Red Bull Racing,5.0,5.0,1.33,1.4,1.33,1.6,22.67,22.2,0.0,0.49,3
2025,21,São_Paulo_Grand_Prix,ALB,Williams,12.0,12.0,13.33,12.0,18.33,17.6,0.0,1.2,5.0,2.61,11
2025,21,São_Paulo_Grand_Prix,ALO,Aston Martin,11.0,11.0,8.5,10.67,11.33,10.6,2.33,1.4,,3.3,14
2025,21,São_Paulo_Grand_Prix,ANT,Mercedes,2.0,2.0,8.0,7.4,5.67,5.4,6.0,6.4,0.0,3.26,2
2025,21,São_Paulo_Grand_Prix,BEA,Haas F1 Team,8.0,8.0,7.33,9.2,8.67,10.4,5.33,3.2,5.0,2.93,6
2025,21,São_Paulo_Grand_Prix,BOR,Audi,,18.0,15.0,12.8,15.33,13.2,0.33,1.0,6.0,3.97,R
2025,21,São_Paulo_Grand_Prix,COL,Alpine,18.0,16.0,16.33,17.0,17.0,16.8,0.0,0.0,4.0,1.1,15
2025,21,São_Paulo_Grand_Prix,DOO,,,,,,,,,,,,
2025,21,São_Paulo_Grand_Prix,GAS,Alpine,9.0,9.0,17.67,17.4,17.0,17.8,0.0,0.0,3.0,1.62,10
2025,21,São_Paulo_Grand_Prix,HAD,Racing Bulls,5.0,5.0,13.33,12.0,12.0,12.6,0.0,0.4,-5.0,2.28,8
2025,21,São_Paulo_Grand_Prix,HAM,Ferrari,13.0,13.0,6.67,6.8,4.67,7.2,6.67,6.4,-5.0,1.6,R
2025,21,São_Paulo_Grand_Prix,HUL,Audi,10.0,10.0,14.0,14.67,11.67,12.8,1.33,0.8,,4.99,9
2025,21,São_Paulo_Grand_Prix,LAW,Racing Bulls,7.0,7.0,13.0,11.25,13.0,12.0,0.0,2.0,,3.9,7
2025,21,São_Paulo_Grand_Prix,LEC,Ferrari,3.0,3.0,3.67,4.8,4.0,5.2,13.67,11.0,0.0,2.48,R
2025,21,São_Paulo_Grand_Prix,NOR,McLaren,1.0,1.0,2.0,3.0,2.67,3.4,19.33,16.4,0.0,2.1,1
2025,21,São_Paulo_Grand_Prix,OCO,Haas F1 Team,17.0,20.0,14.0,14.2,15.0,16.0,0.67,0.4,2.0,2.93,12
2025,21,São_Paulo_Grand_Prix,PIA,McLaren,4.0,4.0,4.67,4.25,5.33,5.6,10.67,9.4,2.0,0.83,5
2025,21,São_Paulo_Grand_Prix,RUS,Mercedes,6.0,6.0,4.67,4.2,3.0,3.8,13.0,13.4,-3.0,2.32,4
2025,21,São_Paulo_Grand_Prix,SAI,Williams,15.0,15.0,13.5,10.25,13.0,10.8,0.33,3.2,-5.0,4.97,13
2025,21,São_Paulo_Grand_Prix,STR,Aston Martin,14.0,14.0,13.0,14.8,17.67,16.6,0.0,0.0,5.0,2.32,16
2025,21,São_Paulo_Grand_Prix,TSU,Red Bull Racing,19.0,17.0,10.0,9.8,12.0,10.2,2.0,2.8,-1.0,2.79,17
2025,21,São_Paulo_Grand_Prix,VER,Red Bull Racing,16.0,19.0,2.0,1.6,2.67,2.0,19.33,21.6,2.0,0.8,3
2025,22,Las_Vegas_Grand_Prix,ALB,Williams,16.0,16.0,12.33,12.8,15.67,17.2,0.0,0.0,1.0,1.17,R
2025,22,Las_Vegas_Grand_Prix,ALO,Aston Martin,7.0,7.0,12.0,11.5,11.67,11.2,0.33,1.4,-3.0,3.2,11
2025,22,Las_Vegas_Grand_Prix,ANT,Mercedes,17.0,17.0,7.0,6.0,5.0,4.6,8.67,9.6,0.0,3.74,3
2025,22,Las_Vegas_Grand_Prix,BEA,Haas F1 Team,14.0,14.0,6.33,8.0,8.33,9.8,7.33,4.8,2.0,2.76,10
2025,22,Las_Vegas_Grand_Prix,BOR,Audi,18.0,18.0,14.0,14.0,16.67,15.4,0.33,0.2,,3.54,R
2025,22,Las_Vegas_Grand_Prix,COL,Alpine,15.0,15.0,16.0,16.6,17.0,16.6,0.0,0.0,1.0,1.36,15
2025,22,Las_Vegas_Grand_Prix,DOO,,,,,,,,,,,,
2025,22,Las_Vegas_Grand_Prix,GAS,Alpine,10.0,10.0,14.67,16.2,13.67,15.6,0.33,0.2,-1.0,3.43,13
2025,22,Las_Vegas_Grand_Prix,HAD,Racing Bulls,8.0,8.0,12.33,11.6,11.0,9.8,1.33,1.0,-3.0,2.73,6
2025,22,Las_Vegas_Grand_Prix,HAM,Ferrari,20.0,19.0,6.0,7.0,7.0,7.8,5.33,4.8,,1.73,8
2025,22,Las_Vegas_Grand_Prix,HUL,Audi,11.0,11.0,8.5,13.25,11.33,12.4,2.0,1.2,1.0,4.97,7
2025,22,Las_Vegas_Grand_Prix,LAW,Racing Bulls,6.0,6.0,9.0,9.5,11.33,9.8,2.0,3.2,0.0,3.84,14
2025,22,Las_Vegas_Grand_Prix,LEC,Ferrari,9.0,9.0,2.5,5.0,2.67,5.0,11.0,8.6,,2.74,4
2025,22,Las_Vegas_Grand_Prix,NOR,McLaren,1.0,1.0,1.33,2.8,1.33,3.2,22.67,17.8,0.0,2.23,D
2025,22,Las_Vegas_Grand_Prix,OCO,Haas F1 Team,13.0,13.0,12.0,13.6,16.0,17.0,0.67,0.4,8.0,3.01,9
2025,22,Las_Vegas_Grand_Prix,PIA,McLaren,5.0,5.0,5.0,4.75,5.67,5.8,10.0,8.4,-1.0,0.43,D
2025,22,Las_Vegas_Grand_Prix,RUS,Mercedes,4.0,4.0,5.67,4.0,4.67,4.0,8.67,13.8,2.0,2.28,2
2025,22,Las_Vegas_Grand_Prix,SAI,Williams,3.0,3.0,15.0,10.75,12.0,11.2,0.0,3.2,2.0,5.12,5
2025,22,Las_Vegas_Grand_Prix,STR,Aston Martin,12.0,12.0,14.0,14.4,17.33,16.2,0.0,0.0,-2.0,1.85,R
2025,22,Las_Vegas_Grand_Prix,TSU,Red Bull Racing,19.0,20.0,11.67,10.6,13.33,11.8,2.0,2.8,0.0,3.93,12
2025,22,Las_Vegas_Grand_Prix,VER,Red Bull Racing,2.0,2.0,2.33,2.0,8.33,5.6,18.33,19.6,16.0,0.89,1
2025,23,Qatar_Grand_Prix,ALB,Williams,15.0,14.0,11.5,12.75,15.0,16.6,0.0,0.0,,1.3,11
2025,23,Qatar_Grand_Prix,ALO,Aston Martin,8.0,8.0,12.5,10.5,10.67,10.4,0.0,1.4,-4.0,2.5,7
2025,23,Qatar_Grand_Prix,ANT,Mercedes,5.0,5.0,3.67,5.8,8.33,7.2,13.67,10.2,14.0,3.87,5
2025,23,Qatar_Grand_Prix,BEA,Haas F1 Team,13.0,13.0,6.67,7.6,10.33,9.6,7.0,5.0,4.0,2.24,R
2025,23,Qatar_Grand_Prix,BOR,Audi,14.0,19.0,10.0,15.0,17.33,16.4,0.33,0.2,,3.56,13
2025,23,Qatar_Grand_Prix,COL,Alpine,20.0,20.0,15.33,15.8,17.0,16.4,0.0,0.0,0.0,0.75,14
2025,23,Qatar_Grand_Prix,DOO,,,,,,,,,,,,
2025,23,Qatar_Grand_Prix,GAS,Alpine,9.0,9.0,12.67,15.2,12.33,14.0,0.33,0.2,-3.0,3.49,16
2025,23,Qatar_Grand_Prix,HAD,Racing Bulls,6.0,6.0,9.0,10.8,7.0,9.8,4.0,2.4,2.0,3.54,18
2025,23,Qatar_Grand_Prix,HAM,Ferrari,18.0,17.0,8.0,7.0,11.67,9.2,2.67,4.8,11.0,1.73,12
2025,23,Qatar_Grand_Prix,HUL,Audi,11.0,11.0,8.0,11.0,11.33,11.2,2.67,2.4,4.0,5.24,R
2025,23,Qatar_Grand_Prix,LAW,Racing Bulls,12.0,12.0,10.5,11.75,9.33,10.4,2.0,1.2,-8.0,3.11,9
2025,23,Qatar_Grand_Prix,LEC,Ferrari,10.0,10.0,3.0,3.75,4.67,4.8,10.0,10.6,5.0,1.48,8
2025,23,Qatar_Grand_Prix,NOR,McLaren,2.0,2.0,1.0,1.75,1.0,2.0,16.67,16.6,,0.83,4
2025,23,Qatar_Grand_Prix,OCO,Haas F1 Team,17.0,16.0,10.0,12.6,14.67,15.6,1.33,0.8,4.0,3.5,15
2025,23,Qatar_Grand_Prix,PIA,McLaren,1.0,1.0,5.0,4.75,5.33,5.0,6.67,8.4,,0.43,2
2025,23,Qatar_Grand_Prix,RUS,Mercedes,4.0,4.0,4.33,4.0,4.67,3.8,12.0,13.8,2.0,2.28,6
2025,23,Qatar_Grand_Prix,SAI,Williams,7.0,7.0,11.67,11.25,10.0,11.4,3.33,2.2,-2.0,4.38,3
2025,23,Qatar_Grand_Prix,STR,Aston Martin,19.0,18.0,15.0,13.75,15.0,15.8,0.0,0.0,,1.48,17
2025,23,Qatar_Grand_Prix,TSU,Red Bull Racing,16.0,15.0,13.33,11.8,15.67,14.6,0.0,1.2,8.0,3.19,10
2025,23,Qatar_Grand_Prix,VER,Red Bull Racing,3.0,3.0,2.33,2.0,8.67,5.8,18.33,19.6,1.0,0.89,1
2025,24,Abu_Dhabi_Grand_Prix,ALB,Williams,17.0,17.0,11.0,12.0,14.0,15.4,0.0,0.0,3.0,1.22,16
2025,24,Abu_Dhabi_Grand_Prix,ALO,Aston Martin,6.0,6.0,10.67,10.5,8.67,10.0,2.0,1.4,1.0,2.5,6
2025,24,Abu_Dhabi_Grand_Prix,ANT,Mercedes,14.0,14.0,3.33,5.8,8.0,7.4,14.33,10.2,0.0,3.87,15
2025,24,Abu_Dhabi_Grand_Prix,BEA,Haas F1 Team,11.0,11.0,8.0,7.25,11.67,10.4,3.0,4.6,,2.38,12
2025,24,Abu_Dhabi_Grand_Prix,BOR,Audi,7.0,7.0,13.0,13.67,18.33,17.4,0.0,0.2,6.0,3.3,11
2025,24,Abu_Dhabi_Grand_Prix,COL,Alpine,20.0,20.0,14.67,15.4,17.0,17.2,0.0,0.0,6.0,1.02,20
2025,24,Abu_Dhabi_Grand_Prix,DOO,,,,,,,,,,,,
2025,24,Abu_Dhabi_Grand_Prix,GAS,Alpine,19.0,19.0,13.0,14.6,9.33,12.0,0.33,0.2,-7.0,3.01,19
2025,24,Abu_Dhabi_Grand_Prix,HAD,Racing Bulls,9.0,9.0,10.67,12.2,6.33,9.4,4.0,2.4,-12.0,4.58,17
2025,24,Abu_Dhabi_Grand_Prix,HAM,Ferrari,16.0,16.0,10.0,8.0,16.33,11.4,1.33,4.0,5.0,2.83,8
2025,24,Abu_Dhabi_Grand_Prix,HUL,Audi,18.0,18.0,8.0,8.0,10.67,11.2,2.67,2.4,,0.82,9
2025,24,Abu_Dhabi_Grand_Prix,LAW,Racing Bulls,13.0,13.0,10.0,10.25,8.33,10.4,2.67,1.6,3.0,2.59,18
2025,24,Abu_Dhabi_Grand_Prix,LEC,Ferrari,5.0,5.0,6.0,4.25,7.33,5.4,5.33,9.8,2.0,2.28,4
2025,24,Abu_Dhabi_Grand_Prix,NOR,McLaren,2.0,2.0,2.5,2.0,1.33,1.4,12.33,16.0,-2.0,1.22,3
2025,24,Abu_Dhabi_Grand_Prix,OCO,Haas F1 Team,8.0,8.0,12.0,12.0,16.33,15.4,0.67,0.8,1.0,2.68,7
2025,24,Abu_Dhabi_Grand_Prix,PIA,McLaren,3.0,3.0,3.5,4.25,3.33,4.6,9.33,9.6,-1.0,1.3,2
2025,24,Abu_Dhabi_Grand_Prix,RUS,Mercedes,4.0,4.0,4.0,5.0,4.67,4.4,12.67,10.4,-2.0,1.79,5
2025,24,Abu_Dhabi_Grand_Prix,SAI,Williams,12.0,12.0,7.0,9.5,8.33,9.2,8.33,5.0,4.0,5.72,13
2025,24,Abu_Dhabi_Grand_Prix,STR,Aston Martin,15.0,15.0,16.5,14.75,14.67,16.4,0.0,0.0,1.0,1.92,10
2025,24,Abu_Dhabi_Grand_Prix,TSU,Red Bull Racing,10.0,10.0,13.0,11.4,17.33,15.0,0.33,1.4,5.0,3.26,14
2025,24,Abu_Dhabi_Grand_Prix,VER,Red Bull Racing,1.0,1.0,1.67,1.8,8.0,6.0,21.67,21.0,2.0,0.98,1
2026,1,Australian_Grand_Prix,ALB,Williams,15.0,15.0,13.5,12.5,15.67,15.2,0.0,0.0,1.0,2.06,12
2026,1,Australian_Grand_Prix,ALO,Aston Martin,17.0,17.0,8.0,9.5,7.0,9.2,4.67,2.8,0.0,3.2,R
2026,1,Australian_Grand_Prix,ANT,Mercedes,2.0,2.0,7.67,6.2,12.0,8.8,8.33,10.2,-1.0,4.62,2
2026,1,Australian_Grand_Prix,BEA,Haas F1 Team,12.0,12.0,11.0,8.0,12.67,11.0,0.33,4.2,-1.0,3.16,7
2026,1,Australian_Grand_Prix,BOR,Audi,10.0,10.0,12.0,11.33,14.67,15.6,0.0,0.2,-4.0,1.25,9
2026,1,Australian_Grand_Prix,BOT,Cadillac,19.0,19.0,14.5,14.0,13.67,13.4,0.0,0.0,,2.55,R
2026,1,Australian_Grand_Prix,COL,Alpine,16.0,16.0,16.33,16.0,18.33,18.2,0.0,0.0,0.0,2.1,14
2026,1,Australian_Grand_Prix,GAS,Alpine,14.0,14.0,16.0,14.6,12.67,13.0,0.0,0.2,0.0,3.01,10
2026,1,Australian_Grand_Prix,HAD,Red Bull Racing,3.0,3.0,13.67,12.4,7.67,7.2,2.67,2.4,-8.0,4.76,R
2026,1,Australian_Grand_Prix,HAM,Ferrari,7.0,7.0,9.33,9.0,17.33,13.6,2.67,2.4,8.0,1.73,4
2026,1,Australian_Grand_Prix,HUL,Audi,11.0,11.0,8.0,8.33,13.33,12.6,2.67,2.0,9.0,0.94,W
2026,1,Australian_Grand_Prix,LAW,Racing Bulls,8.0,8.0,13.67,12.0,10.33,10.6,0.67,1.6,-5.0,4.3,13
2026,1,Australian_Grand_Prix,LEC,Ferrari,4.0,4.0,5.33,4.5,8.0,5.8,9.33,9.2,1.0,2.18,3
2026,1,Australian_Grand_Prix,LIN,Racing Bulls,9.0,9.0,,,,,,,,,8
2026,1,Australian_Grand_Prix,NOR,McLaren,6.0,6.0,3.5,2.25,1.67,1.4,9.0,15.4,-1.0,1.3,5
2026,1,Australian_Grand_Prix,OCO,Haas F1 Team,13.0,13.0,10.33,10.4,12.33,13.6,2.67,2.0,1.0,2.8,11
2026,1,Australian_Grand_Prix,PER,Cadillac,18.0,18.0,10.0,12.67,11.33,12.8,0.33,0.2,,3.09,16
2026,1,Australian_Grand_Prix,PIA,McLaren,5.0,5.0,2.0,3.5,3.0,4.0,12.0,11.2,1.0,1.5,W
2026,1,Australian_Grand_Prix,RUS,Mercedes,1.0,1.0,4.33,4.8,4.0,4.4,12.0,10.8,-1.0,1.72,1
2026,1,Australian_Grand_Prix,SAI,Williams,,21.0,7.0,10.2,7.33,9.8,8.33,5.0,-1.0,5.31,15
2026,1,Australian_Grand_Prix,STR,Aston Martin,,22.0,13.5,14.25,15.0,15.6,0.33,0.2,5.0,2.68,R
2026,1,Australian_Grand_Prix,TSU,,,,12.0,12.8,15.0,14.4,0.33,0.2,-4.0,2.48,
2026,1,Australian_Grand_Prix,VER,Red Bull Racing,,20.0,1.0,1.8,2.0,6.0,25.0,21.0,0.0,0.98,6
2026,2,Chinese_Grand_Prix,ALB,Williams,18.0,22.0,13.0,12.5,15.33,14.8,0.0,0.0,3.0,2.06,W
2026,2,Chinese_Grand_Prix,ALO,Aston Martin,19.0,18.0,6.5,9.5,10.33,9.8,4.67,2.8,,3.2,R
2026,2,Chinese_Grand_Prix,ANT,Mercedes,1.0,1.0,7.33,5.4,7.0,8.0,9.33,12.2,0.0,4.92,1
2026,2,Chinese_Grand_Prix,BEA,Haas F1 Team,10.0,10.0,9.5,8.75,12.0,11.6,2.0,3.0,5.0,2.38,5
2026,2,Chinese_Grand_Prix,BOR,Audi,16.0,16.0,11.0,11.0,12.0,14.4,0.67,0.4,1.0,1.63,W
2026,2,Chinese_Grand_Prix,BOT,Cadillac,20.0,19.0,11.0,14.0,13.67,14.2,0.0,0.0,,2.94,13
2026,2,Chinese_Grand_Prix,COL,Alpine,12.0,12.0,16.0,15.6,18.67,17.4,0.0,0.0,2.0,2.24,10
2026,2,Chinese_Grand_Prix,GAS,Alpine,7.0,7.0,15.0,13.6,14.0,12.2,0.33,0.4,4.0,3.5,6
2026,2,Chinese_Grand_Prix,HAD,Red Bull Racing,9.0,9.0,17.5,12.25,6.0,6.2,0.0,2.4,,5.31,8
2026,2,Chinese_Grand_Prix,HAM,Ferrari,3.0,3.0,8.0,8.0,13.33,14.4,5.33,4.0,3.0,2.83,3
2026,2,Chinese_Grand_Prix,HUL,Audi,11.0,11.0,9.0,8.33,13.33,12.2,0.67,2.0,,0.94,11
2026,2,Chinese_Grand_Prix,LAW,Racing Bulls,14.0,14.0,13.33,12.2,11.0,9.2,0.67,1.6,-5.0,3.87,7
2026,2,Chinese_Grand_Prix,LEC,Ferrari,4.0,4.0,5.0,4.75,6.33,6.2,10.33,8.6,1.0,1.92,4
2026,2,Chinese_Grand_Prix,LIN,Racing Bulls,15.0,15.0,8.0,8.0,9.0,9.0,4.0,4.0,1.0,0.0,12
2026,2,Chinese_Grand_Prix,NOR,McLaren,6.0,6.0,4.0,3.25,3.33,2.4,12.33,12.4,1.0,1.48,W
2026,2,Chinese_Grand_Prix,OCO,Haas F1 Team,13.0,13.0,11.0,10.8,12.33,14.0,2.0,1.6,2.0,2.71,14
2026,2,Chinese_Grand_Prix,PER,Cadillac,22.0,21.0,16.0,12.33,12.33,12.8,0.0,0.2,2.0,2.62,15
2026,2,Chinese_Grand_Prix,PIA,McLaren,5.0,5.0,2.0,3.0,3.0,3.6,12.0,9.2,,1.41,W
2026,2,Chinese_Grand_Prix,RUS,Mercedes,2.0,2.0,4.0,3.6,3.0,3.8,14.33,14.6,0.0,1.85,2
2026,2,Chinese_Grand_Prix,SAI,Williams,17.0,17.0,10.33,9.8,13.33,11.6,5.0,5.0,6.0,4.83,9
2026,2,Chinese_Grand_Prix,STR,Aston Martin,21.0,20.0,13.5,14.33,18.33,16.2,0.33,0.2,,3.09,R
2026,2,Chinese_Grand_Prix,TSU,,,,12.0,13.25,12.5,15.5,0.5,0.25,,2.59,
2026,2,Chinese_Grand_Prix,VER,Red Bull Racing,8.0,8.0,2.67,2.4,8.0,9.0,19.33,19.6,14.0,1.96,R
2026,3,Japanese_Grand_Prix,ALB,Williams,17.0,17.0,14.0,13.0,18.0,16.8,0.0,0.0,,2.16,20
2026,3,Japanese_Grand_Prix,ALO,Aston Martin,21.0,21.0,6.0,8.0,13.67,11.2,2.67,2.8,,2.16,18
2026,3,Japanese_Grand_Prix,ANT,Mercedes,1.0,1.0,6.0,5.2,5.67,7.8,14.33,13.6,0.0,5.08,1
2026,3,Japanese_Grand_Prix,BEA,Haas F1 Team,18.0,18.0,8.0,8.5,11.0,12.0,5.33,3.4,5.0,2.69,R
2026,3,Japanese_Grand_Prix,BOR,Audi,9.0,9.0,10.0,11.0,11.0,14.0,0.67,0.4,,1.63,13
2026,3,Japanese_Grand_Prix,BOT,Cadillac,20.0,20.0,13.0,14.0,15.67,15.8,0.0,0.0,6.0,2.94,19
2026,3,Japanese_Grand_Prix,COL,Alpine,15.0,15.0,14.67,14.6,16.0,16.6,0.33,0.2,2.0,3.2,16
2026,3,Japanese_Grand_Prix,GAS,Alpine,7.0,7.0,11.67,12.8,13.33,11.8,3.0,1.8,1.0,4.53,7
2026,3,Japanese_Grand_Prix,HAD,Red Bull Racing,8.0,8.0,12.5,12.25,7.0,7.0,1.33,2.4,1.0,5.31,12
2026,3,Japanese_Grand_Prix,HAM,Ferrari,6.0,6.0,5.0,7.0,8.67,12.4,10.33,7.0,0.0,3.22,6
2026,3,Japanese_Grand_Prix,HUL,Audi,13.0,13.0,10.0,9.0,13.33,12.4,0.67,1.6,0.0,1.63,11
2026,3,Japanese_Grand_Prix,LAW,Racing Bulls,14.0,14.0,12.67,12.2,11.67,10.6,2.0,1.6,7.0,3.87,9
2026,3,Japanese_Grand_Prix,LEC,Ferrari,4.0,4.0,3.67,4.6,4.33,6.4,13.0,11.0,0.0,1.74,3
2026,3,Japanese_Grand_Prix,LIN,Racing Bulls,10.0,10.0,10.0,10.0,12.0,12.0,2.0,2.0,3.0,2.0,14
2026,3,Japanese_Grand_Prix,NOR,McLaren,5.0,5.0,4.0,4.0,4.67,3.4,8.33,7.4,,0.82,5
2026,3,Japanese_Grand_Prix,OCO,Haas F1 Team,12.0,12.0,10.67,11.2,11.33,12.6,2.0,1.6,-1.0,2.99,10
2026,3,Japanese_Grand_Prix,PER,Cadillac,19.0,19.0,15.5,13.67,16.33,14.6,0.0,0.2,6.0,2.62,17
2026,3,Japanese_Grand_Prix,PIA,McLaren,3.0,3.0,2.0,2.0,4.33,3.8,6.0,7.2,,0.0,2
2026,3,Japanese_Grand_Prix,RUS,Mercedes,2.0,2.0,2.67,3.2,2.33,3.0,17.67,15.8,0.0,1.94,4
2026,3,Japanese_Grand_Prix,SAI,Williams,16.0,16.0,12.33,9.0,16.67,12.0,0.67,5.4,8.0,4.56,15
2026,3,Japanese_Grand_Prix,STR,Aston Martin,22.0,22.0,10.0,13.5,19.0,17.4,0.33,0.2,,3.5,R
2026,3,Japanese_Grand_Prix,TSU,,,,14.0,12.0,10.0,15.0,0.0,0.33,,1.63,
2026,3,Japanese_Grand_Prix,VER,Red Bull Racing,11.0,11.0,3.5,2.25,9.67,6.8,11.0,16.6,,2.17,8
2026,4,Miami_Grand_Prix,ALB,Williams,15.0,15.0,16.0,14.75,18.0,17.0,0.0,0.0,-3.0,3.56,10
2026,4,Miami_Grand_Prix,ALO,Aston Martin,17.0,17.0,18.0,10.33,18.67,14.0,0.0,2.8,3.0,5.44,15
2026,4,Miami_Grand_Prix,ANT,Mercedes,1.0,1.0,1.33,4.8,1.33,4.6,22.67,15.6,0.0,5.31,1
2026,4,Miami_Grand_Prix,BEA,Haas F1 Team,12.0,12.0,6.0,8.0,13.33,12.8,5.33,3.2,,2.94,11
2026,4,Miami_Grand_Prix,BOR,Audi,21.0,21.0,11.0,11.5,11.67,12.2,0.67,0.4,-4.0,1.66,12
2026,4,Miami_Grand_Prix,BOT,Cadillac,19.0,19.0,16.0,14.33,19.33,16.0,0.0,0.0,1.0,3.4,18
2026,4,Miami_Grand_Prix,COL,Alpine,8.0,8.0,13.33,14.8,14.33,16.6,0.33,0.2,-1.0,3.25,7
2026,4,Miami_Grand_Prix,GAS,Alpine,9.0,9.0,7.67,11.6,9.33,11.2,5.0,3.0,0.0,5.08,R
2026,4,Miami_Grand_Prix,HAD,Red Bull Racing,22.0,22.0,10.0,13.75,6.67,7.0,1.33,0.8,-4.0,4.02,R
2026,4,Miami_Grand_Prix,HAM,Ferrari,6.0,6.0,4.33,6.6,5.33,9.8,11.67,7.8,0.0,3.2,6
2026,4,Miami_Grand_Prix,HUL,Audi,10.0,10.0,11.0,10.33,11.67,12.8,0.0,0.4,2.0,0.94,R
2026,4,Miami_Grand_Prix,LAW,Racing Bulls,11.0,11.0,9.67,11.2,12.0,12.2,2.67,2.0,5.0,3.92,R
2026,4,Miami_Grand_Prix,LEC,Ferrari,3.0,3.0,3.33,4.4,4.0,5.4,14.0,11.6,1.0,1.85,8
2026,4,Miami_Grand_Prix,LIN,Racing Bulls,16.0,16.0,11.33,11.33,11.33,11.33,1.33,1.33,-4.0,2.49,14
2026,4,Miami_Grand_Prix,NOR,McLaren,4.0,4.0,5.0,4.25,5.67,4.2,6.67,9.4,0.0,0.83,2
2026,4,Miami_Grand_Prix,OCO,Haas F1 Team,14.0,14.0,11.67,11.4,12.67,12.4,0.33,1.4,2.0,2.87,13
2026,4,Miami_Grand_Prix,PER,Cadillac,20.0,20.0,16.0,16.0,19.33,15.4,0.0,0.0,2.0,0.82,16
2026,4,Miami_Grand_Prix,PIA,McLaren,7.0,7.0,2.0,2.0,4.33,3.4,6.0,10.8,1.0,0.0,3
2026,4,Miami_Grand_Prix,RUS,Mercedes,5.0,5.0,2.33,3.6,1.67,2.6,18.33,14.6,-2.0,1.85,4
2026,4,Miami_Grand_Prix,SAI,Williams,13.0,13.0,13.0,11.0,18.0,14.6,0.67,3.4,1.0,4.56,9
2026,4,Miami_Grand_Prix,STR,Aston Martin,18.0,18.0,,13.5,21.33,19.4,0.0,0.2,,3.5,17
2026,4,Miami_Grand_Prix,TSU,,,,,12.0,,12.5,,0.5,,2.0,
2026,4,Miami_Grand_Prix,VER,Red Bull Racing,2.0,2.0,7.0,4.0,13.0,8.6,4.0,12.4,3.0,3.08,5
2026,5,Canadian_Grand_Prix,ALB,Williams,18.0,18.0,15.0,14.5,18.0,17.2,0.33,0.2,5.0,3.84,R
2026,5,Canadian_Grand_Prix,ALO,Aston Martin,19.0,19.0,16.5,13.0,18.67,15.8,0.0,1.6,2.0,5.1,R
2026,5,Canadian_Grand_Prix,ANT,Mercedes,2.0,2.0,1.0,4.0,1.0,3.8,25.0,18.6,0.0,5.51,1
2026,5,Canadian_Grand_Prix,BEA,Haas F1 Team,16.0,16.0,8.0,8.75,13.33,12.6,3.33,3.2,1.0,2.86,10
2026,5,Canadian_Grand_Prix,BOR,Audi,13.0,13.0,12.5,11.25,15.33,12.6,0.0,0.4,9.0,1.48,13
2026,5,Canadian_Grand_Prix,BOT,Cadillac,22.0,21.0,16.67,16.67,19.33,17.2,0.0,0.0,1.0,2.62,16
2026,5,Canadian_Grand_Prix,COL,Alpine,10.0,10.0,11.0,13.4,11.67,14.2,2.33,1.4,1.0,4.54,6
2026,5,Canadian_Grand_Prix,GAS,Alpine,14.0,14.0,6.5,10.5,7.67,11.2,4.67,3.0,,5.12,8
2026,5,Canadian_Grand_Prix,HAD,Red Bull Racing,7.0,7.0,10.0,12.33,13.0,10.2,1.33,0.8,,3.68,5
2026,5,Canadian_Grand_Prix,HAM,Ferrari,5.0,5.0,5.0,5.4,5.0,7.6,10.33,9.4,0.0,1.74,2
2026,5,Canadian_Grand_Prix,HUL,Audi,11.0,11.0,11.0,10.33,11.33,12.6,0.0,0.4,,0.94,12
2026,5,Canadian_Grand_Prix,LAW,Racing Bulls,12.0,12.0,8.0,11.75,13.0,12.0,2.67,1.6,,4.21,7
2026,5,Canadian_Grand_Prix,LEC,Ferrari,8.0,8.0,5.0,4.4,3.67,4.0,10.33,11.6,-5.0,1.85,4
2026,5,Canadian_Grand_Prix,LIN,Racing Bulls,9.0,9.0,13.33,12.0,13.67,12.5,0.0,1.0,2.0,2.45,W
2026,5,Canadian_Grand_Prix,NOR,McLaren,3.0,3.0,3.5,3.75,5.0,4.6,9.33,10.6,2.0,1.3,R
2026,5,Canadian_Grand_Prix,OCO,Haas F1 Team,17.0,17.0,12.33,11.0,13.0,12.0,0.33,1.4,1.0,2.45,14
2026,5,Canadian_Grand_Prix,PER,Cadillac,20.0,20.0,16.0,16.0,20.0,17.6,0.0,0.0,4.0,0.71,R
2026,5,Canadian_Grand_Prix,PIA,McLaren,4.0,4.0,2.5,2.33,5.0,4.6,11.0,10.2,4.0,0.47,11
2026,5,Canadian_Grand_Prix,RUS,Mercedes,1.0,1.0,3.33,3.2,3.0,2.8,14.0,15.4,1.0,1.47,R
2026,5,Canadian_Grand_Prix,SAI,Williams,15.0,15.0,11.0,12.2,15.33,15.8,1.33,0.8,4.0,2.71,9
2026,5,Canadian_Grand_Prix,STR,Aston Martin,21.0,22.0,17.0,13.5,20.0,19.4,0.0,0.2,1.0,3.5,15
2026,5,Canadian_Grand_Prix,TSU,,,,,14.0,,10.0,,0.0,,0.0,
2026,5,Canadian_Grand_Prix,VER,Red Bull Racing,6.0,6.0,6.5,5.0,7.0,8.4,4.67,9.4,-3.0,2.55,3
2026,6,Monaco_Grand_Prix,ALB,Williams,11.0,11.0,15.0,14.0,16.67,17.4,0.33,0.2,,4.32,8
2026,6,Monaco_Grand_Prix,ALO,Aston Martin,21.0,21.0,16.5,16.5,19.0,18.4,0.0,0.0,,1.5,10
2026,6,Monaco_Grand_Prix,ANT,Mercedes,1.0,1.0,1.0,1.2,1.33,1.4,25.0,23.6,1.0,0.4,1
2026,6,Monaco_Grand_Prix,BEA,Haas F1 Team,19.0,19.0,10.5,8.25,15.33,13.6,0.33,3.4,6.0,2.38,R
2026,6,Monaco_Grand_Prix,BOR,Audi,16.0,16.0,12.67,11.75,14.33,13.8,0.0,0.4,0.0,1.64,11
2026,6,Monaco_Grand_Prix,BOT,Cadillac,20.0,20.0,17.67,16.5,20.0,19.6,0.0,0.0,5.0,2.29,R
2026,6,Monaco_Grand_Prix,COL,Alpine,14.0,14.0,9.67,10.6,11.0,12.2,4.67,3.0,4.0,3.88,14
2026,6,Monaco_Grand_Prix,GAS,Alpine,9.0,9.0,7.5,7.75,10.0,10.2,3.33,3.8,6.0,1.48,3
2026,6,Monaco_Grand_Prix,HAD,Red Bull Racing,5.0,5.0,8.5,8.33,12.33,9.8,3.33,2.8,2.0,2.87,4
2026,6,Monaco_Grand_Prix,HAM,Ferrari,3.0,3.0,4.67,4.2,5.67,5.4,11.33,12.2,3.0,1.6,2
2026,6,Monaco_Grand_Prix,HUL,Audi,13.0,13.0,11.5,11.33,11.33,11.2,0.0,0.0,-1.0,0.47,13
2026,6,Monaco_Grand_Prix,LAW,Racing Bulls,10.0,10.0,8.0,9.0,12.33,11.8,2.67,2.8,5.0,2.45,6
2026,6,Monaco_Grand_Prix,LEC,Ferrari,4.0,4.0,5.0,4.4,5.0,4.6,10.33,11.6,4.0,1.85,R
2026,6,Monaco_Grand_Prix,LIN,Racing Bulls,15.0,15.0,14.0,12.0,11.67,11.8,0.0,0.8,,2.45,7
2026,6,Monaco_Grand_Prix,NOR,McLaren,8.0,8.0,3.5,4.0,4.0,4.8,9.33,7.6,,1.41,R
2026,6,Monaco_Grand_Prix,OCO,Haas F1 Team,17.0,17.0,12.33,12.4,14.33,13.8,0.33,0.2,3.0,1.62,9
2026,6,Monaco_Grand_Prix,PER,Cadillac,18.0,18.0,16.5,16.0,19.67,19.6,0.0,0.0,,0.71,15
2026,6,Monaco_Grand_Prix,PIA,McLaren,7.0,7.0,5.33,5.33,4.67,4.8,11.0,6.6,-7.0,4.03,5
2026,6,Monaco_Grand_Prix,RUS,Mercedes,6.0,6.0,4.0,2.75,2.67,2.2,8.0,13.4,,1.3,12
2026,6,Monaco_Grand_Prix,SAI,Williams,12.0,12.0,11.0,11.4,14.67,16.4,1.33,1.2,6.0,2.94,16
2026,6,Monaco_Grand_Prix,STR,Aston Martin,22.0,22.0,16.0,16.0,20.67,20.8,0.0,0.0,7.0,1.0,R
2026,6,Monaco_Grand_Prix,TSU,,,,,,,,,,,,
2026,6,Monaco_Grand_Prix,VER,Red Bull Racing,2.0,2.0,5.33,5.5,6.33,9.4,9.67,7.4,3.0,1.8,R
2026,7,Barcelona_Grand_Prix,ALB,Williams,18.0,18.0,9.0,12.67,14.67,16.6,1.67,1.0,3.0,5.25,R
2026,7,Barcelona_Grand_Prix,ALO,Aston Martin,22.0,22.0,12.5,14.33,19.0,19.2,0.33,0.2,11.0,3.3,R
2026,7,Barcelona_Grand_Prix,ANT,Mercedes,3.0,3.0,1.0,1.0,1.33,1.2,25.0,25.0,0.0,0.0,16
2026,7,Barcelona_Grand_Prix,BEA,Haas F1 Team,15.0,15.0,10.5,8.67,15.67,15.0,0.33,2.2,,2.62,17
2026,7,Barcelona_Grand_Prix,BOR,Audi,12.0,12.0,12.0,12.25,16.67,15.0,0.0,0.0,5.0,0.83,11
2026,7,Barcelona_Grand_Prix,BOT,Cadillac,20.0,20.0,17.0,16.5,20.0,19.8,0.0,0.0,,2.29,R
2026,7,Barcelona_Grand_Prix,COL,Alpine,13.0,13.0,9.0,10.6,10.67,11.8,4.67,3.0,0.0,3.88,10
2026,7,Barcelona_Grand_Prix,GAS,Alpine,14.0,14.0,5.5,6.0,10.67,9.2,6.33,6.6,6.0,1.87,7
2026,7,Barcelona_Grand_Prix,HAD,Red Bull Racing,6.0,6.0,4.5,7.25,11.33,10.2,7.33,5.2,1.0,3.11,6
2026,7,Barcelona_Grand_Prix,HAM,Ferrari,2.0,2.0,3.33,3.8,4.67,4.6,14.67,13.4,1.0,1.83,1
2026,7,Barcelona_Grand_Prix,HUL,Audi,9.0,9.0,12.5,11.75,11.33,11.6,0.0,0.0,0.0,0.83,R
2026,7,Barcelona_Grand_Prix,LAW,Racing Bulls,8.0,8.0,6.5,7.25,11.0,12.2,4.67,4.4,4.0,1.09,8
2026,7,Barcelona_Grand_Prix,LEC,Ferrari,10.0,10.0,6.0,4.75,5.0,4.6,5.33,8.6,,1.92,15
2026,7,Barcelona_Grand_Prix,LIN,Racing Bulls,11.0,11.0,10.5,11.75,13.33,13.0,2.0,1.2,8.0,2.86,9
2026,7,Barcelona_Grand_Prix,NOR,McLaren,4.0,4.0,2.0,3.5,5.0,5.2,6.0,5.6,,1.5,3
2026,7,Barcelona_Grand_Prix,OCO,Haas F1 Team,17.0,17.0,12.0,12.0,16.0,14.6,0.67,0.6,8.0,2.1,13
2026,7,Barcelona_Grand_Prix,PER,Cadillac,19.0,19.0,15.5,15.75,19.33,19.6,0.0,0.0,3.0,0.83,14
2026,7,Barcelona_Grand_Prix,PIA,McLaren,7.0,7.0,6.33,5.25,6.0,5.2,8.33,8.6,2.0,3.49,5
2026,7,Barcelona_Grand_Prix,RUS,Mercedes,1.0,1.0,8.0,5.5,4.0,3.2,4.0,8.4,-6.0,3.84,2
2026,7,Barcelona_Grand_Prix,SAI,Williams,16.0,16.0,11.33,11.6,13.33,14.6,1.33,1.2,-4.0,3.2,12
2026,7,Barcelona_Grand_Prix,STR,Aston Martin,21.0,21.0,16.0,16.0,20.67,20.8,0.0,0.0,,1.0,R
2026,7,Barcelona_Grand_Prix,TSU,,,,,,,,,,,,
2026,7,Barcelona_Grand_Prix,VER,Red Bull Racing,5.0,5.0,4.0,5.33,3.33,5.8,8.33,5.8,,2.05,4
2026,8,Austrian_Grand_Prix,ALB,Williams,18.0,18.0,8.0,12.67,15.67,15.8,1.33,1.0,,5.25,17
2026,8,Austrian_Grand_Prix,ALO,Aston Martin,21.0,21.0,10.0,14.33,20.67,20.0,0.33,0.2,,3.3,18
2026,8,Austrian_Grand_Prix,ANT,Mercedes,4.0,4.0,6.0,4.0,2.0,1.6,16.67,20.0,-13.0,6.0,3
2026,8,Austrian_Grand_Prix,BEA,Haas F1 Team,13.0,13.0,13.5,12.67,16.67,16.0,0.33,0.2,-2.0,3.09,14
2026,8,Austrian_Grand_Prix,BOR,Audi,12.0,12.0,11.67,12.0,13.67,14.2,0.0,0.0,1.0,0.89,11
2026,8,Austrian_Grand_Prix,BOT,Cadillac,20.0,20.0,16.0,17.67,20.33,20.0,0.0,0.0,,1.25,R
2026,8,Austrian_Grand_Prix,COL,Alpine,16.0,16.0,10.0,10.6,12.33,12.0,3.0,3.0,3.0,3.88,15
2026,8,Austrian_Grand_Prix,GAS,Alpine,11.0,11.0,6.0,6.25,12.33,10.6,8.33,6.2,7.0,1.92,13
2026,8,Austrian_Grand_Prix,HAD,Red Bull Racing,8.0,8.0,5.0,6.75,6.0,9.6,10.0,6.0,0.0,3.11,6
2026,8,Austrian_Grand_Prix,HAM,Ferrari,3.0,3.0,1.67,3.4,3.33,4.4,20.33,15.4,1.0,2.15,5
2026,8,Austrian_Grand_Prix,HUL,Audi,14.0,14.0,12.5,12.0,11.0,11.2,0.0,0.0,,0.82,12
2026,8,Austrian_Grand_Prix,LAW,Racing Bulls,9.0,9.0,7.0,7.5,10.0,11.0,6.0,4.0,0.0,1.12,9
2026,8,Austrian_Grand_Prix,LEC,Ferrari,2.0,2.0,9.5,7.5,7.33,5.8,4.0,6.2,-5.0,4.72,8
2026,8,Austrian_Grand_Prix,LIN,Racing Bulls,10.0,10.0,8.0,11.0,11.67,12.2,2.67,1.6,2.0,3.08,10
2026,8,Austrian_Grand_Prix,NOR,McLaren,6.0,6.0,3.0,3.33,5.0,4.8,5.0,8.6,1.0,1.25,7
2026,8,Austrian_Grand_Prix,OCO,Haas F1 Team,15.0,15.0,12.0,11.8,17.0,15.4,0.67,0.6,4.0,1.94,16
2026,8,Austrian_Grand_Prix,PER,Cadillac,19.0,19.0,14.5,15.5,19.0,19.2,0.0,0.0,5.0,1.12,R
2026,8,Austrian_Grand_Prix,PIA,McLaren,7.0,7.0,7.0,5.2,6.0,5.6,6.67,10.6,2.0,3.12,4
2026,8,Austrian_Grand_Prix,RUS,Mercedes,1.0,1.0,7.0,5.5,2.67,3.0,6.0,8.4,-1.0,3.84,1
2026,8,Austrian_Grand_Prix,SAI,Williams,17.0,17.0,12.33,12.2,14.33,14.4,0.67,0.8,4.0,2.93,R
2026,8,Austrian_Grand_Prix,STR,Aston Martin,22.0,22.0,15.0,16.0,21.67,21.0,0.0,0.0,,1.0,R
2026,8,Austrian_Grand_Prix,TSU,,,,,,,,,,,,
2026,8,Austrian_Grand_Prix,VER,Red Bull Racing,5.0,5.0,3.5,5.0,4.33,5.2,9.0,8.2,1.0,1.87,2
2026,9,British_Grand_Prix,ALB,Williams,16.0,16.0,12.5,11.67,15.67,16.0,1.33,1.0,1.0,3.86,R
2026,9,British_Grand_Prix,ALO,Aston Martin,22.0,21.0,14.0,14.33,21.33,20.0,0.33,0.2,3.0,3.3,18
2026,9,British_Grand_Prix,ANT,Mercedes,1.0,1.0,6.67,4.4,2.67,2.2,13.33,18.0,1.0,5.85,15
2026,9,British_Grand_Prix,BEA,Haas F1 Team,14.0,13.0,15.5,13.0,15.67,15.0,0.0,0.2,-1.0,2.74,12
2026,9,British_Grand_Prix,BOR,Audi,11.0,11.0,11.0,11.6,13.33,14.8,0.0,0.0,1.0,0.8,8
2026,9,British_Grand_Prix,BOT,Cadillac,18.0,18.0,,17.0,20.0,20.0,0.0,0.0,,1.0,16
2026,9,British_Grand_Prix,COL,Alpine,19.0,19.0,13.0,10.4,14.33,12.2,0.33,3.0,1.0,3.61,9
2026,9,British_Grand_Prix,GAS,Alpine,12.0,15.0,7.67,7.75,11.33,11.4,7.0,5.0,-2.0,3.56,10
2026,9,British_Grand_Prix,HAD,Red Bull Racing,5.0,5.0,5.33,5.25,6.33,9.6,9.33,7.6,2.0,0.83,5
2026,9,British_Grand_Prix,HAM,Ferrari,3.0,3.0,2.67,3.2,2.67,3.8,17.67,15.8,-2.0,1.94,3
2026,9,British_Grand_Prix,HUL,Audi,13.0,12.0,12.5,12.33,12.0,11.4,0.0,0.0,2.0,0.47,R
2026,9,British_Grand_Prix,LAW,Racing Bulls,10.0,10.0,7.67,7.5,9.0,10.0,4.67,4.0,0.0,1.12,6
2026,9,British_Grand_Prix,LEC,Ferrari,2.0,2.0,11.5,8.75,5.33,5.4,1.33,4.0,-6.0,3.96,1
2026,9,British_Grand_Prix,LIN,Racing Bulls,9.0,9.0,8.67,10.0,12.0,12.2,3.0,1.8,0.0,2.55,7
2026,9,British_Grand_Prix,NOR,McLaren,6.0,6.0,5.0,4.0,6.0,5.0,7.0,7.8,-1.0,2.16,4
2026,9,British_Grand_Prix,OCO,Haas F1 Team,17.0,17.0,12.67,13.0,16.33,16.0,0.67,0.4,-1.0,2.28,13
2026,9,British_Grand_Prix,PER,Cadillac,20.0,20.0,14.5,15.0,18.67,19.2,0.0,0.0,,0.82,14
2026,9,British_Grand_Prix,PIA,McLaren,8.0,8.0,4.67,5.6,7.0,6.4,10.67,9.4,3.0,2.8,11
2026,9,British_Grand_Prix,RUS,Mercedes,4.0,4.0,5.0,4.75,2.67,2.8,14.33,11.0,0.0,4.32,2
2026,9,British_Grand_Prix,SAI,Williams,15.0,14.0,14.0,11.5,15.0,14.6,0.0,0.8,,2.87,17
2026,9,British_Grand_Prix,STR,Aston Martin,21.0,22.0,,16.0,21.67,21.0,0.0,0.0,,1.0,19
2026,9,British_Grand_Prix,TSU,,,,,,,,,,,,
2026,9,British_Grand_Prix,VER,Red Bull Racing,7.0,7.0,3.0,3.5,4.0,4.0,10.0,11.0,3.0,1.12,20
2026,10,Belgian_Grand_Prix,ALB,Williams,17.0,15.0,17.0,12.5,17.33,16.2,0.0,0.8,,4.5,15
2026,10,Belgian_Grand_Prix,ALO,Aston Martin,21.0,22.0,18.0,15.33,21.33,20.8,0.0,0.2,3.0,3.77,19
2026,10,Belgian_Grand_Prix,ANT,Mercedes,1.0,1.0,11.33,7.2,2.67,2.2,5.0,13.0,-14.0,6.82,1
2026,10,Belgian_Grand_Prix,BEA,Haas F1 Team,16.0,14.0,14.33,13.25,13.67,15.2,0.0,0.2,1.0,2.59,14
2026,10,Belgian_Grand_Prix,BOR,Audi,9.0,8.0,10.0,10.8,11.67,12.8,1.33,0.8,3.0,1.6,8
2026,10,Belgian_Grand_Prix,BOT,Cadillac,19.0,17.0,16.0,16.0,19.33,19.8,0.0,0.0,2.0,0.0,18
2026,10,Belgian_Grand_Prix,COL,Alpine,13.0,11.0,11.33,10.8,16.0,14.4,1.0,2.2,10.0,3.31,10
2026,10,Belgian_Grand_Prix,GAS,Alpine,12.0,10.0,10.0,8.2,13.33,12.6,2.33,5.2,5.0,3.31,11
2026,10,Belgian_Grand_Prix,HAD,Red Bull Racing,10.0,21.0,5.67,5.2,6.33,6.2,8.67,9.6,0.0,0.75,6
2026,10,Belgian_Grand_Prix,HAM,Ferrari,6.0,5.0,3.0,2.6,2.67,3.2,16.67,17.2,0.0,1.36,4
2026,10,Belgian_Grand_Prix,HUL,Audi,14.0,12.0,12.0,12.33,11.67,11.8,0.0,0.0,,0.47,13
2026,10,Belgian_Grand_Prix,LAW,Racing Bulls,11.0,9.0,7.67,7.2,9.0,9.8,4.67,5.6,4.0,1.17,12
2026,10,Belgian_Grand_Prix,LEC,Ferrari,5.0,4.0,8.0,7.0,4.67,5.2,9.67,8.2,1.0,5.24,2
2026,10,Belgian_Grand_Prix,LIN,Racing Bulls,8.0,7.0,8.67,8.25,10.0,10.8,3.0,3.0,2.0,1.3,9
2026,10,Belgian_Grand_Prix,NOR,McLaren,3.0,13.0,4.67,4.67,5.33,5.4,11.0,6.6,2.0,1.7,7
2026,10,Belgian_Grand_Prix,OCO,Haas F1 Team,18.0,16.0,14.0,13.0,16.33,16.6,0.0,0.4,4.0,2.28,17
2026,10,Belgian_Grand_Prix,PER,Cadillac,20.0,18.0,14.0,14.33,19.33,19.2,0.0,0.0,6.0,0.47,R
2026,10,Belgian_Grand_Prix,PIA,McLaren,7.0,6.0,6.67,7.2,7.33,6.6,7.33,6.4,-3.0,3.12,5
2026,10,Belgian_Grand_Prix,RUS,Mercedes,4.0,3.0,1.67,4.25,2.0,2.6,20.33,12.2,2.0,4.49,R
2026,10,Belgian_Grand_Prix,SAI,Williams,15.0,19.0,14.5,13.5,15.67,14.8,0.0,0.4,-3.0,3.2,16
2026,10,Belgian_Grand_Prix,STR,Aston Martin,22.0,20.0,19.0,17.0,21.67,21.8,0.0,0.0,3.0,2.0,R
2026,10,Belgian_Grand_Prix,TSU,,,,,,,,,,,,
2026,10,Belgian_Grand_Prix,VER,Red Bull Racing,2.0,2.0,8.67,7.25,5.67,5.0,10.0,9.0,-13.0,7.4,3
2026,11,Hungarian_Grand_Prix,ALB,Williams,19.0,19.0,16.0,13.33,16.33,15.6,0.0,0.8,0.0,3.86,17
2026,11,Hungarian_Grand_Prix,ALO,Aston Martin,16.0,16.0,18.33,16.25,21.33,21.4,0.0,0.2,3.0,3.63,14
2026,11,Hungarian_Grand_Prix,ANT,Mercedes,4.0,7.0,6.33,7.2,2.0,2.0,13.33,13.0,0.0,6.82,3
2026,11,Hungarian_Grand_Prix,BEA,Haas F1 Team,17.0,17.0,13.33,14.25,13.33,14.8,0.0,0.0,0.0,1.79,19
2026,11,Hungarian_Grand_Prix,BOR,Audi,14.0,14.0,9.0,9.8,10.33,11.8,2.67,1.6,0.0,1.47,11
2026,11,Hungarian_Grand_Prix,BOT,Cadillac,21.0,21.0,17.0,17.0,18.33,19.0,0.0,0.0,-1.0,1.0,R
2026,11,Hungarian_Grand_Prix,COL,Alpine,13.0,13.0,11.33,11.6,15.33,14.6,1.0,0.8,1.0,2.42,15
2026,11,Hungarian_Grand_Prix,GAS,Alpine,12.0,12.0,11.33,8.8,12.0,11.8,0.33,4.4,-1.0,3.49,12
2026,11,Hungarian_Grand_Prix,HAD,Red Bull Racing,8.0,8.0,5.67,5.4,11.33,9.0,8.67,9.2,15.0,0.8,6
2026,11,Hungarian_Grand_Prix,HAM,Ferrari,2.0,5.0,4.0,3.0,3.67,3.2,12.33,16.0,1.0,1.41,5
2026,11,Hungarian_Grand_Prix,HUL,Audi,10.0,10.0,12.5,12.67,12.67,12.0,0.0,0.0,-1.0,0.47,9
2026,11,Hungarian_Grand_Prix,LAW,Racing Bulls,11.0,11.0,9.0,8.2,9.33,9.2,3.33,4.4,-3.0,2.23,8
2026,11,Hungarian_Grand_Prix,LEC,Ferrari,3.0,2.0,3.67,6.5,2.67,4.4,15.67,9.4,2.0,5.59,4
2026,11,Hungarian_Grand_Prix,LIN,Racing Bulls,9.0,9.0,8.67,8.4,8.67,10.4,3.0,3.4,-2.0,1.2,10
2026,11,Hungarian_Grand_Prix,NOR,McLaren,1.0,1.0,6.0,5.25,8.33,7.4,8.0,7.8,6.0,1.79,1
2026,11,Hungarian_Grand_Prix,OCO,Haas F1 Team,15.0,15.0,15.33,13.6,16.0,16.4,0.0,0.4,-1.0,2.8,16
2026,11,Hungarian_Grand_Prix,PER,Cadillac,22.0,22.0,14.0,14.33,19.0,18.8,0.0,0.0,,0.47,R
2026,11,Hungarian_Grand_Prix,PIA,McLaren,5.0,3.0,6.67,6.0,7.0,7.0,7.33,8.4,1.0,2.53,R
2026,11,Hungarian_Grand_Prix,RUS,Mercedes,7.0,6.0,1.5,4.25,2.67,3.0,14.33,12.2,,4.49,7
2026,11,Hungarian_Grand_Prix,SAI,Williams,18.0,18.0,16.5,15.25,16.67,15.6,0.0,0.0,3.0,1.92,18
2026,11,Hungarian_Grand_Prix,STR,Aston Martin,20.0,20.0,19.0,19.0,21.33,21.4,0.0,0.0,,0.0,13
2026,11,Hungarian_Grand_Prix,TSU,,,,,,,,,,,,
2026,11,Hungarian_Grand_Prix,VER,Red Bull Racing,6.0,4.0,8.33,7.25,4.67,4.2,11.0,9.0,-1.0,7.4,2
2026,12,Dutch_Grand_Prix,ALB,Williams,16.0,16.0,16.0,16.33,16.67,17.2,0.0,0.0,2.0,0.94,17
2026,12,Dutch_Grand_Prix,ALO,Aston Martin,18.0,18.0,17.0,17.25,19.67,20.4,0.0,0.0,2.0,1.92,9
2026,12,Dutch_Grand_Prix,ANT,Mercedes,3.0,3.0,6.33,7.6,3.0,3.2,13.33,11.0,4.0,6.5,2
2026,12,Dutch_Grand_Prix,BEA,Haas F1 Team,20.0,20.0,15.0,15.2,14.67,14.4,0.0,0.0,-2.0,2.48,R
2026,12,Dutch_Grand_Prix,BOR,Audi,9.0,9.0,9.0,9.8,11.0,11.4,2.67,1.6,3.0,1.47,13
2026,12,Dutch_Grand_Prix,BOT,Cadillac,21.0,21.0,17.0,17.0,18.67,19.2,0.0,0.0,,1.0,R
2026,12,Dutch_Grand_Prix,COL,Alpine,14.0,14.0,11.33,11.8,14.33,14.4,1.0,0.8,-2.0,2.64,14
2026,12,Dutch_Grand_Prix,GAS,Alpine,11.0,11.0,11.0,10.6,12.33,12.4,0.33,1.4,0.0,2.06,10
2026,12,Dutch_Grand_Prix,HAD,,,,5.67,5.8,11.33,9.6,8.67,8.4,2.0,0.4,
2026,12,Dutch_Grand_Prix,HAM,Ferrari,5.0,5.0,4.0,3.6,4.33,3.6,12.33,14.4,0.0,1.5,4
2026,12,Dutch_Grand_Prix,HUL,Audi,13.0,13.0,11.0,11.33,11.33,11.4,0.67,0.4,1.0,1.7,8
2026,12,Dutch_Grand_Prix,LAW,Red Bull Racing,8.0,8.0,8.67,8.6,10.0,9.4,4.0,3.6,3.0,1.96,7
2026,12,Dutch_Grand_Prix,LEC,Ferrari,6.0,6.0,2.33,6.0,2.67,4.0,18.33,11.8,-2.0,5.1,5
2026,12,Dutch_Grand_Prix,LIN,Racing Bulls,10.0,10.0,8.67,9.0,8.33,9.2,3.0,2.4,-1.0,1.1,12
2026,12,Dutch_Grand_Prix,NOR,McLaren,1.0,1.0,4.0,4.4,6.67,6.0,14.33,12.8,0.0,2.33,1
2026,12,Dutch_Grand_Prix,OCO,Haas F1 Team,15.0,15.0,15.33,15.0,16.0,16.0,0.0,0.0,-1.0,1.67,R
2026,12,Dutch_Grand_Prix,PER,Cadillac,22.0,22.0,14.0,14.0,20.0,19.6,0.0,0.0,,0.0,15
2026,12,Dutch_Grand_Prix,PIA,McLaren,4.0,4.0,8.0,6.25,5.67,6.2,3.33,6.4,,2.77,6
2026,12,Dutch_Grand_Prix,RUS,Mercedes,2.0,2.0,4.5,3.0,4.33,3.0,8.0,13.4,-1.0,2.35,3
2026,12,Dutch_Grand_Prix,SAI,Williams,17.0,17.0,17.0,15.75,17.0,16.8,0.0,0.0,0.0,2.28,16
2026,12,Dutch_Grand_Prix,STR,Aston Martin,19.0,19.0,16.0,16.0,20.67,21.0,0.0,0.0,7.0,3.0,R
2026,12,Dutch_Grand_Prix,TSU,Racing Bulls,12.0,12.0,,,,,,,,,11
2026,12,Dutch_Grand_Prix,VER,Red Bull Racing,7.0,7.0,8.33,6.2,4.33,4.6,11.0,12.6,2.0,6.94,R
2026,13,Italian_Grand_Prix,ALB,Williams,18.0,20.0,16.33,16.5,16.67,16.8,0.0,0.0,-1.0,0.87,17
2026,13,Italian_Grand_Prix,ALO,Aston Martin,21.0,21.0,14.0,15.6,18.67,19.6,0.67,0.4,9.0,3.72,R
2026,13,Italian_Grand_Prix,ANT,Mercedes,7.0,19.0,2.0,4.8,3.67,3.2,19.33,14.6,1.0,5.15,1
2026,13,Italian_Grand_Prix,BEA,Haas F1 Team,12.0,11.0,16.5,14.75,17.0,15.4,0.0,0.0,,2.59,15
2026,13,Italian_Grand_Prix,BOR,Audi,11.0,10.0,10.67,10.2,10.33,10.8,1.33,1.6,-4.0,1.94,11
2026,13,Italian_Grand_Prix,BOT,Cadillac,19.0,16.0,18.0,17.0,19.67,19.4,0.0,0.0,,1.0,19
2026,13,Italian_Grand_Prix,COL,Alpine,8.0,7.0,13.0,12.6,12.67,14.6,0.33,0.6,0.0,2.58,9
2026,13,Italian_Grand_Prix,GAS,Alpine,1.0,1.0,11.0,11.2,11.0,11.8,0.33,0.4,1.0,1.17,7
2026,13,Italian_Grand_Prix,HAD,,,,6.0,5.75,14.5,10.5,8.0,8.5,,0.43,
2026,13,Italian_Grand_Prix,HAM,Ferrari,5.0,4.0,4.33,4.2,5.0,4.2,11.33,11.8,1.0,0.75,6
2026,13,Italian_Grand_Prix,HUL,Audi,13.0,12.0,10.0,10.5,11.67,12.2,2.0,1.2,5.0,2.06,12
2026,13,Italian_Grand_Prix,LAW,Red Bull Racing,14.0,22.0,9.0,8.4,9.33,9.4,3.33,4.0,1.0,2.06,14
2026,13,Italian_Grand_Prix,LEC,Ferrari,4.0,3.0,3.67,4.0,4.0,3.2,13.33,13.8,1.0,2.45,R
2026,13,Italian_Grand_Prix,LIN,Racing Bulls,10.0,9.0,10.33,9.6,8.67,9.0,1.0,2.0,-2.0,1.62,8
2026,13,Italian_Grand_Prix,NOR,McLaren,9.0,8.0,3.0,4.0,5.0,5.4,18.67,14.8,0.0,2.68,4
2026,13,Italian_Grand_Prix,OCO,Haas F1 Team,16.0,14.0,16.5,15.5,15.33,15.6,0.0,0.0,,1.5,16
2026,13,Italian_Grand_Prix,PER,Cadillac,20.0,17.0,15.0,14.5,20.67,20.2,0.0,0.0,7.0,0.5,18
2026,13,Italian_Grand_Prix,PIA,McLaren,3.0,6.0,5.5,6.5,4.33,5.6,6.0,6.0,-2.0,2.69,5
2026,13,Italian_Grand_Prix,RUS,Mercedes,2.0,2.0,5.0,3.25,3.67,3.2,7.0,12.8,-1.0,2.28,2
2026,13,Italian_Grand_Prix,SAI,Williams,15.0,13.0,16.67,16.75,18.0,17.0,0.0,0.0,1.0,0.83,13
2026,13,Italian_Grand_Prix,STR,Aston Martin,22.0,18.0,13.0,16.0,19.67,20.6,0.0,0.0,,3.0,R
2026,13,Italian_Grand_Prix,TSU,Racing Bulls,17.0,15.0,11.0,11.0,12.0,12.0,0.0,0.0,1.0,0.0,10
2026,13,Italian_Grand_Prix,VER,Red Bull Racing,6.0,5.0,2.5,6.75,4.33,5.0,11.0,10.2,,7.66,3
